"time","id","x","y","z","depth","number","behaviour_event","value","type_event","fps","behaviour","type","location","place","raw","date"
2016-08-09 16:14:17.000,1,-0.052,0.452,0.986,0.71,1,"1.sitting",1,"1.Resting",46275,"sitting","Resting","land","land","","2016-08-09 16:14:17"
2016-08-09 16:14:17.060,1,0.127235294117647,0.393117647058824,0.884529411764706,0.71,1,"1.sitting",1,"1.Resting",46293,"sitting","Resting","land","land","","2016-08-09 16:14:17"
2016-08-09 16:14:17.121,1,0.123470588235294,0.395235294117647,0.888058823529412,0.71,1,"1.sitting",1,"1.Resting",46293,"sitting","Resting","land","land","","2016-08-09 16:14:17"
2016-08-09 16:14:17.182,1,0.119705882352941,0.397352941176471,0.891588235294118,0.71,1,"1.sitting",1,"1.Resting",46293,"sitting","Resting","land","land","","2016-08-09 16:14:17"
2016-08-09 16:14:17.243,1,0.115941176470588,0.399470588235294,0.895117647058824,0.71,1,"1.sitting",1,"1.Resting",46293,"sitting","Resting","land","land","","2016-08-09 16:14:17"
2016-08-09 16:14:17.304,1,0.112176470588235,0.401588235294118,0.898647058823529,0.71,1,"1.sitting",1,"1.Resting",46293,"sitting","Resting","land","land","","2016-08-09 16:14:17"
2016-08-09 16:14:17.364,1,0.108411764705882,0.403705882352941,0.902176470588235,0.71,1,"1.sitting",1,"1.Resting",46293,"sitting","Resting","land","land","","2016-08-09 16:14:17"
2016-08-09 16:14:17.425,1,0.104647058823529,0.405823529411765,0.905705882352941,0.71,1,"1.sitting",1,"1.Resting",46293,"sitting","Resting","land","land","","2016-08-09 16:14:17"
2016-08-09 16:14:17.486,1,0.100882352941176,0.407941176470588,0.909235294117647,0.71,1,"1.sitting",1,"1.Resting",46293,"sitting","Resting","land","land","","2016-08-09 16:14:17"
2016-08-09 16:14:17.547,1,0.0971176470588235,0.410058823529412,0.912764705882353,0.71,1,"1.sitting",1,"1.Resting",46293,"sitting","Resting","land","land","","2016-08-09 16:14:17"
2016-08-09 16:14:17.608,1,0.0933529411764706,0.412176470588235,0.916294117647059,0.71,1,"1.sitting",1,"1.Resting",46293,"sitting","Resting","land","land","","2016-08-09 16:14:17"
2016-08-09 16:14:17.669,1,0.0895882352941176,0.414294117647059,0.919823529411765,0.71,1,"1.sitting",1,"1.Resting",46293,"sitting","Resting","land","land","","2016-08-09 16:14:17"
2016-08-09 16:14:17.729,1,0.0858235294117647,0.416411764705882,0.923352941176471,0.71,1,"1.sitting",1,"1.Resting",46293,"sitting","Resting","land","land","","2016-08-09 16:14:17"
2016-08-09 16:14:17.790,1,0.0820588235294118,0.418529411764706,0.926882352941176,0.71,1,"1.sitting",1,"1.Resting",46293,"sitting","Resting","land","land","","2016-08-09 16:14:17"
2016-08-09 16:14:17.851,1,0.0782941176470588,0.420647058823529,0.930411764705882,0.71,1,"1.sitting",1,"1.Resting",46293,"sitting","Resting","land","land","","2016-08-09 16:14:17"
2016-08-09 16:14:17.912,1,0.0745294117647059,0.422764705882353,0.933941176470588,0.71,1,"1.sitting",1,"1.Resting",46293,"sitting","Resting","land","land","","2016-08-09 16:14:17"
2016-08-09 16:14:17.973,1,0.070764705882353,0.424882352941176,0.937470588235294,0.71,1,"1.sitting",1,"1.Resting",46293,"sitting","Resting","land","land","","2016-08-09 16:14:17"
2016-08-09 16:14:18.033,1,0.107058823529412,0.386058823529412,0.943764705882353,0.71,1,"1.sitting",1,"1.Resting",46312,"sitting","Resting","land","land","","2016-08-09 16:14:18"
2016-08-09 16:14:18.094,1,0.108117647058824,0.384117647058824,0.939529411764706,0.71,1,"1.sitting",1,"1.Resting",46312,"sitting","Resting","land","land","","2016-08-09 16:14:18"
2016-08-09 16:14:18.155,1,0.109176470588235,0.382176470588235,0.935294117647059,0.71,1,"1.sitting",1,"1.Resting",46312,"sitting","Resting","land","land","","2016-08-09 16:14:18"
2016-08-09 16:14:18.216,1,0.110235294117647,0.380235294117647,0.931058823529412,0.71,1,"1.sitting",1,"1.Resting",46312,"sitting","Resting","land","land","","2016-08-09 16:14:18"
2016-08-09 16:14:18.277,1,0.111294117647059,0.378294117647059,0.926823529411765,0.71,1,"1.sitting",1,"1.Resting",46312,"sitting","Resting","land","land","","2016-08-09 16:14:18"
2016-08-09 16:14:18.338,1,0.112352941176471,0.376352941176471,0.922588235294118,0.71,1,"1.sitting",1,"1.Resting",46312,"sitting","Resting","land","land","","2016-08-09 16:14:18"
2016-08-09 16:14:18.398,1,0.113411764705882,0.374411764705882,0.918352941176471,0.71,1,"1.sitting",1,"1.Resting",46312,"sitting","Resting","land","land","","2016-08-09 16:14:18"
2016-08-09 16:14:18.459,1,0.114470588235294,0.372470588235294,0.914117647058823,0.71,1,"1.sitting",1,"1.Resting",46312,"sitting","Resting","land","land","","2016-08-09 16:14:18"
2016-08-09 16:14:18.520,1,0.115529411764706,0.370529411764706,0.909882352941176,0.71,1,"1.sitting",1,"1.Resting",46312,"sitting","Resting","land","land","","2016-08-09 16:14:18"
2016-08-09 16:14:18.581,1,0.116588235294118,0.368588235294118,0.905647058823529,0.71,1,"1.sitting",1,"1.Resting",46312,"sitting","Resting","land","land","","2016-08-09 16:14:18"
2016-08-09 16:14:18.642,1,0.117647058823529,0.366647058823529,0.901411764705882,0.71,1,"1.sitting",1,"1.Resting",46312,"sitting","Resting","land","land","","2016-08-09 16:14:18"
2016-08-09 16:14:18.703,1,0.118705882352941,0.364705882352941,0.897176470588235,0.71,1,"1.sitting",1,"1.Resting",46312,"sitting","Resting","land","land","","2016-08-09 16:14:18"
2016-08-09 16:14:18.763,1,0.119764705882353,0.362764705882353,0.892941176470588,0.71,1,"1.sitting",1,"1.Resting",46312,"sitting","Resting","land","land","","2016-08-09 16:14:18"
2016-08-09 16:14:18.824,1,0.120823529411765,0.360823529411765,0.888705882352941,0.71,1,"1.sitting",1,"1.Resting",46312,"sitting","Resting","land","land","","2016-08-09 16:14:18"
2016-08-09 16:14:18.885,1,0.121882352941176,0.358882352941176,0.884470588235294,0.71,1,"1.sitting",1,"1.Resting",46312,"sitting","Resting","land","land","","2016-08-09 16:14:18"
2016-08-09 16:14:18.946,1,0.122941176470588,0.356941176470588,0.880235294117647,0.71,1,"1.sitting",1,"1.Resting",46312,"sitting","Resting","land","land","","2016-08-09 16:14:18"
2016-08-09 16:14:19.007,1,0.103944444444444,0.3975,0.913833333333333,0.71,1,"1.sitting",1,"1.Resting",46321,"sitting","Resting","land","land","","2016-08-09 16:14:19"
2016-08-09 16:14:19.067,1,0.105888888888889,0.399,0.914666666666667,0.71,1,"1.sitting",1,"1.Resting",46321,"sitting","Resting","land","land","","2016-08-09 16:14:19"
2016-08-09 16:14:19.128,1,0.107833333333333,0.4005,0.9155,0.71,1,"1.sitting",1,"1.Resting",46321,"sitting","Resting","land","land","","2016-08-09 16:14:19"
2016-08-09 16:14:19.189,1,0.109777777777778,0.402,0.916333333333333,0.71,1,"1.sitting",1,"1.Resting",46321,"sitting","Resting","land","land","","2016-08-09 16:14:19"
2016-08-09 16:14:19.250,1,0.111722222222222,0.4035,0.917166666666667,0.71,1,"1.sitting",1,"1.Resting",46321,"sitting","Resting","land","land","","2016-08-09 16:14:19"
2016-08-09 16:14:19.311,1,0.113666666666667,0.405,0.918,0.71,1,"1.sitting",1,"1.Resting",46321,"sitting","Resting","land","land","","2016-08-09 16:14:19"
2016-08-09 16:14:19.372,1,0.115611111111111,0.4065,0.918833333333333,0.71,1,"1.sitting",1,"1.Resting",46321,"sitting","Resting","land","land","","2016-08-09 16:14:19"
2016-08-09 16:14:19.432,1,0.117555555555556,0.408,0.919666666666667,0.71,1,"1.sitting",1,"1.Resting",46321,"sitting","Resting","land","land","","2016-08-09 16:14:19"
2016-08-09 16:14:19.493,1,0.1195,0.4095,0.9205,0.71,1,"1.sitting",1,"1.Resting",46321,"sitting","Resting","land","land","","2016-08-09 16:14:19"
2016-08-09 16:14:19.554,1,0.121444444444444,0.411,0.921333333333333,0.71,1,"1.sitting",1,"1.Resting",46321,"sitting","Resting","land","land","","2016-08-09 16:14:19"
2016-08-09 16:14:19.615,1,0.123388888888889,0.4125,0.922166666666667,0.71,1,"1.sitting",1,"1.Resting",46321,"sitting","Resting","land","land","","2016-08-09 16:14:19"
2016-08-09 16:14:19.676,1,0.125333333333333,0.414,0.923,0.71,1,"1.sitting",1,"1.Resting",46321,"sitting","Resting","land","land","","2016-08-09 16:14:19"
2016-08-09 16:14:19.737,1,0.127277777777778,0.4155,0.923833333333333,0.71,1,"1.sitting",1,"1.Resting",46321,"sitting","Resting","land","land","","2016-08-09 16:14:19"
2016-08-09 16:14:19.797,1,0.129222222222222,0.417,0.924666666666667,0.71,1,"1.sitting",1,"1.Resting",46321,"sitting","Resting","land","land","","2016-08-09 16:14:19"
2016-08-09 16:14:19.858,1,0.131166666666667,0.4185,0.9255,0.71,1,"1.sitting",1,"1.Resting",46321,"sitting","Resting","land","land","","2016-08-09 16:14:19"
2016-08-09 16:14:19.919,1,0.133111111111111,0.42,0.926333333333333,0.71,1,"1.sitting",1,"1.Resting",46321,"sitting","Resting","land","land","","2016-08-09 16:14:19"
2016-08-09 16:14:19.980,1,0.135055555555556,0.4215,0.927166666666667,0.71,1,"1.sitting",1,"1.Resting",46321,"sitting","Resting","land","land","","2016-08-09 16:14:19"
2016-08-09 16:14:20.041,1,0.102470588235294,0.264058823529412,0.979117647058824,0.712352941176471,1,"1.sitting",1,"1.Resting",46334,"sitting","Resting","land","land","","2016-08-09 16:14:20"
2016-08-09 16:14:20.101,1,0.104941176470588,0.263117647058824,0.976235294117647,0.714705882352941,1,"1.sitting",1,"1.Resting",46334,"sitting","Resting","land","land","","2016-08-09 16:14:20"
2016-08-09 16:14:20.162,1,0.107411764705882,0.262176470588235,0.973352941176471,0.717058823529412,1,"1.sitting",1,"1.Resting",46334,"sitting","Resting","land","land","","2016-08-09 16:14:20"
2016-08-09 16:14:20.223,1,0.109882352941176,0.261235294117647,0.970470588235294,0.719411764705882,1,"1.sitting",1,"1.Resting",46334,"sitting","Resting","land","land","","2016-08-09 16:14:20"
2016-08-09 16:14:20.284,1,0.112352941176471,0.260294117647059,0.967588235294118,0.721764705882353,1,"1.sitting",1,"1.Resting",46334,"sitting","Resting","land","land","","2016-08-09 16:14:20"
2016-08-09 16:14:20.345,1,0.114823529411765,0.259352941176471,0.964705882352941,0.724117647058824,1,"1.sitting",1,"1.Resting",46334,"sitting","Resting","land","land","","2016-08-09 16:14:20"
2016-08-09 16:14:20.406,1,0.117294117647059,0.258411764705882,0.961823529411765,0.726470588235294,1,"1.sitting",1,"1.Resting",46334,"sitting","Resting","land","land","","2016-08-09 16:14:20"
2016-08-09 16:14:20.466,1,0.119764705882353,0.257470588235294,0.958941176470588,0.728823529411765,1,"1.sitting",1,"1.Resting",46334,"sitting","Resting","land","land","","2016-08-09 16:14:20"
2016-08-09 16:14:20.527,1,0.122235294117647,0.256529411764706,0.956058823529412,0.731176470588235,1,"1.sitting",1,"1.Resting",46334,"sitting","Resting","land","land","","2016-08-09 16:14:20"
2016-08-09 16:14:20.588,1,0.124705882352941,0.255588235294118,0.953176470588235,0.733529411764706,1,"1.sitting",1,"1.Resting",46334,"sitting","Resting","land","land","","2016-08-09 16:14:20"
2016-08-09 16:14:20.649,1,0.127176470588235,0.254647058823529,0.950294117647059,0.735882352941176,1,"1.sitting",1,"1.Resting",46334,"sitting","Resting","land","land","","2016-08-09 16:14:20"
2016-08-09 16:14:20.710,1,0.129647058823529,0.253705882352941,0.947411764705882,0.738235294117647,1,"1.sitting",1,"1.Resting",46334,"sitting","Resting","land","land","","2016-08-09 16:14:20"
2016-08-09 16:14:20.771,1,0.132117647058824,0.252764705882353,0.944529411764706,0.740588235294118,1,"1.sitting",1,"1.Resting",46334,"sitting","Resting","land","land","","2016-08-09 16:14:20"
2016-08-09 16:14:20.831,1,0.134588235294118,0.251823529411765,0.94164705882353,0.742941176470588,1,"1.sitting",1,"1.Resting",46334,"sitting","Resting","land","land","","2016-08-09 16:14:20"
2016-08-09 16:14:20.892,1,0.137058823529412,0.250882352941176,0.938764705882353,0.745294117647059,1,"1.sitting",1,"1.Resting",46334,"sitting","Resting","land","land","","2016-08-09 16:14:20"
2016-08-09 16:14:20.953,1,0.139529411764706,0.249941176470588,0.935882352941176,0.747647058823529,1,"1.sitting",1,"1.Resting",46334,"sitting","Resting","land","land","","2016-08-09 16:14:20"
2016-08-09 16:14:21.014,1,0.1395,0.267888888888889,0.954944444444444,0.75,1,"1.sitting",1,"1.Resting",46363,"sitting","Resting","land","land","","2016-08-09 16:14:21"
2016-08-09 16:14:21.075,1,0.142,0.265777777777778,0.949888888888889,0.75,1,"1.sitting",1,"1.Resting",46363,"sitting","Resting","land","land","","2016-08-09 16:14:21"
2016-08-09 16:14:21.135,1,0.1445,0.263666666666667,0.944833333333333,0.75,1,"1.sitting",1,"1.Resting",46363,"sitting","Resting","land","land","","2016-08-09 16:14:21"
2016-08-09 16:14:21.196,1,0.147,0.261555555555556,0.939777777777778,0.75,1,"1.sitting",1,"1.Resting",46363,"sitting","Resting","land","land","","2016-08-09 16:14:21"
2016-08-09 16:14:21.257,1,0.1495,0.259444444444444,0.934722222222222,0.75,1,"1.sitting",1,"1.Resting",46363,"sitting","Resting","land","land","","2016-08-09 16:14:21"
2016-08-09 16:14:21.318,1,0.152,0.257333333333333,0.929666666666667,0.75,1,"1.sitting",1,"1.Resting",46363,"sitting","Resting","land","land","","2016-08-09 16:14:21"
2016-08-09 16:14:21.379,1,0.1545,0.255222222222222,0.924611111111111,0.75,1,"1.sitting",1,"1.Resting",46363,"sitting","Resting","land","land","","2016-08-09 16:14:21"
2016-08-09 16:14:21.440,1,0.157,0.253111111111111,0.919555555555556,0.75,1,"1.sitting",1,"1.Resting",46363,"sitting","Resting","land","land","","2016-08-09 16:14:21"
2016-08-09 16:14:21.500,1,0.1595,0.251,0.9145,0.75,1,"1.sitting",1,"1.Resting",46363,"sitting","Resting","land","land","","2016-08-09 16:14:21"
2016-08-09 16:14:21.561,1,0.162,0.248888888888889,0.909444444444444,0.75,1,"1.sitting",1,"1.Resting",46363,"sitting","Resting","land","land","","2016-08-09 16:14:21"
2016-08-09 16:14:21.622,1,0.1645,0.246777777777778,0.904388888888889,0.75,1,"1.sitting",1,"1.Resting",46363,"sitting","Resting","land","land","","2016-08-09 16:14:21"
2016-08-09 16:14:21.683,1,0.167,0.244666666666667,0.899333333333333,0.75,1,"1.sitting",1,"1.Resting",46363,"sitting","Resting","land","land","","2016-08-09 16:14:21"
2016-08-09 16:14:21.744,1,0.1695,0.242555555555556,0.894277777777778,0.75,1,"1.sitting",1,"1.Resting",46363,"sitting","Resting","land","land","","2016-08-09 16:14:21"
2016-08-09 16:14:21.805,1,0.172,0.240444444444444,0.889222222222222,0.75,1,"1.sitting",1,"1.Resting",46363,"sitting","Resting","land","land","","2016-08-09 16:14:21"
2016-08-09 16:14:21.865,1,0.1745,0.238333333333333,0.884166666666667,0.75,1,"1.sitting",1,"1.Resting",46363,"sitting","Resting","land","land","","2016-08-09 16:14:21"
2016-08-09 16:14:21.926,1,0.177,0.236222222222222,0.879111111111111,0.75,1,"1.sitting",1,"1.Resting",46363,"sitting","Resting","land","land","","2016-08-09 16:14:21"
2016-08-09 16:14:21.987,1,0.1795,0.234111111111111,0.874055555555556,0.75,1,"1.sitting",1,"1.Resting",46363,"sitting","Resting","land","land","","2016-08-09 16:14:21"
2016-08-09 16:14:22.048,1,0.126411764705882,0.263411764705882,0.975294117647059,0.75,1,"1.sitting",1,"1.Resting",46374,"sitting","Resting","land","land","","2016-08-09 16:14:22"
2016-08-09 16:14:22.109,1,0.126823529411765,0.263823529411765,0.973588235294118,0.75,1,"1.sitting",1,"1.Resting",46374,"sitting","Resting","land","land","","2016-08-09 16:14:22"
2016-08-09 16:14:22.169,1,0.127235294117647,0.264235294117647,0.971882352941176,0.75,1,"1.sitting",1,"1.Resting",46374,"sitting","Resting","land","land","","2016-08-09 16:14:22"
2016-08-09 16:14:22.230,1,0.127647058823529,0.264647058823529,0.970176470588235,0.75,1,"1.sitting",1,"1.Resting",46374,"sitting","Resting","land","land","","2016-08-09 16:14:22"
2016-08-09 16:14:22.291,1,0.128058823529412,0.265058823529412,0.968470588235294,0.75,1,"1.sitting",1,"1.Resting",46374,"sitting","Resting","land","land","","2016-08-09 16:14:22"
2016-08-09 16:14:22.352,1,0.128470588235294,0.265470588235294,0.966764705882353,0.75,1,"1.sitting",1,"1.Resting",46374,"sitting","Resting","land","land","","2016-08-09 16:14:22"
2016-08-09 16:14:22.413,1,0.128882352941176,0.265882352941176,0.965058823529412,0.75,1,"1.sitting",1,"1.Resting",46374,"sitting","Resting","land","land","","2016-08-09 16:14:22"
2016-08-09 16:14:22.474,1,0.129294117647059,0.266294117647059,0.963352941176471,0.75,1,"1.sitting",1,"1.Resting",46374,"sitting","Resting","land","land","","2016-08-09 16:14:22"
2016-08-09 16:14:22.534,1,0.129705882352941,0.266705882352941,0.961647058823529,0.75,1,"1.sitting",1,"1.Resting",46374,"sitting","Resting","land","land","","2016-08-09 16:14:22"
2016-08-09 16:14:22.595,1,0.130117647058824,0.267117647058824,0.959941176470588,0.75,1,"1.sitting",1,"1.Resting",46374,"sitting","Resting","land","land","","2016-08-09 16:14:22"
2016-08-09 16:14:22.656,1,0.130529411764706,0.267529411764706,0.958235294117647,0.75,1,"1.sitting",1,"1.Resting",46374,"sitting","Resting","land","land","","2016-08-09 16:14:22"
2016-08-09 16:14:22.717,1,0.130941176470588,0.267941176470588,0.956529411764706,0.75,1,"1.sitting",1,"1.Resting",46374,"sitting","Resting","land","land","","2016-08-09 16:14:22"
2016-08-09 16:14:22.778,1,0.131352941176471,0.268352941176471,0.954823529411765,0.75,1,"1.sitting",1,"1.Resting",46374,"sitting","Resting","land","land","","2016-08-09 16:14:22"
2016-08-09 16:14:22.838,1,0.131764705882353,0.268764705882353,0.953117647058824,0.75,1,"1.sitting",1,"1.Resting",46374,"sitting","Resting","land","land","","2016-08-09 16:14:22"
2016-08-09 16:14:22.899,1,0.132176470588235,0.269176470588235,0.951411764705882,0.75,1,"1.sitting",1,"1.Resting",46374,"sitting","Resting","land","land","","2016-08-09 16:14:22"
2016-08-09 16:14:22.960,1,0.132588235294118,0.269588235294118,0.949705882352941,0.75,1,"1.sitting",1,"1.Resting",46374,"sitting","Resting","land","land","","2016-08-09 16:14:22"
2016-08-09 16:14:23.021,1,0.108055555555556,0.3055,0.899722222222222,0.75,1,"1.sitting",1,"1.Resting",46395,"sitting","Resting","land","land","","2016-08-09 16:14:23"
2016-08-09 16:14:23.082,1,0.107111111111111,0.305,0.900444444444444,0.75,1,"1.sitting",1,"1.Resting",46395,"sitting","Resting","land","land","","2016-08-09 16:14:23"
2016-08-09 16:14:23.143,1,0.106166666666667,0.3045,0.901166666666667,0.75,1,"1.sitting",1,"1.Resting",46395,"sitting","Resting","land","land","","2016-08-09 16:14:23"
2016-08-09 16:14:23.203,1,0.105222222222222,0.304,0.901888888888889,0.75,1,"1.sitting",1,"1.Resting",46395,"sitting","Resting","land","land","","2016-08-09 16:14:23"
2016-08-09 16:14:23.264,1,0.104277777777778,0.3035,0.902611111111111,0.75,1,"1.sitting",1,"1.Resting",46395,"sitting","Resting","land","land","","2016-08-09 16:14:23"
2016-08-09 16:14:23.325,1,0.103333333333333,0.303,0.903333333333333,0.75,1,"1.sitting",1,"1.Resting",46395,"sitting","Resting","land","land","","2016-08-09 16:14:23"
2016-08-09 16:14:23.386,1,0.102388888888889,0.3025,0.904055555555556,0.75,1,"1.sitting",1,"1.Resting",46395,"sitting","Resting","land","land","","2016-08-09 16:14:23"
2016-08-09 16:14:23.447,1,0.101444444444444,0.302,0.904777777777778,0.75,1,"1.sitting",1,"1.Resting",46395,"sitting","Resting","land","land","","2016-08-09 16:14:23"
2016-08-09 16:14:23.508,1,0.1005,0.3015,0.9055,0.75,1,"1.sitting",1,"1.Resting",46395,"sitting","Resting","land","land","","2016-08-09 16:14:23"
2016-08-09 16:14:23.568,1,0.0995555555555555,0.301,0.906222222222222,0.75,1,"1.sitting",1,"1.Resting",46395,"sitting","Resting","land","land","","2016-08-09 16:14:23"
2016-08-09 16:14:23.629,1,0.0986111111111111,0.3005,0.906944444444444,0.75,1,"1.sitting",1,"1.Resting",46395,"sitting","Resting","land","land","","2016-08-09 16:14:23"
2016-08-09 16:14:23.690,1,0.0976666666666667,0.3,0.907666666666667,0.75,1,"1.sitting",1,"1.Resting",46395,"sitting","Resting","land","land","","2016-08-09 16:14:23"
2016-08-09 16:14:23.751,1,0.0967222222222222,0.2995,0.908388888888889,0.75,1,"1.sitting",1,"1.Resting",46395,"sitting","Resting","land","land","","2016-08-09 16:14:23"
2016-08-09 16:14:23.812,1,0.0957777777777778,0.299,0.909111111111111,0.75,1,"1.sitting",1,"1.Resting",46395,"sitting","Resting","land","land","","2016-08-09 16:14:23"
2016-08-09 16:14:23.872,1,0.0948333333333333,0.2985,0.909833333333333,0.75,1,"1.sitting",1,"1.Resting",46395,"sitting","Resting","land","land","","2016-08-09 16:14:23"
2016-08-09 16:14:23.933,1,0.0938888888888889,0.298,0.910555555555556,0.75,1,"1.sitting",1,"1.Resting",46395,"sitting","Resting","land","land","","2016-08-09 16:14:23"
2016-08-09 16:14:23.994,1,0.0929444444444444,0.2975,0.911277777777778,0.75,1,"1.sitting",1,"1.Resting",46395,"sitting","Resting","land","land","","2016-08-09 16:14:23"
2016-08-09 16:14:24.055,1,0.0341764705882353,0.336,0.905294117647059,0.75,1,"1.sitting",1,"1.Resting",46421,"sitting","Resting","land","land","","2016-08-09 16:14:24"
2016-08-09 16:14:24.116,1,0.0333529411764706,0.336,0.905588235294118,0.75,1,"1.sitting",1,"1.Resting",46421,"sitting","Resting","land","land","","2016-08-09 16:14:24"
2016-08-09 16:14:24.177,1,0.0325294117647059,0.336,0.905882352941176,0.75,1,"1.sitting",1,"1.Resting",46421,"sitting","Resting","land","land","","2016-08-09 16:14:24"
2016-08-09 16:14:24.237,1,0.0317058823529412,0.336,0.906176470588235,0.75,1,"1.sitting",1,"1.Resting",46421,"sitting","Resting","land","land","","2016-08-09 16:14:24"
2016-08-09 16:14:24.298,1,0.0308823529411765,0.336,0.906470588235294,0.75,1,"1.sitting",1,"1.Resting",46421,"sitting","Resting","land","land","","2016-08-09 16:14:24"
2016-08-09 16:14:24.359,1,0.0300588235294118,0.336,0.906764705882353,0.75,1,"1.sitting",1,"1.Resting",46421,"sitting","Resting","land","land","","2016-08-09 16:14:24"
2016-08-09 16:14:24.420,1,0.0292352941176471,0.336,0.907058823529412,0.75,1,"1.sitting",1,"1.Resting",46421,"sitting","Resting","land","land","","2016-08-09 16:14:24"
2016-08-09 16:14:24.481,1,0.0284117647058824,0.336,0.907352941176471,0.75,1,"1.sitting",1,"1.Resting",46421,"sitting","Resting","land","land","","2016-08-09 16:14:24"
2016-08-09 16:14:24.542,1,0.0275882352941176,0.336,0.907647058823529,0.75,1,"1.sitting",1,"1.Resting",46421,"sitting","Resting","land","land","","2016-08-09 16:14:24"
2016-08-09 16:14:24.602,1,0.0267647058823529,0.336,0.907941176470588,0.75,1,"1.sitting",1,"1.Resting",46421,"sitting","Resting","land","land","","2016-08-09 16:14:24"
2016-08-09 16:14:24.663,1,0.0259411764705882,0.336,0.908235294117647,0.75,1,"1.sitting",1,"1.Resting",46421,"sitting","Resting","land","land","","2016-08-09 16:14:24"
2016-08-09 16:14:24.724,1,0.0251176470588235,0.336,0.908529411764706,0.75,1,"1.sitting",1,"1.Resting",46421,"sitting","Resting","land","land","","2016-08-09 16:14:24"
2016-08-09 16:14:24.785,1,0.0242941176470588,0.336,0.908823529411765,0.75,1,"1.sitting",1,"1.Resting",46421,"sitting","Resting","land","land","","2016-08-09 16:14:24"
2016-08-09 16:14:24.846,1,0.0234705882352941,0.336,0.909117647058824,0.75,1,"1.sitting",1,"1.Resting",46421,"sitting","Resting","land","land","","2016-08-09 16:14:24"
2016-08-09 16:14:24.906,1,0.0226470588235294,0.336,0.909411764705882,0.75,1,"1.sitting",1,"1.Resting",46421,"sitting","Resting","land","land","","2016-08-09 16:14:24"
2016-08-09 16:14:24.967,1,0.0218235294117647,0.336,0.909705882352941,0.75,1,"1.sitting",1,"1.Resting",46421,"sitting","Resting","land","land","","2016-08-09 16:14:24"
2016-08-09 16:14:25.028,1,-0.0714117647058824,0.390176470588235,0.897352941176471,0.75,1,"1.sitting",1,"1.Resting",46435,"sitting","Resting","land","land","","2016-08-09 16:14:25"
2016-08-09 16:14:25.089,1,-0.0728235294117647,0.392352941176471,0.899705882352941,0.75,1,"1.sitting",1,"1.Resting",46435,"sitting","Resting","land","land","","2016-08-09 16:14:25"
2016-08-09 16:14:25.150,1,-0.0742352941176471,0.394529411764706,0.902058823529412,0.75,1,"1.sitting",1,"1.Resting",46435,"sitting","Resting","land","land","","2016-08-09 16:14:25"
2016-08-09 16:14:25.211,1,-0.0756470588235294,0.396705882352941,0.904411764705882,0.75,1,"1.sitting",1,"1.Resting",46435,"sitting","Resting","land","land","","2016-08-09 16:14:25"
2016-08-09 16:14:25.271,1,-0.0770588235294118,0.398882352941176,0.906764705882353,0.75,1,"1.sitting",1,"1.Resting",46435,"sitting","Resting","land","land","","2016-08-09 16:14:25"
2016-08-09 16:14:25.332,1,-0.0784705882352941,0.401058823529412,0.909117647058824,0.75,1,"1.sitting",1,"1.Resting",46435,"sitting","Resting","land","land","","2016-08-09 16:14:25"
2016-08-09 16:14:25.393,1,-0.0798823529411765,0.403235294117647,0.911470588235294,0.75,1,"1.sitting",1,"1.Resting",46435,"sitting","Resting","land","land","","2016-08-09 16:14:25"
2016-08-09 16:14:25.454,1,-0.0812941176470588,0.405411764705882,0.913823529411765,0.75,1,"1.sitting",1,"1.Resting",46435,"sitting","Resting","land","land","","2016-08-09 16:14:25"
2016-08-09 16:14:25.515,1,-0.0827058823529412,0.407588235294118,0.916176470588235,0.75,1,"1.sitting",1,"1.Resting",46435,"sitting","Resting","land","land","","2016-08-09 16:14:25"
2016-08-09 16:14:25.576,1,-0.0841176470588235,0.409764705882353,0.918529411764706,0.75,1,"1.sitting",1,"1.Resting",46435,"sitting","Resting","land","land","","2016-08-09 16:14:25"
2016-08-09 16:14:25.636,1,-0.0855294117647059,0.411941176470588,0.920882352941176,0.75,1,"1.sitting",1,"1.Resting",46435,"sitting","Resting","land","land","","2016-08-09 16:14:25"
2016-08-09 16:14:25.697,1,-0.0869411764705882,0.414117647058824,0.923235294117647,0.75,1,"1.sitting",1,"1.Resting",46435,"sitting","Resting","land","land","","2016-08-09 16:14:25"
2016-08-09 16:14:25.758,1,-0.0883529411764706,0.416294117647059,0.925588235294118,0.75,1,"1.sitting",1,"1.Resting",46435,"sitting","Resting","land","land","","2016-08-09 16:14:25"
2016-08-09 16:14:25.819,1,-0.0897647058823529,0.418470588235294,0.927941176470588,0.75,1,"1.sitting",1,"1.Resting",46435,"sitting","Resting","land","land","","2016-08-09 16:14:25"
2016-08-09 16:14:25.880,1,-0.0911764705882353,0.420647058823529,0.930294117647059,0.75,1,"1.sitting",1,"1.Resting",46435,"sitting","Resting","land","land","","2016-08-09 16:14:25"
2016-08-09 16:14:25.940,1,-0.0925882352941177,0.422823529411765,0.932647058823529,0.75,1,"1.sitting",1,"1.Resting",46435,"sitting","Resting","land","land","","2016-08-09 16:14:25"
2016-08-09 16:14:26.001,1,-0.0938888888888889,0.442888888888889,0.960777777777778,0.75,1,"1.sitting",1,"1.Resting",46459,"sitting","Resting","land","land","","2016-08-09 16:14:26"
2016-08-09 16:14:26.062,1,-0.0937777777777778,0.442777777777778,0.960555555555555,0.75,1,"1.sitting",1,"1.Resting",46459,"sitting","Resting","land","land","","2016-08-09 16:14:26"
2016-08-09 16:14:26.123,1,-0.0936666666666667,0.442666666666667,0.960333333333333,0.75,1,"1.sitting",1,"1.Resting",46459,"sitting","Resting","land","land","","2016-08-09 16:14:26"
2016-08-09 16:14:26.184,1,-0.0935555555555556,0.442555555555556,0.960111111111111,0.75,1,"1.sitting",1,"1.Resting",46459,"sitting","Resting","land","land","","2016-08-09 16:14:26"
2016-08-09 16:14:26.245,1,-0.0934444444444444,0.442444444444444,0.959888888888889,0.75,1,"1.sitting",1,"1.Resting",46459,"sitting","Resting","land","land","","2016-08-09 16:14:26"
2016-08-09 16:14:26.305,1,-0.0933333333333333,0.442333333333333,0.959666666666667,0.75,1,"1.sitting",1,"1.Resting",46459,"sitting","Resting","land","land","","2016-08-09 16:14:26"
2016-08-09 16:14:26.366,1,-0.0932222222222222,0.442222222222222,0.959444444444444,0.75,1,"1.sitting",1,"1.Resting",46459,"sitting","Resting","land","land","","2016-08-09 16:14:26"
2016-08-09 16:14:26.427,1,-0.0931111111111111,0.442111111111111,0.959222222222222,0.75,1,"1.sitting",1,"1.Resting",46459,"sitting","Resting","land","land","","2016-08-09 16:14:26"
2016-08-09 16:14:26.488,1,-0.093,0.442,0.959,0.75,1,"1.sitting",1,"1.Resting",46459,"sitting","Resting","land","land","","2016-08-09 16:14:26"
2016-08-09 16:14:26.549,1,-0.0928888888888889,0.441888888888889,0.958777777777778,0.75,1,"1.sitting",1,"1.Resting",46459,"sitting","Resting","land","land","","2016-08-09 16:14:26"
2016-08-09 16:14:26.610,1,-0.0927777777777778,0.441777777777778,0.958555555555555,0.75,1,"1.sitting",1,"1.Resting",46459,"sitting","Resting","land","land","","2016-08-09 16:14:26"
2016-08-09 16:14:26.670,1,-0.0926666666666667,0.441666666666667,0.958333333333333,0.75,1,"1.sitting",1,"1.Resting",46459,"sitting","Resting","land","land","","2016-08-09 16:14:26"
2016-08-09 16:14:26.731,1,-0.0925555555555556,0.441555555555556,0.958111111111111,0.75,1,"1.sitting",1,"1.Resting",46459,"sitting","Resting","land","land","","2016-08-09 16:14:26"
2016-08-09 16:14:26.792,1,-0.0924444444444444,0.441444444444444,0.957888888888889,0.75,1,"1.sitting",1,"1.Resting",46459,"sitting","Resting","land","land","","2016-08-09 16:14:26"
2016-08-09 16:14:26.853,1,-0.0923333333333333,0.441333333333333,0.957666666666667,0.75,1,"1.sitting",1,"1.Resting",46459,"sitting","Resting","land","land","","2016-08-09 16:14:26"
2016-08-09 16:14:26.914,1,-0.0922222222222222,0.441222222222222,0.957444444444444,0.75,1,"1.sitting",1,"1.Resting",46459,"sitting","Resting","land","land","","2016-08-09 16:14:26"
2016-08-09 16:14:26.974,1,-0.0921111111111111,0.441111111111111,0.957222222222222,0.75,1,"1.sitting",1,"1.Resting",46459,"sitting","Resting","land","land","","2016-08-09 16:14:26"
2016-08-09 16:14:27.035,1,-0.0702941176470588,0.381411764705882,0.832764705882353,0.75,1,"1.sitting",1,"1.Resting",46491,"sitting","Resting","land","land","","2016-08-09 16:14:27"
2016-08-09 16:14:27.096,1,-0.0705882352941176,0.381823529411765,0.833529411764706,0.75,1,"1.sitting",1,"1.Resting",46491,"sitting","Resting","land","land","","2016-08-09 16:14:27"
2016-08-09 16:14:27.157,1,-0.0708823529411765,0.382235294117647,0.834294117647059,0.75,1,"1.sitting",1,"1.Resting",46491,"sitting","Resting","land","land","","2016-08-09 16:14:27"
2016-08-09 16:14:27.218,1,-0.0711764705882353,0.382647058823529,0.835058823529412,0.75,1,"1.sitting",1,"1.Resting",46491,"sitting","Resting","land","land","","2016-08-09 16:14:27"
2016-08-09 16:14:27.279,1,-0.0714705882352941,0.383058823529412,0.835823529411765,0.75,1,"1.sitting",1,"1.Resting",46491,"sitting","Resting","land","land","","2016-08-09 16:14:27"
2016-08-09 16:14:27.339,1,-0.0717647058823529,0.383470588235294,0.836588235294118,0.75,1,"1.sitting",1,"1.Resting",46491,"sitting","Resting","land","land","","2016-08-09 16:14:27"
2016-08-09 16:14:27.400,1,-0.0720588235294118,0.383882352941176,0.837352941176471,0.75,1,"1.sitting",1,"1.Resting",46491,"sitting","Resting","land","land","","2016-08-09 16:14:27"
2016-08-09 16:14:27.461,1,-0.0723529411764706,0.384294117647059,0.838117647058824,0.75,1,"1.sitting",1,"1.Resting",46491,"sitting","Resting","land","land","","2016-08-09 16:14:27"
2016-08-09 16:14:27.522,1,-0.0726470588235294,0.384705882352941,0.838882352941176,0.75,1,"1.sitting",1,"1.Resting",46491,"sitting","Resting","land","land","","2016-08-09 16:14:27"
2016-08-09 16:14:27.583,1,-0.0729411764705882,0.385117647058824,0.839647058823529,0.75,1,"1.sitting",1,"1.Resting",46491,"sitting","Resting","land","land","","2016-08-09 16:14:27"
2016-08-09 16:14:27.644,1,-0.0732352941176471,0.385529411764706,0.840411764705882,0.75,1,"1.sitting",1,"1.Resting",46491,"sitting","Resting","land","land","","2016-08-09 16:14:27"
2016-08-09 16:14:27.704,1,-0.0735294117647059,0.385941176470588,0.841176470588235,0.75,1,"1.sitting",1,"1.Resting",46491,"sitting","Resting","land","land","","2016-08-09 16:14:27"
2016-08-09 16:14:27.765,1,-0.0738235294117647,0.386352941176471,0.841941176470588,0.75,1,"1.sitting",1,"1.Resting",46491,"sitting","Resting","land","land","","2016-08-09 16:14:27"
2016-08-09 16:14:27.826,1,-0.0741176470588235,0.386764705882353,0.842705882352941,0.75,1,"1.sitting",1,"1.Resting",46491,"sitting","Resting","land","land","","2016-08-09 16:14:27"
2016-08-09 16:14:27.887,1,-0.0744117647058823,0.387176470588235,0.843470588235294,0.75,1,"1.sitting",1,"1.Resting",46491,"sitting","Resting","land","land","","2016-08-09 16:14:27"
2016-08-09 16:14:27.948,1,-0.0747058823529412,0.387588235294118,0.844235294117647,0.75,1,"1.sitting",1,"1.Resting",46491,"sitting","Resting","land","land","","2016-08-09 16:14:27"
2016-08-09 16:14:28.008,1,-0.102166666666667,0.451666666666667,0.934944444444444,0.75,1,"1.sitting",1,"1.Resting",46500,"sitting","Resting","land","land","","2016-08-09 16:14:28"
2016-08-09 16:14:28.069,1,-0.100333333333333,0.450333333333333,0.932888888888889,0.75,1,"1.sitting",1,"1.Resting",46500,"sitting","Resting","land","land","","2016-08-09 16:14:28"
2016-08-09 16:14:28.130,1,-0.0985,0.449,0.930833333333333,0.75,1,"1.sitting",1,"1.Resting",46500,"sitting","Resting","land","land","","2016-08-09 16:14:28"
2016-08-09 16:14:28.191,1,-0.0966666666666667,0.447666666666667,0.928777777777778,0.75,1,"1.sitting",1,"1.Resting",46500,"sitting","Resting","land","land","","2016-08-09 16:14:28"
2016-08-09 16:14:28.252,1,-0.0948333333333333,0.446333333333333,0.926722222222222,0.75,1,"1.sitting",1,"1.Resting",46500,"sitting","Resting","land","land","","2016-08-09 16:14:28"
2016-08-09 16:14:28.313,1,-0.093,0.445,0.924666666666667,0.75,1,"1.sitting",1,"1.Resting",46500,"sitting","Resting","land","land","","2016-08-09 16:14:28"
2016-08-09 16:14:28.373,1,-0.0911666666666667,0.443666666666667,0.922611111111111,0.75,1,"1.sitting",1,"1.Resting",46500,"sitting","Resting","land","land","","2016-08-09 16:14:28"
2016-08-09 16:14:28.434,1,-0.0893333333333333,0.442333333333333,0.920555555555556,0.75,1,"1.sitting",1,"1.Resting",46500,"sitting","Resting","land","land","","2016-08-09 16:14:28"
2016-08-09 16:14:28.495,1,-0.0875,0.441,0.9185,0.75,1,"1.sitting",1,"1.Resting",46500,"sitting","Resting","land","land","","2016-08-09 16:14:28"
2016-08-09 16:14:28.556,1,-0.0856666666666667,0.439666666666667,0.916444444444445,0.75,1,"1.sitting",1,"1.Resting",46500,"sitting","Resting","land","land","","2016-08-09 16:14:28"
2016-08-09 16:14:28.617,1,-0.0838333333333333,0.438333333333333,0.914388888888889,0.75,1,"1.sitting",1,"1.Resting",46500,"sitting","Resting","land","land","","2016-08-09 16:14:28"
2016-08-09 16:14:28.677,1,-0.082,0.437,0.912333333333333,0.75,1,"1.sitting",1,"1.Resting",46500,"sitting","Resting","land","land","","2016-08-09 16:14:28"
2016-08-09 16:14:28.738,1,-0.0801666666666667,0.435666666666667,0.910277777777778,0.75,1,"1.sitting",1,"1.Resting",46500,"sitting","Resting","land","land","","2016-08-09 16:14:28"
2016-08-09 16:14:28.799,1,-0.0783333333333333,0.434333333333333,0.908222222222222,0.75,1,"1.sitting",1,"1.Resting",46500,"sitting","Resting","land","land","","2016-08-09 16:14:28"
2016-08-09 16:14:28.860,1,-0.0765,0.433,0.906166666666667,0.75,1,"1.sitting",1,"1.Resting",46500,"sitting","Resting","land","land","","2016-08-09 16:14:28"
2016-08-09 16:14:28.921,1,-0.0746666666666667,0.431666666666667,0.904111111111111,0.75,1,"1.sitting",1,"1.Resting",46500,"sitting","Resting","land","land","","2016-08-09 16:14:28"
2016-08-09 16:14:28.982,1,-0.0728333333333333,0.430333333333333,0.902055555555556,0.75,1,"1.sitting",1,"1.Resting",46500,"sitting","Resting","land","land","","2016-08-09 16:14:28"
2016-08-09 16:14:29.042,1,-0.132588235294118,0.441,0.876294117647059,0.75,1,"1.sitting",1,"1.Resting",46516,"sitting","Resting","land","land","","2016-08-09 16:14:29"
2016-08-09 16:14:29.103,1,-0.133176470588235,0.441,0.876588235294118,0.75,1,"1.sitting",1,"1.Resting",46516,"sitting","Resting","land","land","","2016-08-09 16:14:29"
2016-08-09 16:14:29.164,1,-0.133764705882353,0.441,0.876882352941176,0.75,1,"1.sitting",1,"1.Resting",46516,"sitting","Resting","land","land","","2016-08-09 16:14:29"
2016-08-09 16:14:29.225,1,-0.134352941176471,0.441,0.877176470588235,0.75,1,"1.sitting",1,"1.Resting",46516,"sitting","Resting","land","land","","2016-08-09 16:14:29"
2016-08-09 16:14:29.286,1,-0.134941176470588,0.441,0.877470588235294,0.75,1,"1.sitting",1,"1.Resting",46516,"sitting","Resting","land","land","","2016-08-09 16:14:29"
2016-08-09 16:14:29.347,1,-0.135529411764706,0.441,0.877764705882353,0.75,1,"1.sitting",1,"1.Resting",46516,"sitting","Resting","land","land","","2016-08-09 16:14:29"
2016-08-09 16:14:29.407,1,-0.136117647058824,0.441,0.878058823529412,0.75,1,"1.sitting",1,"1.Resting",46516,"sitting","Resting","land","land","","2016-08-09 16:14:29"
2016-08-09 16:14:29.468,1,-0.136705882352941,0.441,0.878352941176471,0.75,1,"1.sitting",1,"1.Resting",46516,"sitting","Resting","land","land","","2016-08-09 16:14:29"
2016-08-09 16:14:29.529,1,-0.137294117647059,0.441,0.878647058823529,0.75,1,"1.sitting",1,"1.Resting",46516,"sitting","Resting","land","land","","2016-08-09 16:14:29"
2016-08-09 16:14:29.590,1,-0.137882352941176,0.441,0.878941176470588,0.75,1,"1.sitting",1,"1.Resting",46516,"sitting","Resting","land","land","","2016-08-09 16:14:29"
2016-08-09 16:14:29.651,1,-0.138470588235294,0.441,0.879235294117647,0.75,1,"1.sitting",1,"1.Resting",46516,"sitting","Resting","land","land","","2016-08-09 16:14:29"
2016-08-09 16:14:29.711,1,-0.139058823529412,0.441,0.879529411764706,0.75,1,"1.sitting",1,"1.Resting",46516,"sitting","Resting","land","land","","2016-08-09 16:14:29"
2016-08-09 16:14:29.772,1,-0.139647058823529,0.441,0.879823529411765,0.75,1,"1.sitting",1,"1.Resting",46516,"sitting","Resting","land","land","","2016-08-09 16:14:29"
2016-08-09 16:14:29.833,1,-0.140235294117647,0.441,0.880117647058824,0.75,1,"1.sitting",1,"1.Resting",46516,"sitting","Resting","land","land","","2016-08-09 16:14:29"
2016-08-09 16:14:29.894,1,-0.140823529411765,0.441,0.880411764705882,0.75,1,"1.sitting",1,"1.Resting",46516,"sitting","Resting","land","land","","2016-08-09 16:14:29"
2016-08-09 16:14:29.955,1,-0.141411764705882,0.441,0.880705882352941,0.75,1,"1.sitting",1,"1.Resting",46516,"sitting","Resting","land","land","","2016-08-09 16:14:29"
2016-08-09 16:14:30.016,1,-0.141944444444444,0.422222222222222,0.871944444444444,0.75,1,"1.sitting",1,"1.Resting",46550,"sitting","Resting","land","land","","2016-08-09 16:14:30"
2016-08-09 16:14:30.076,1,-0.140888888888889,0.422444444444444,0.871888888888889,0.75,1,"1.sitting",1,"1.Resting",46550,"sitting","Resting","land","land","","2016-08-09 16:14:30"
2016-08-09 16:14:30.137,1,-0.139833333333333,0.422666666666667,0.871833333333333,0.75,1,"1.sitting",1,"1.Resting",46550,"sitting","Resting","land","land","","2016-08-09 16:14:30"
2016-08-09 16:14:30.198,1,-0.138777777777778,0.422888888888889,0.871777777777778,0.75,1,"1.sitting",1,"1.Resting",46550,"sitting","Resting","land","land","","2016-08-09 16:14:30"
2016-08-09 16:14:30.259,1,-0.137722222222222,0.423111111111111,0.871722222222222,0.75,1,"1.sitting",1,"1.Resting",46550,"sitting","Resting","land","land","","2016-08-09 16:14:30"
2016-08-09 16:14:30.320,1,-0.136666666666667,0.423333333333333,0.871666666666667,0.75,1,"1.sitting",1,"1.Resting",46550,"sitting","Resting","land","land","","2016-08-09 16:14:30"
2016-08-09 16:14:30.381,1,-0.135611111111111,0.423555555555556,0.871611111111111,0.75,1,"1.sitting",1,"1.Resting",46550,"sitting","Resting","land","land","","2016-08-09 16:14:30"
2016-08-09 16:14:30.441,1,-0.134555555555556,0.423777777777778,0.871555555555556,0.75,1,"1.sitting",1,"1.Resting",46550,"sitting","Resting","land","land","","2016-08-09 16:14:30"
2016-08-09 16:14:30.502,1,-0.1335,0.424,0.8715,0.75,1,"1.sitting",1,"1.Resting",46550,"sitting","Resting","land","land","","2016-08-09 16:14:30"
2016-08-09 16:14:30.563,1,-0.132444444444444,0.424222222222222,0.871444444444444,0.75,1,"1.sitting",1,"1.Resting",46550,"sitting","Resting","land","land","","2016-08-09 16:14:30"
2016-08-09 16:14:30.624,1,-0.131388888888889,0.424444444444444,0.871388888888889,0.75,1,"1.sitting",1,"1.Resting",46550,"sitting","Resting","land","land","","2016-08-09 16:14:30"
2016-08-09 16:14:30.685,1,-0.130333333333333,0.424666666666667,0.871333333333333,0.75,1,"1.sitting",1,"1.Resting",46550,"sitting","Resting","land","land","","2016-08-09 16:14:30"
2016-08-09 16:14:30.745,1,-0.129277777777778,0.424888888888889,0.871277777777778,0.75,1,"1.sitting",1,"1.Resting",46550,"sitting","Resting","land","land","","2016-08-09 16:14:30"
2016-08-09 16:14:30.806,1,-0.128222222222222,0.425111111111111,0.871222222222222,0.75,1,"1.sitting",1,"1.Resting",46550,"sitting","Resting","land","land","","2016-08-09 16:14:30"
2016-08-09 16:14:30.867,1,-0.127166666666667,0.425333333333333,0.871166666666667,0.75,1,"1.sitting",1,"1.Resting",46550,"sitting","Resting","land","land","","2016-08-09 16:14:30"
2016-08-09 16:14:30.928,1,-0.126111111111111,0.425555555555556,0.871111111111111,0.75,1,"1.sitting",1,"1.Resting",46550,"sitting","Resting","land","land","","2016-08-09 16:14:30"
2016-08-09 16:14:30.989,1,-0.125055555555556,0.425777777777778,0.871055555555556,0.75,1,"1.sitting",1,"1.Resting",46550,"sitting","Resting","land","land","","2016-08-09 16:14:30"
2016-08-09 16:14:31.050,1,-0.132882352941176,0.394,0.899647058823529,0.75,1,"1.sitting",1,"1.Resting",46564,"sitting","Resting","land","land","","2016-08-09 16:14:31"
2016-08-09 16:14:31.110,1,-0.132764705882353,0.395,0.900294117647059,0.75,1,"1.sitting",1,"1.Resting",46564,"sitting","Resting","land","land","","2016-08-09 16:14:31"
2016-08-09 16:14:31.171,1,-0.132647058823529,0.396,0.900941176470588,0.75,1,"1.sitting",1,"1.Resting",46564,"sitting","Resting","land","land","","2016-08-09 16:14:31"
2016-08-09 16:14:31.232,1,-0.132529411764706,0.397,0.901588235294118,0.75,1,"1.sitting",1,"1.Resting",46564,"sitting","Resting","land","land","","2016-08-09 16:14:31"
2016-08-09 16:14:31.293,1,-0.132411764705882,0.398,0.902235294117647,0.75,1,"1.sitting",1,"1.Resting",46564,"sitting","Resting","land","land","","2016-08-09 16:14:31"
2016-08-09 16:14:31.354,1,-0.132294117647059,0.399,0.902882352941176,0.75,1,"1.sitting",1,"1.Resting",46564,"sitting","Resting","land","land","","2016-08-09 16:14:31"
2016-08-09 16:14:31.415,1,-0.132176470588235,0.4,0.903529411764706,0.75,1,"1.sitting",1,"1.Resting",46564,"sitting","Resting","land","land","","2016-08-09 16:14:31"
2016-08-09 16:14:31.475,1,-0.132058823529412,0.401,0.904176470588235,0.75,1,"1.sitting",1,"1.Resting",46564,"sitting","Resting","land","land","","2016-08-09 16:14:31"
2016-08-09 16:14:31.536,1,-0.131941176470588,0.402,0.904823529411765,0.75,1,"1.sitting",1,"1.Resting",46564,"sitting","Resting","land","land","","2016-08-09 16:14:31"
2016-08-09 16:14:31.597,1,-0.131823529411765,0.403,0.905470588235294,0.75,1,"1.sitting",1,"1.Resting",46564,"sitting","Resting","land","land","","2016-08-09 16:14:31"
2016-08-09 16:14:31.658,1,-0.131705882352941,0.404,0.906117647058824,0.75,1,"1.sitting",1,"1.Resting",46564,"sitting","Resting","land","land","","2016-08-09 16:14:31"
2016-08-09 16:14:31.719,1,-0.131588235294118,0.405,0.906764705882353,0.75,1,"1.sitting",1,"1.Resting",46564,"sitting","Resting","land","land","","2016-08-09 16:14:31"
2016-08-09 16:14:31.779,1,-0.131470588235294,0.406,0.907411764705882,0.75,1,"1.sitting",1,"1.Resting",46564,"sitting","Resting","land","land","","2016-08-09 16:14:31"
2016-08-09 16:14:31.840,1,-0.131352941176471,0.407,0.908058823529412,0.75,1,"1.sitting",1,"1.Resting",46564,"sitting","Resting","land","land","","2016-08-09 16:14:31"
2016-08-09 16:14:31.901,1,-0.131235294117647,0.408,0.908705882352941,0.75,1,"1.sitting",1,"1.Resting",46564,"sitting","Resting","land","land","","2016-08-09 16:14:31"
2016-08-09 16:14:31.962,1,-0.131117647058824,0.409,0.909352941176471,0.75,1,"1.sitting",1,"1.Resting",46564,"sitting","Resting","land","land","","2016-08-09 16:14:31"
2016-08-09 16:14:32.023,1,-0.212333333333333,0.460944444444444,0.893777777777778,0.75,1,"1.sitting",1,"1.Resting",46576,"sitting","Resting","land","land","","2016-08-09 16:14:32"
2016-08-09 16:14:32.084,1,-0.213666666666667,0.460888888888889,0.893555555555556,0.75,1,"1.sitting",1,"1.Resting",46576,"sitting","Resting","land","land","","2016-08-09 16:14:32"
2016-08-09 16:14:32.144,1,-0.215,0.460833333333333,0.893333333333333,0.75,1,"1.sitting",1,"1.Resting",46576,"sitting","Resting","land","land","","2016-08-09 16:14:32"
2016-08-09 16:14:32.205,1,-0.216333333333333,0.460777777777778,0.893111111111111,0.75,1,"1.sitting",1,"1.Resting",46576,"sitting","Resting","land","land","","2016-08-09 16:14:32"
2016-08-09 16:14:32.266,1,-0.217666666666667,0.460722222222222,0.892888888888889,0.75,1,"1.sitting",1,"1.Resting",46576,"sitting","Resting","land","land","","2016-08-09 16:14:32"
2016-08-09 16:14:32.327,1,-0.219,0.460666666666667,0.892666666666667,0.75,1,"1.sitting",1,"1.Resting",46576,"sitting","Resting","land","land","","2016-08-09 16:14:32"
2016-08-09 16:14:32.388,1,-0.220333333333333,0.460611111111111,0.892444444444444,0.75,1,"1.sitting",1,"1.Resting",46576,"sitting","Resting","land","land","","2016-08-09 16:14:32"
2016-08-09 16:14:32.449,1,-0.221666666666667,0.460555555555556,0.892222222222222,0.75,1,"1.sitting",1,"1.Resting",46576,"sitting","Resting","land","land","","2016-08-09 16:14:32"
2016-08-09 16:14:32.509,1,-0.223,0.4605,0.892,0.75,1,"1.sitting",1,"1.Resting",46576,"sitting","Resting","land","land","","2016-08-09 16:14:32"
2016-08-09 16:14:32.570,1,-0.224333333333333,0.460444444444444,0.891777777777778,0.75,1,"1.sitting",1,"1.Resting",46576,"sitting","Resting","land","land","","2016-08-09 16:14:32"
2016-08-09 16:14:32.631,1,-0.225666666666667,0.460388888888889,0.891555555555556,0.75,1,"1.sitting",1,"1.Resting",46576,"sitting","Resting","land","land","","2016-08-09 16:14:32"
2016-08-09 16:14:32.692,1,-0.227,0.460333333333333,0.891333333333333,0.75,1,"1.sitting",1,"1.Resting",46576,"sitting","Resting","land","land","","2016-08-09 16:14:32"
2016-08-09 16:14:32.753,1,-0.228333333333333,0.460277777777778,0.891111111111111,0.75,1,"1.sitting",1,"1.Resting",46576,"sitting","Resting","land","land","","2016-08-09 16:14:32"
2016-08-09 16:14:32.813,1,-0.229666666666667,0.460222222222222,0.890888888888889,0.75,1,"1.sitting",1,"1.Resting",46576,"sitting","Resting","land","land","","2016-08-09 16:14:32"
2016-08-09 16:14:32.874,1,-0.231,0.460166666666667,0.890666666666667,0.75,1,"1.sitting",1,"1.Resting",46576,"sitting","Resting","land","land","","2016-08-09 16:14:32"
2016-08-09 16:14:32.935,1,-0.232333333333333,0.460111111111111,0.890444444444444,0.75,1,"1.sitting",1,"1.Resting",46576,"sitting","Resting","land","land","","2016-08-09 16:14:32"
2016-08-09 16:14:32.996,1,-0.233666666666667,0.460055555555556,0.890222222222222,0.75,1,"1.sitting",1,"1.Resting",46576,"sitting","Resting","land","land","","2016-08-09 16:14:32"
2016-08-09 16:14:33.057,1,-0.246117647058824,0.444352941176471,0.924764705882353,0.75,1,"1.sitting",1,"1.Resting",46608,"sitting","Resting","land","land","","2016-08-09 16:14:33"
2016-08-09 16:14:33.118,1,-0.246235294117647,0.444705882352941,0.921529411764706,0.75,1,"1.sitting",1,"1.Resting",46608,"sitting","Resting","land","land","","2016-08-09 16:14:33"
2016-08-09 16:14:33.178,1,-0.246352941176471,0.445058823529412,0.918294117647059,0.75,1,"1.sitting",1,"1.Resting",46608,"sitting","Resting","land","land","","2016-08-09 16:14:33"
2016-08-09 16:14:33.239,1,-0.246470588235294,0.445411764705882,0.915058823529412,0.75,1,"1.sitting",1,"1.Resting",46608,"sitting","Resting","land","land","","2016-08-09 16:14:33"
2016-08-09 16:14:33.300,1,-0.246588235294118,0.445764705882353,0.911823529411765,0.75,1,"1.sitting",1,"1.Resting",46608,"sitting","Resting","land","land","","2016-08-09 16:14:33"
2016-08-09 16:14:33.361,1,-0.246705882352941,0.446117647058824,0.908588235294118,0.75,1,"1.sitting",1,"1.Resting",46608,"sitting","Resting","land","land","","2016-08-09 16:14:33"
2016-08-09 16:14:33.422,1,-0.246823529411765,0.446470588235294,0.905352941176471,0.75,1,"1.sitting",1,"1.Resting",46608,"sitting","Resting","land","land","","2016-08-09 16:14:33"
2016-08-09 16:14:33.483,1,-0.246941176470588,0.446823529411765,0.902117647058824,0.75,1,"1.sitting",1,"1.Resting",46608,"sitting","Resting","land","land","","2016-08-09 16:14:33"
2016-08-09 16:14:33.543,1,-0.247058823529412,0.447176470588235,0.898882352941176,0.75,1,"1.sitting",1,"1.Resting",46608,"sitting","Resting","land","land","","2016-08-09 16:14:33"
2016-08-09 16:14:33.604,1,-0.247176470588235,0.447529411764706,0.895647058823529,0.75,1,"1.sitting",1,"1.Resting",46608,"sitting","Resting","land","land","","2016-08-09 16:14:33"
2016-08-09 16:14:33.665,1,-0.247294117647059,0.447882352941176,0.892411764705882,0.75,1,"1.sitting",1,"1.Resting",46608,"sitting","Resting","land","land","","2016-08-09 16:14:33"
2016-08-09 16:14:33.726,1,-0.247411764705882,0.448235294117647,0.889176470588235,0.75,1,"1.sitting",1,"1.Resting",46608,"sitting","Resting","land","land","","2016-08-09 16:14:33"
2016-08-09 16:14:33.787,1,-0.247529411764706,0.448588235294118,0.885941176470588,0.75,1,"1.sitting",1,"1.Resting",46608,"sitting","Resting","land","land","","2016-08-09 16:14:33"
2016-08-09 16:14:33.847,1,-0.247647058823529,0.448941176470588,0.882705882352941,0.75,1,"1.sitting",1,"1.Resting",46608,"sitting","Resting","land","land","","2016-08-09 16:14:33"
2016-08-09 16:14:33.908,1,-0.247764705882353,0.449294117647059,0.879470588235294,0.75,1,"1.sitting",1,"1.Resting",46608,"sitting","Resting","land","land","","2016-08-09 16:14:33"
2016-08-09 16:14:33.969,1,-0.247882352941176,0.449647058823529,0.876235294117647,0.75,1,"1.sitting",1,"1.Resting",46608,"sitting","Resting","land","land","","2016-08-09 16:14:33"
2016-08-09 16:14:34.030,1,-0.166941176470588,0.393647058823529,0.878176470588235,0.75,1,"1.sitting",1,"1.Resting",46633,"sitting","Resting","land","land","","2016-08-09 16:14:34"
2016-08-09 16:14:34.091,1,-0.166882352941176,0.394294117647059,0.877352941176471,0.75,1,"1.sitting",1,"1.Resting",46633,"sitting","Resting","land","land","","2016-08-09 16:14:34"
2016-08-09 16:14:34.152,1,-0.166823529411765,0.394941176470588,0.876529411764706,0.75,1,"1.sitting",1,"1.Resting",46633,"sitting","Resting","land","land","","2016-08-09 16:14:34"
2016-08-09 16:14:34.212,1,-0.166764705882353,0.395588235294118,0.875705882352941,0.75,1,"1.sitting",1,"1.Resting",46633,"sitting","Resting","land","land","","2016-08-09 16:14:34"
2016-08-09 16:14:34.273,1,-0.166705882352941,0.396235294117647,0.874882352941176,0.75,1,"1.sitting",1,"1.Resting",46633,"sitting","Resting","land","land","","2016-08-09 16:14:34"
2016-08-09 16:14:34.334,1,-0.166647058823529,0.396882352941176,0.874058823529412,0.75,1,"1.sitting",1,"1.Resting",46633,"sitting","Resting","land","land","","2016-08-09 16:14:34"
2016-08-09 16:14:34.395,1,-0.166588235294118,0.397529411764706,0.873235294117647,0.75,1,"1.sitting",1,"1.Resting",46633,"sitting","Resting","land","land","","2016-08-09 16:14:34"
2016-08-09 16:14:34.456,1,-0.166529411764706,0.398176470588235,0.872411764705882,0.75,1,"1.sitting",1,"1.Resting",46633,"sitting","Resting","land","land","","2016-08-09 16:14:34"
2016-08-09 16:14:34.516,1,-0.166470588235294,0.398823529411765,0.871588235294118,0.75,1,"1.sitting",1,"1.Resting",46633,"sitting","Resting","land","land","","2016-08-09 16:14:34"
2016-08-09 16:14:34.577,1,-0.166411764705882,0.399470588235294,0.870764705882353,0.75,1,"1.sitting",1,"1.Resting",46633,"sitting","Resting","land","land","","2016-08-09 16:14:34"
2016-08-09 16:14:34.638,1,-0.166352941176471,0.400117647058824,0.869941176470588,0.75,1,"1.sitting",1,"1.Resting",46633,"sitting","Resting","land","land","","2016-08-09 16:14:34"
2016-08-09 16:14:34.699,1,-0.166294117647059,0.400764705882353,0.869117647058824,0.75,1,"1.sitting",1,"1.Resting",46633,"sitting","Resting","land","land","","2016-08-09 16:14:34"
2016-08-09 16:14:34.760,1,-0.166235294117647,0.401411764705882,0.868294117647059,0.75,1,"1.sitting",1,"1.Resting",46633,"sitting","Resting","land","land","","2016-08-09 16:14:34"
2016-08-09 16:14:34.821,1,-0.166176470588235,0.402058823529412,0.867470588235294,0.75,1,"1.sitting",1,"1.Resting",46633,"sitting","Resting","land","land","","2016-08-09 16:14:34"
2016-08-09 16:14:34.881,1,-0.166117647058824,0.402705882352941,0.866647058823529,0.75,1,"1.sitting",1,"1.Resting",46633,"sitting","Resting","land","land","","2016-08-09 16:14:34"
2016-08-09 16:14:34.942,1,-0.166058823529412,0.403352941176471,0.865823529411765,0.75,1,"1.sitting",1,"1.Resting",46633,"sitting","Resting","land","land","","2016-08-09 16:14:34"
2016-08-09 16:14:35.003,1,-0.055,0.4105,0.945722222222222,0.75,1,"1.sitting",1,"1.Resting",46652,"sitting","Resting","land","land","","2016-08-09 16:14:35"
2016-08-09 16:14:35.064,1,-0.056,0.41,0.943444444444444,0.75,1,"1.sitting",1,"1.Resting",46652,"sitting","Resting","land","land","","2016-08-09 16:14:35"
2016-08-09 16:14:35.125,1,-0.057,0.4095,0.941166666666667,0.75,1,"1.sitting",1,"1.Resting",46652,"sitting","Resting","land","land","","2016-08-09 16:14:35"
2016-08-09 16:14:35.186,1,-0.058,0.409,0.938888888888889,0.75,1,"1.sitting",1,"1.Resting",46652,"sitting","Resting","land","land","","2016-08-09 16:14:35"
2016-08-09 16:14:35.246,1,-0.059,0.4085,0.936611111111111,0.75,1,"1.sitting",1,"1.Resting",46652,"sitting","Resting","land","land","","2016-08-09 16:14:35"
2016-08-09 16:14:35.307,1,-0.06,0.408,0.934333333333333,0.75,1,"1.sitting",1,"1.Resting",46652,"sitting","Resting","land","land","","2016-08-09 16:14:35"
2016-08-09 16:14:35.368,1,-0.061,0.4075,0.932055555555556,0.75,1,"1.sitting",1,"1.Resting",46652,"sitting","Resting","land","land","","2016-08-09 16:14:35"
2016-08-09 16:14:35.429,1,-0.062,0.407,0.929777777777778,0.75,1,"1.sitting",1,"1.Resting",46652,"sitting","Resting","land","land","","2016-08-09 16:14:35"
2016-08-09 16:14:35.490,1,-0.063,0.4065,0.9275,0.75,1,"1.sitting",1,"1.Resting",46652,"sitting","Resting","land","land","","2016-08-09 16:14:35"
2016-08-09 16:14:35.550,1,-0.064,0.406,0.925222222222222,0.75,1,"1.sitting",1,"1.Resting",46652,"sitting","Resting","land","land","","2016-08-09 16:14:35"
2016-08-09 16:14:35.611,1,-0.065,0.4055,0.922944444444444,0.75,1,"1.sitting",1,"1.Resting",46652,"sitting","Resting","land","land","","2016-08-09 16:14:35"
2016-08-09 16:14:35.672,1,-0.066,0.405,0.920666666666667,0.75,1,"1.sitting",1,"1.Resting",46652,"sitting","Resting","land","land","","2016-08-09 16:14:35"
2016-08-09 16:14:35.733,1,-0.067,0.4045,0.918388888888889,0.75,1,"1.sitting",1,"1.Resting",46652,"sitting","Resting","land","land","","2016-08-09 16:14:35"
2016-08-09 16:14:35.794,1,-0.068,0.404,0.916111111111111,0.75,1,"1.sitting",1,"1.Resting",46652,"sitting","Resting","land","land","","2016-08-09 16:14:35"
2016-08-09 16:14:35.855,1,-0.069,0.4035,0.913833333333333,0.75,1,"1.sitting",1,"1.Resting",46652,"sitting","Resting","land","land","","2016-08-09 16:14:35"
2016-08-09 16:14:35.915,1,-0.07,0.403,0.911555555555556,0.75,1,"1.sitting",1,"1.Resting",46652,"sitting","Resting","land","land","","2016-08-09 16:14:35"
2016-08-09 16:14:35.976,1,-0.071,0.4025,0.909277777777778,0.75,1,"1.sitting",1,"1.Resting",46652,"sitting","Resting","land","land","","2016-08-09 16:14:35"
2016-08-09 16:14:36.037,1,0.0277647058823529,0.519235294117647,0.875470588235294,0.75,1,"1.sitting",1,"1.Resting",46673,"sitting","Resting","land","land","","2016-08-09 16:14:36"
2016-08-09 16:14:36.098,1,0.0265294117647059,0.519470588235294,0.873941176470588,0.75,1,"1.sitting",1,"1.Resting",46673,"sitting","Resting","land","land","","2016-08-09 16:14:36"
2016-08-09 16:14:36.159,1,0.0252941176470588,0.519705882352941,0.872411764705882,0.75,1,"1.sitting",1,"1.Resting",46673,"sitting","Resting","land","land","","2016-08-09 16:14:36"
2016-08-09 16:14:36.220,1,0.0240588235294118,0.519941176470588,0.870882352941176,0.75,1,"1.sitting",1,"1.Resting",46673,"sitting","Resting","land","land","","2016-08-09 16:14:36"
2016-08-09 16:14:36.280,1,0.0228235294117647,0.520176470588235,0.869352941176471,0.75,1,"1.sitting",1,"1.Resting",46673,"sitting","Resting","land","land","","2016-08-09 16:14:36"
2016-08-09 16:14:36.341,1,0.0215882352941176,0.520411764705882,0.867823529411765,0.75,1,"1.sitting",1,"1.Resting",46673,"sitting","Resting","land","land","","2016-08-09 16:14:36"
2016-08-09 16:14:36.402,1,0.0203529411764706,0.520647058823529,0.866294117647059,0.75,1,"1.sitting",1,"1.Resting",46673,"sitting","Resting","land","land","","2016-08-09 16:14:36"
2016-08-09 16:14:36.463,1,0.0191176470588235,0.520882352941176,0.864764705882353,0.75,1,"1.sitting",1,"1.Resting",46673,"sitting","Resting","land","land","","2016-08-09 16:14:36"
2016-08-09 16:14:36.524,1,0.0178823529411765,0.521117647058824,0.863235294117647,0.75,1,"1.sitting",1,"1.Resting",46673,"sitting","Resting","land","land","","2016-08-09 16:14:36"
2016-08-09 16:14:36.584,1,0.0166470588235294,0.521352941176471,0.861705882352941,0.75,1,"1.sitting",1,"1.Resting",46673,"sitting","Resting","land","land","","2016-08-09 16:14:36"
2016-08-09 16:14:36.645,1,0.0154117647058824,0.521588235294118,0.860176470588235,0.75,1,"1.sitting",1,"1.Resting",46673,"sitting","Resting","land","land","","2016-08-09 16:14:36"
2016-08-09 16:14:36.706,1,0.0141764705882353,0.521823529411765,0.858647058823529,0.75,1,"1.sitting",1,"1.Resting",46673,"sitting","Resting","land","land","","2016-08-09 16:14:36"
2016-08-09 16:14:36.767,1,0.0129411764705882,0.522058823529412,0.857117647058824,0.75,1,"1.sitting",1,"1.Resting",46673,"sitting","Resting","land","land","","2016-08-09 16:14:36"
2016-08-09 16:14:36.828,1,0.0117058823529412,0.522294117647059,0.855588235294118,0.75,1,"1.sitting",1,"1.Resting",46673,"sitting","Resting","land","land","","2016-08-09 16:14:36"
2016-08-09 16:14:36.889,1,0.0104705882352941,0.522529411764706,0.854058823529412,0.75,1,"1.sitting",1,"1.Resting",46673,"sitting","Resting","land","land","","2016-08-09 16:14:36"
2016-08-09 16:14:36.949,1,0.00923529411764706,0.522764705882353,0.852529411764706,0.75,1,"1.sitting",1,"1.Resting",46673,"sitting","Resting","land","land","","2016-08-09 16:14:36"
2016-08-09 16:14:37.010,1,0.0742777777777778,0.531944444444444,0.870555555555556,0.75,1,"1.sitting",1,"1.Resting",46693,"sitting","Resting","land","land","","2016-08-09 16:14:37"
2016-08-09 16:14:37.071,1,0.0735555555555556,0.531888888888889,0.871111111111111,0.75,1,"1.sitting",1,"1.Resting",46693,"sitting","Resting","land","land","","2016-08-09 16:14:37"
2016-08-09 16:14:37.132,1,0.0728333333333333,0.531833333333333,0.871666666666667,0.75,1,"1.sitting",1,"1.Resting",46693,"sitting","Resting","land","land","","2016-08-09 16:14:37"
2016-08-09 16:14:37.193,1,0.0721111111111111,0.531777777777778,0.872222222222222,0.75,1,"1.sitting",1,"1.Resting",46693,"sitting","Resting","land","land","","2016-08-09 16:14:37"
2016-08-09 16:14:37.254,1,0.0713888888888889,0.531722222222222,0.872777777777778,0.75,1,"1.sitting",1,"1.Resting",46693,"sitting","Resting","land","land","","2016-08-09 16:14:37"
2016-08-09 16:14:37.314,1,0.0706666666666667,0.531666666666667,0.873333333333333,0.75,1,"1.sitting",1,"1.Resting",46693,"sitting","Resting","land","land","","2016-08-09 16:14:37"
2016-08-09 16:14:37.375,1,0.0699444444444444,0.531611111111111,0.873888888888889,0.75,1,"1.sitting",1,"1.Resting",46693,"sitting","Resting","land","land","","2016-08-09 16:14:37"
2016-08-09 16:14:37.436,1,0.0692222222222222,0.531555555555556,0.874444444444444,0.75,1,"1.sitting",1,"1.Resting",46693,"sitting","Resting","land","land","","2016-08-09 16:14:37"
2016-08-09 16:14:37.497,1,0.0685,0.5315,0.875,0.75,1,"1.sitting",1,"1.Resting",46693,"sitting","Resting","land","land","","2016-08-09 16:14:37"
2016-08-09 16:14:37.558,1,0.0677777777777778,0.531444444444444,0.875555555555556,0.75,1,"1.sitting",1,"1.Resting",46693,"sitting","Resting","land","land","","2016-08-09 16:14:37"
2016-08-09 16:14:37.618,1,0.0670555555555555,0.531388888888889,0.876111111111111,0.75,1,"1.sitting",1,"1.Resting",46693,"sitting","Resting","land","land","","2016-08-09 16:14:37"
2016-08-09 16:14:37.679,1,0.0663333333333333,0.531333333333333,0.876666666666667,0.75,1,"1.sitting",1,"1.Resting",46693,"sitting","Resting","land","land","","2016-08-09 16:14:37"
2016-08-09 16:14:37.740,1,0.0656111111111111,0.531277777777778,0.877222222222222,0.75,1,"1.sitting",1,"1.Resting",46693,"sitting","Resting","land","land","","2016-08-09 16:14:37"
2016-08-09 16:14:37.801,1,0.0648888888888889,0.531222222222222,0.877777777777778,0.75,1,"1.sitting",1,"1.Resting",46693,"sitting","Resting","land","land","","2016-08-09 16:14:37"
2016-08-09 16:14:37.862,1,0.0641666666666667,0.531166666666667,0.878333333333333,0.75,1,"1.sitting",1,"1.Resting",46693,"sitting","Resting","land","land","","2016-08-09 16:14:37"
2016-08-09 16:14:37.923,1,0.0634444444444444,0.531111111111111,0.878888888888889,0.75,1,"1.sitting",1,"1.Resting",46693,"sitting","Resting","land","land","","2016-08-09 16:14:37"
2016-08-09 16:14:37.983,1,0.0627222222222222,0.531055555555556,0.879444444444444,0.75,1,"1.sitting",1,"1.Resting",46693,"sitting","Resting","land","land","","2016-08-09 16:14:37"
2016-08-09 16:14:38.044,1,0.163,0.647176470588235,0.838588235294118,0.75,1,"1.sitting",1,"1.Resting",46712,"sitting","Resting","land","land","","2016-08-09 16:14:38"
2016-08-09 16:14:38.105,1,0.162,0.646352941176471,0.840176470588235,0.75,1,"1.sitting",1,"1.Resting",46712,"sitting","Resting","land","land","","2016-08-09 16:14:38"
2016-08-09 16:14:38.166,1,0.161,0.645529411764706,0.841764705882353,0.75,1,"1.sitting",1,"1.Resting",46712,"sitting","Resting","land","land","","2016-08-09 16:14:38"
2016-08-09 16:14:38.227,1,0.16,0.644705882352941,0.843352941176471,0.75,1,"1.sitting",1,"1.Resting",46712,"sitting","Resting","land","land","","2016-08-09 16:14:38"
2016-08-09 16:14:38.288,1,0.159,0.643882352941176,0.844941176470588,0.75,1,"1.sitting",1,"1.Resting",46712,"sitting","Resting","land","land","","2016-08-09 16:14:38"
2016-08-09 16:14:38.348,1,0.158,0.643058823529412,0.846529411764706,0.75,1,"1.sitting",1,"1.Resting",46712,"sitting","Resting","land","land","","2016-08-09 16:14:38"
2016-08-09 16:14:38.409,1,0.157,0.642235294117647,0.848117647058824,0.75,1,"1.sitting",1,"1.Resting",46712,"sitting","Resting","land","land","","2016-08-09 16:14:38"
2016-08-09 16:14:38.470,1,0.156,0.641411764705882,0.849705882352941,0.75,1,"1.sitting",1,"1.Resting",46712,"sitting","Resting","land","land","","2016-08-09 16:14:38"
2016-08-09 16:14:38.531,1,0.155,0.640588235294118,0.851294117647059,0.75,1,"1.sitting",1,"1.Resting",46712,"sitting","Resting","land","land","","2016-08-09 16:14:38"
2016-08-09 16:14:38.592,1,0.154,0.639764705882353,0.852882352941176,0.75,1,"1.sitting",1,"1.Resting",46712,"sitting","Resting","land","land","","2016-08-09 16:14:38"
2016-08-09 16:14:38.652,1,0.153,0.638941176470588,0.854470588235294,0.75,1,"1.sitting",1,"1.Resting",46712,"sitting","Resting","land","land","","2016-08-09 16:14:38"
2016-08-09 16:14:38.713,1,0.152,0.638117647058824,0.856058823529412,0.75,1,"1.sitting",1,"1.Resting",46712,"sitting","Resting","land","land","","2016-08-09 16:14:38"
2016-08-09 16:14:38.774,1,0.151,0.637294117647059,0.857647058823529,0.75,1,"1.sitting",1,"1.Resting",46712,"sitting","Resting","land","land","","2016-08-09 16:14:38"
2016-08-09 16:14:38.835,1,0.15,0.636470588235294,0.859235294117647,0.75,1,"1.sitting",1,"1.Resting",46712,"sitting","Resting","land","land","","2016-08-09 16:14:38"
2016-08-09 16:14:38.896,1,0.149,0.635647058823529,0.860823529411765,0.75,1,"1.sitting",1,"1.Resting",46712,"sitting","Resting","land","land","","2016-08-09 16:14:38"
2016-08-09 16:14:38.957,1,0.148,0.634823529411765,0.862411764705882,0.75,1,"1.sitting",1,"1.Resting",46712,"sitting","Resting","land","land","","2016-08-09 16:14:38"
2016-08-09 16:14:39.017,1,0.0841666666666667,0.618277777777778,0.799777777777778,0.75,1,"1.sitting",1,"1.Resting",46717,"sitting","Resting","land","land","","2016-08-09 16:14:39"
2016-08-09 16:14:39.078,1,0.0853333333333333,0.616555555555556,0.797555555555556,0.75,1,"1.sitting",1,"1.Resting",46717,"sitting","Resting","land","land","","2016-08-09 16:14:39"
2016-08-09 16:14:39.139,1,0.0865,0.614833333333333,0.795333333333333,0.75,1,"1.sitting",1,"1.Resting",46717,"sitting","Resting","land","land","","2016-08-09 16:14:39"
2016-08-09 16:14:39.200,1,0.0876666666666667,0.613111111111111,0.793111111111111,0.75,1,"1.sitting",1,"1.Resting",46717,"sitting","Resting","land","land","","2016-08-09 16:14:39"
2016-08-09 16:14:39.261,1,0.0888333333333333,0.611388888888889,0.790888888888889,0.75,1,"1.sitting",1,"1.Resting",46717,"sitting","Resting","land","land","","2016-08-09 16:14:39"
2016-08-09 16:14:39.322,1,0.09,0.609666666666667,0.788666666666667,0.75,1,"1.sitting",1,"1.Resting",46717,"sitting","Resting","land","land","","2016-08-09 16:14:39"
2016-08-09 16:14:39.382,1,0.0911666666666667,0.607944444444444,0.786444444444445,0.75,1,"1.sitting",1,"1.Resting",46717,"sitting","Resting","land","land","","2016-08-09 16:14:39"
2016-08-09 16:14:39.443,1,0.0923333333333333,0.606222222222222,0.784222222222222,0.75,1,"1.sitting",1,"1.Resting",46717,"sitting","Resting","land","land","","2016-08-09 16:14:39"
2016-08-09 16:14:39.504,1,0.0935,0.6045,0.782,0.75,1,"1.sitting",1,"1.Resting",46717,"sitting","Resting","land","land","","2016-08-09 16:14:39"
2016-08-09 16:14:39.565,1,0.0946666666666667,0.602777777777778,0.779777777777778,0.75,1,"1.sitting",1,"1.Resting",46717,"sitting","Resting","land","land","","2016-08-09 16:14:39"
2016-08-09 16:14:39.626,1,0.0958333333333333,0.601055555555556,0.777555555555556,0.75,1,"1.sitting",1,"1.Resting",46717,"sitting","Resting","land","land","","2016-08-09 16:14:39"
2016-08-09 16:14:39.686,1,0.097,0.599333333333333,0.775333333333333,0.75,1,"1.sitting",1,"1.Resting",46717,"sitting","Resting","land","land","","2016-08-09 16:14:39"
2016-08-09 16:14:39.747,1,0.0981666666666667,0.597611111111111,0.773111111111111,0.75,1,"1.sitting",1,"1.Resting",46717,"sitting","Resting","land","land","","2016-08-09 16:14:39"
2016-08-09 16:14:39.808,1,0.0993333333333333,0.595888888888889,0.770888888888889,0.75,1,"1.sitting",1,"1.Resting",46717,"sitting","Resting","land","land","","2016-08-09 16:14:39"
2016-08-09 16:14:39.869,1,0.1005,0.594166666666667,0.768666666666667,0.75,1,"1.sitting",1,"1.Resting",46717,"sitting","Resting","land","land","","2016-08-09 16:14:39"
2016-08-09 16:14:39.930,1,0.101666666666667,0.592444444444444,0.766444444444444,0.75,1,"1.sitting",1,"1.Resting",46717,"sitting","Resting","land","land","","2016-08-09 16:14:39"
2016-08-09 16:14:39.991,1,0.102833333333333,0.590722222222222,0.764222222222222,0.75,1,"1.sitting",1,"1.Resting",46717,"sitting","Resting","land","land","","2016-08-09 16:14:39"
2016-08-09 16:14:40.051,1,0.0803529411764706,0.593176470588235,0.803588235294118,0.712352941176471,1,"1.sitting",1,"1.Resting",46736,"sitting","Resting","land","land","","2016-08-09 16:14:40"
2016-08-09 16:14:40.112,1,0.0797058823529412,0.593352941176471,0.803176470588235,0.714705882352941,1,"1.sitting",1,"1.Resting",46736,"sitting","Resting","land","land","","2016-08-09 16:14:40"
2016-08-09 16:14:40.173,1,0.0790588235294118,0.593529411764706,0.802764705882353,0.717058823529412,1,"1.sitting",1,"1.Resting",46736,"sitting","Resting","land","land","","2016-08-09 16:14:40"
2016-08-09 16:14:40.234,1,0.0784117647058824,0.593705882352941,0.802352941176471,0.719411764705882,1,"1.sitting",1,"1.Resting",46736,"sitting","Resting","land","land","","2016-08-09 16:14:40"
2016-08-09 16:14:40.295,1,0.0777647058823529,0.593882352941176,0.801941176470588,0.721764705882353,1,"1.sitting",1,"1.Resting",46736,"sitting","Resting","land","land","","2016-08-09 16:14:40"
2016-08-09 16:14:40.355,1,0.0771176470588235,0.594058823529412,0.801529411764706,0.724117647058824,1,"1.sitting",1,"1.Resting",46736,"sitting","Resting","land","land","","2016-08-09 16:14:40"
2016-08-09 16:14:40.416,1,0.0764705882352941,0.594235294117647,0.801117647058824,0.726470588235294,1,"1.sitting",1,"1.Resting",46736,"sitting","Resting","land","land","","2016-08-09 16:14:40"
2016-08-09 16:14:40.477,1,0.0758235294117647,0.594411764705882,0.800705882352941,0.728823529411765,1,"1.sitting",1,"1.Resting",46736,"sitting","Resting","land","land","","2016-08-09 16:14:40"
2016-08-09 16:14:40.538,1,0.0751764705882353,0.594588235294118,0.800294117647059,0.731176470588235,1,"1.sitting",1,"1.Resting",46736,"sitting","Resting","land","land","","2016-08-09 16:14:40"
2016-08-09 16:14:40.599,1,0.0745294117647059,0.594764705882353,0.799882352941176,0.733529411764706,1,"1.sitting",1,"1.Resting",46736,"sitting","Resting","land","land","","2016-08-09 16:14:40"
2016-08-09 16:14:40.660,1,0.0738823529411765,0.594941176470588,0.799470588235294,0.735882352941176,1,"1.sitting",1,"1.Resting",46736,"sitting","Resting","land","land","","2016-08-09 16:14:40"
2016-08-09 16:14:40.720,1,0.0732352941176471,0.595117647058824,0.799058823529412,0.738235294117647,1,"1.sitting",1,"1.Resting",46736,"sitting","Resting","land","land","","2016-08-09 16:14:40"
2016-08-09 16:14:40.781,1,0.0725882352941176,0.595294117647059,0.798647058823529,0.740588235294118,1,"1.sitting",1,"1.Resting",46736,"sitting","Resting","land","land","","2016-08-09 16:14:40"
2016-08-09 16:14:40.842,1,0.0719411764705882,0.595470588235294,0.798235294117647,0.742941176470588,1,"1.sitting",1,"1.Resting",46736,"sitting","Resting","land","land","","2016-08-09 16:14:40"
2016-08-09 16:14:40.903,1,0.0712941176470588,0.595647058823529,0.797823529411765,0.745294117647059,1,"1.sitting",1,"1.Resting",46736,"sitting","Resting","land","land","","2016-08-09 16:14:40"
2016-08-09 16:14:40.964,1,0.0706470588235294,0.595823529411765,0.797411764705882,0.747647058823529,1,"1.sitting",1,"1.Resting",46736,"sitting","Resting","land","land","","2016-08-09 16:14:40"
2016-08-09 16:14:41.025,1,-0.0236111111111111,0.632055555555556,0.742777777777778,0.75,1,"1.sitting",1,"1.Resting",46762,"sitting","Resting","land","land","","2016-08-09 16:14:41"
2016-08-09 16:14:41.085,1,-0.0242222222222222,0.632111111111111,0.747555555555556,0.75,1,"1.sitting",1,"1.Resting",46762,"sitting","Resting","land","land","","2016-08-09 16:14:41"
2016-08-09 16:14:41.146,1,-0.0248333333333333,0.632166666666667,0.752333333333333,0.75,1,"1.sitting",1,"1.Resting",46762,"sitting","Resting","land","land","","2016-08-09 16:14:41"
2016-08-09 16:14:41.207,1,-0.0254444444444444,0.632222222222222,0.757111111111111,0.75,1,"1.sitting",1,"1.Resting",46762,"sitting","Resting","land","land","","2016-08-09 16:14:41"
2016-08-09 16:14:41.268,1,-0.0260555555555556,0.632277777777778,0.761888888888889,0.75,1,"1.sitting",1,"1.Resting",46762,"sitting","Resting","land","land","","2016-08-09 16:14:41"
2016-08-09 16:14:41.329,1,-0.0266666666666667,0.632333333333333,0.766666666666667,0.75,1,"1.sitting",1,"1.Resting",46762,"sitting","Resting","land","land","","2016-08-09 16:14:41"
2016-08-09 16:14:41.389,1,-0.0272777777777778,0.632388888888889,0.771444444444444,0.75,1,"1.sitting",1,"1.Resting",46762,"sitting","Resting","land","land","","2016-08-09 16:14:41"
2016-08-09 16:14:41.450,1,-0.0278888888888889,0.632444444444444,0.776222222222222,0.75,1,"1.sitting",1,"1.Resting",46762,"sitting","Resting","land","land","","2016-08-09 16:14:41"
2016-08-09 16:14:41.511,1,-0.0285,0.6325,0.781,0.75,1,"1.sitting",1,"1.Resting",46762,"sitting","Resting","land","land","","2016-08-09 16:14:41"
2016-08-09 16:14:41.572,1,-0.0291111111111111,0.632555555555556,0.785777777777778,0.75,1,"1.sitting",1,"1.Resting",46762,"sitting","Resting","land","land","","2016-08-09 16:14:41"
2016-08-09 16:14:41.633,1,-0.0297222222222222,0.632611111111111,0.790555555555556,0.75,1,"1.sitting",1,"1.Resting",46762,"sitting","Resting","land","land","","2016-08-09 16:14:41"
2016-08-09 16:14:41.694,1,-0.0303333333333333,0.632666666666667,0.795333333333333,0.75,1,"1.sitting",1,"1.Resting",46762,"sitting","Resting","land","land","","2016-08-09 16:14:41"
2016-08-09 16:14:41.754,1,-0.0309444444444444,0.632722222222222,0.800111111111111,0.75,1,"1.sitting",1,"1.Resting",46762,"sitting","Resting","land","land","","2016-08-09 16:14:41"
2016-08-09 16:14:41.815,1,-0.0315555555555556,0.632777777777778,0.804888888888889,0.75,1,"1.sitting",1,"1.Resting",46762,"sitting","Resting","land","land","","2016-08-09 16:14:41"
2016-08-09 16:14:41.876,1,-0.0321666666666667,0.632833333333333,0.809666666666667,0.75,1,"1.sitting",1,"1.Resting",46762,"sitting","Resting","land","land","","2016-08-09 16:14:41"
2016-08-09 16:14:41.937,1,-0.0327777777777778,0.632888888888889,0.814444444444444,0.75,1,"1.sitting",1,"1.Resting",46762,"sitting","Resting","land","land","","2016-08-09 16:14:41"
2016-08-09 16:14:41.998,1,-0.0333888888888889,0.632944444444444,0.819222222222222,0.75,1,"1.sitting",1,"1.Resting",46762,"sitting","Resting","land","land","","2016-08-09 16:14:41"
2016-08-09 16:14:42.059,1,-0.135705882352941,0.698058823529412,0.773294117647059,0.75,1,"1.moving",2,"2.Travelling",46776,"moving","Travelling","land","land","","2016-08-09 16:14:42"
2016-08-09 16:14:42.119,1,-0.136411764705882,0.700117647058824,0.772588235294118,0.75,1,"1.moving",2,"2.Travelling",46776,"moving","Travelling","land","land","","2016-08-09 16:14:42"
2016-08-09 16:14:42.180,1,-0.137117647058824,0.702176470588235,0.771882352941176,0.75,1,"1.moving",2,"2.Travelling",46776,"moving","Travelling","land","land","","2016-08-09 16:14:42"
2016-08-09 16:14:42.241,1,-0.137823529411765,0.704235294117647,0.771176470588235,0.75,1,"1.moving",2,"2.Travelling",46776,"moving","Travelling","land","land","","2016-08-09 16:14:42"
2016-08-09 16:14:42.302,1,-0.138529411764706,0.706294117647059,0.770470588235294,0.75,1,"1.moving",2,"2.Travelling",46776,"moving","Travelling","land","land","","2016-08-09 16:14:42"
2016-08-09 16:14:42.363,1,-0.139235294117647,0.708352941176471,0.769764705882353,0.75,1,"1.moving",2,"2.Travelling",46776,"moving","Travelling","land","land","","2016-08-09 16:14:42"
2016-08-09 16:14:42.423,1,-0.139941176470588,0.710411764705882,0.769058823529412,0.75,1,"1.moving",2,"2.Travelling",46776,"moving","Travelling","land","land","","2016-08-09 16:14:42"
2016-08-09 16:14:42.484,1,-0.140647058823529,0.712470588235294,0.768352941176471,0.75,1,"1.moving",2,"2.Travelling",46776,"moving","Travelling","land","land","","2016-08-09 16:14:42"
2016-08-09 16:14:42.545,1,-0.141352941176471,0.714529411764706,0.767647058823529,0.75,1,"1.moving",2,"2.Travelling",46776,"moving","Travelling","land","land","","2016-08-09 16:14:42"
2016-08-09 16:14:42.606,1,-0.142058823529412,0.716588235294118,0.766941176470588,0.75,1,"1.moving",2,"2.Travelling",46776,"moving","Travelling","land","land","","2016-08-09 16:14:42"
2016-08-09 16:14:42.667,1,-0.142764705882353,0.718647058823529,0.766235294117647,0.75,1,"1.moving",2,"2.Travelling",46776,"moving","Travelling","land","land","","2016-08-09 16:14:42"
2016-08-09 16:14:42.728,1,-0.143470588235294,0.720705882352941,0.765529411764706,0.75,1,"1.moving",2,"2.Travelling",46776,"moving","Travelling","land","land","","2016-08-09 16:14:42"
2016-08-09 16:14:42.788,1,-0.144176470588235,0.722764705882353,0.764823529411765,0.75,1,"1.moving",2,"2.Travelling",46776,"moving","Travelling","land","land","","2016-08-09 16:14:42"
2016-08-09 16:14:42.849,1,-0.144882352941176,0.724823529411765,0.764117647058824,0.75,1,"1.moving",2,"2.Travelling",46776,"moving","Travelling","land","land","","2016-08-09 16:14:42"
2016-08-09 16:14:42.910,1,-0.145588235294118,0.726882352941176,0.763411764705882,0.75,1,"1.moving",2,"2.Travelling",46776,"moving","Travelling","land","land","","2016-08-09 16:14:42"
2016-08-09 16:14:42.971,1,-0.146294117647059,0.728941176470588,0.762705882352941,0.75,1,"1.moving",2,"2.Travelling",46776,"moving","Travelling","land","land","","2016-08-09 16:14:42"
2016-08-09 16:14:43.032,1,-0.0530588235294118,0.481352941176471,0.811588235294118,0.75,1,"1.moving",2,"2.Travelling",46813,"moving","Travelling","land","land","","2016-08-09 16:14:43"
2016-08-09 16:14:43.093,1,-0.0531176470588235,0.479705882352941,0.812176470588235,0.75,1,"1.moving",2,"2.Travelling",46813,"moving","Travelling","land","land","","2016-08-09 16:14:43"
2016-08-09 16:14:43.153,1,-0.0531764705882353,0.478058823529412,0.812764705882353,0.75,1,"1.moving",2,"2.Travelling",46813,"moving","Travelling","land","land","","2016-08-09 16:14:43"
2016-08-09 16:14:43.214,1,-0.0532352941176471,0.476411764705882,0.813352941176471,0.75,1,"1.moving",2,"2.Travelling",46813,"moving","Travelling","land","land","","2016-08-09 16:14:43"
2016-08-09 16:14:43.275,1,-0.0532941176470588,0.474764705882353,0.813941176470588,0.75,1,"1.moving",2,"2.Travelling",46813,"moving","Travelling","land","land","","2016-08-09 16:14:43"
2016-08-09 16:14:43.336,1,-0.0533529411764706,0.473117647058824,0.814529411764706,0.75,1,"1.moving",2,"2.Travelling",46813,"moving","Travelling","land","land","","2016-08-09 16:14:43"
2016-08-09 16:14:43.397,1,-0.0534117647058824,0.471470588235294,0.815117647058824,0.75,1,"1.moving",2,"2.Travelling",46813,"moving","Travelling","land","land","","2016-08-09 16:14:43"
2016-08-09 16:14:43.457,1,-0.0534705882352941,0.469823529411765,0.815705882352941,0.75,1,"1.moving",2,"2.Travelling",46813,"moving","Travelling","land","land","","2016-08-09 16:14:43"
2016-08-09 16:14:43.518,1,-0.0535294117647059,0.468176470588235,0.816294117647059,0.75,1,"1.moving",2,"2.Travelling",46813,"moving","Travelling","land","land","","2016-08-09 16:14:43"
2016-08-09 16:14:43.579,1,-0.0535882352941176,0.466529411764706,0.816882352941177,0.75,1,"1.moving",2,"2.Travelling",46813,"moving","Travelling","land","land","","2016-08-09 16:14:43"
2016-08-09 16:14:43.640,1,-0.0536470588235294,0.464882352941176,0.817470588235294,0.75,1,"1.moving",2,"2.Travelling",46813,"moving","Travelling","land","land","","2016-08-09 16:14:43"
2016-08-09 16:14:43.701,1,-0.0537058823529412,0.463235294117647,0.818058823529412,0.75,1,"1.moving",2,"2.Travelling",46813,"moving","Travelling","land","land","","2016-08-09 16:14:43"
2016-08-09 16:14:43.762,1,-0.0537647058823529,0.461588235294118,0.818647058823529,0.75,1,"1.moving",2,"2.Travelling",46813,"moving","Travelling","land","land","","2016-08-09 16:14:43"
2016-08-09 16:14:43.822,1,-0.0538235294117647,0.459941176470588,0.819235294117647,0.75,1,"1.moving",2,"2.Travelling",46813,"moving","Travelling","land","land","","2016-08-09 16:14:43"
2016-08-09 16:14:43.883,1,-0.0538823529411765,0.458294117647059,0.819823529411765,0.75,1,"1.moving",2,"2.Travelling",46813,"moving","Travelling","land","land","","2016-08-09 16:14:43"
2016-08-09 16:14:43.944,1,-0.0539411764705882,0.456647058823529,0.820411764705882,0.75,1,"1.moving",2,"2.Travelling",46813,"moving","Travelling","land","land","","2016-08-09 16:14:43"
2016-08-09 16:14:44.005,1,-0.210833333333333,0.428888888888889,0.848388888888889,0.75,1,"1.moving",2,"2.Travelling",46814,"moving","Travelling","land","land","","2016-08-09 16:14:44"
2016-08-09 16:14:44.066,1,-0.208666666666667,0.430777777777778,0.855777777777778,0.75,1,"1.moving",2,"2.Travelling",46814,"moving","Travelling","land","land","","2016-08-09 16:14:44"
2016-08-09 16:14:44.127,1,-0.2065,0.432666666666667,0.863166666666667,0.75,1,"1.moving",2,"2.Travelling",46814,"moving","Travelling","land","land","","2016-08-09 16:14:44"
2016-08-09 16:14:44.187,1,-0.204333333333333,0.434555555555556,0.870555555555556,0.75,1,"1.moving",2,"2.Travelling",46814,"moving","Travelling","land","land","","2016-08-09 16:14:44"
2016-08-09 16:14:44.248,1,-0.202166666666667,0.436444444444444,0.877944444444444,0.75,1,"1.moving",2,"2.Travelling",46814,"moving","Travelling","land","land","","2016-08-09 16:14:44"
2016-08-09 16:14:44.309,1,-0.2,0.438333333333333,0.885333333333333,0.75,1,"1.moving",2,"2.Travelling",46814,"moving","Travelling","land","land","","2016-08-09 16:14:44"
2016-08-09 16:14:44.370,1,-0.197833333333333,0.440222222222222,0.892722222222222,0.75,1,"1.moving",2,"2.Travelling",46814,"moving","Travelling","land","land","","2016-08-09 16:14:44"
2016-08-09 16:14:44.431,1,-0.195666666666667,0.442111111111111,0.900111111111111,0.75,1,"1.moving",2,"2.Travelling",46814,"moving","Travelling","land","land","","2016-08-09 16:14:44"
2016-08-09 16:14:44.491,1,-0.1935,0.444,0.9075,0.75,1,"1.moving",2,"2.Travelling",46814,"moving","Travelling","land","land","","2016-08-09 16:14:44"
2016-08-09 16:14:44.552,1,-0.191333333333333,0.445888888888889,0.914888888888889,0.75,1,"1.moving",2,"2.Travelling",46814,"moving","Travelling","land","land","","2016-08-09 16:14:44"
2016-08-09 16:14:44.613,1,-0.189166666666667,0.447777777777778,0.922277777777778,0.75,1,"1.moving",2,"2.Travelling",46814,"moving","Travelling","land","land","","2016-08-09 16:14:44"
2016-08-09 16:14:44.674,1,-0.187,0.449666666666667,0.929666666666667,0.75,1,"1.moving",2,"2.Travelling",46814,"moving","Travelling","land","land","","2016-08-09 16:14:44"
2016-08-09 16:14:44.735,1,-0.184833333333333,0.451555555555556,0.937055555555556,0.75,1,"1.moving",2,"2.Travelling",46814,"moving","Travelling","land","land","","2016-08-09 16:14:44"
2016-08-09 16:14:44.796,1,-0.182666666666667,0.453444444444444,0.944444444444444,0.75,1,"1.moving",2,"2.Travelling",46814,"moving","Travelling","land","land","","2016-08-09 16:14:44"
2016-08-09 16:14:44.856,1,-0.1805,0.455333333333333,0.951833333333333,0.75,1,"1.moving",2,"2.Travelling",46814,"moving","Travelling","land","land","","2016-08-09 16:14:44"
2016-08-09 16:14:44.917,1,-0.178333333333333,0.457222222222222,0.959222222222222,0.75,1,"1.moving",2,"2.Travelling",46814,"moving","Travelling","land","land","","2016-08-09 16:14:44"
2016-08-09 16:14:44.978,1,-0.176166666666667,0.459111111111111,0.966611111111111,0.75,1,"1.moving",2,"2.Travelling",46814,"moving","Travelling","land","land","","2016-08-09 16:14:44"
2016-08-09 16:14:45.039,1,-0.226058823529412,0.448058823529412,0.886588235294118,0.75,1,"1.moving",2,"2.Travelling",46841,"moving","Travelling","land","land","","2016-08-09 16:14:45"
2016-08-09 16:14:45.100,1,-0.224117647058824,0.449117647058824,0.884176470588235,0.75,1,"1.moving",2,"2.Travelling",46841,"moving","Travelling","land","land","","2016-08-09 16:14:45"
2016-08-09 16:14:45.161,1,-0.222176470588235,0.450176470588235,0.881764705882353,0.75,1,"1.moving",2,"2.Travelling",46841,"moving","Travelling","land","land","","2016-08-09 16:14:45"
2016-08-09 16:14:45.221,1,-0.220235294117647,0.451235294117647,0.879352941176471,0.75,1,"1.moving",2,"2.Travelling",46841,"moving","Travelling","land","land","","2016-08-09 16:14:45"
2016-08-09 16:14:45.282,1,-0.218294117647059,0.452294117647059,0.876941176470588,0.75,1,"1.moving",2,"2.Travelling",46841,"moving","Travelling","land","land","","2016-08-09 16:14:45"
2016-08-09 16:14:45.343,1,-0.216352941176471,0.453352941176471,0.874529411764706,0.75,1,"1.moving",2,"2.Travelling",46841,"moving","Travelling","land","land","","2016-08-09 16:14:45"
2016-08-09 16:14:45.404,1,-0.214411764705882,0.454411764705882,0.872117647058824,0.75,1,"1.moving",2,"2.Travelling",46841,"moving","Travelling","land","land","","2016-08-09 16:14:45"
2016-08-09 16:14:45.465,1,-0.212470588235294,0.455470588235294,0.869705882352941,0.75,1,"1.moving",2,"2.Travelling",46841,"moving","Travelling","land","land","","2016-08-09 16:14:45"
2016-08-09 16:14:45.525,1,-0.210529411764706,0.456529411764706,0.867294117647059,0.75,1,"1.moving",2,"2.Travelling",46841,"moving","Travelling","land","land","","2016-08-09 16:14:45"
2016-08-09 16:14:45.586,1,-0.208588235294118,0.457588235294118,0.864882352941176,0.75,1,"1.moving",2,"2.Travelling",46841,"moving","Travelling","land","land","","2016-08-09 16:14:45"
2016-08-09 16:14:45.647,1,-0.206647058823529,0.458647058823529,0.862470588235294,0.75,1,"1.moving",2,"2.Travelling",46841,"moving","Travelling","land","land","","2016-08-09 16:14:45"
2016-08-09 16:14:45.708,1,-0.204705882352941,0.459705882352941,0.860058823529412,0.75,1,"1.moving",2,"2.Travelling",46841,"moving","Travelling","land","land","","2016-08-09 16:14:45"
2016-08-09 16:14:45.769,1,-0.202764705882353,0.460764705882353,0.857647058823529,0.75,1,"1.moving",2,"2.Travelling",46841,"moving","Travelling","land","land","","2016-08-09 16:14:45"
2016-08-09 16:14:45.830,1,-0.200823529411765,0.461823529411765,0.855235294117647,0.75,1,"1.moving",2,"2.Travelling",46841,"moving","Travelling","land","land","","2016-08-09 16:14:45"
2016-08-09 16:14:45.890,1,-0.198882352941176,0.462882352941176,0.852823529411765,0.75,1,"1.moving",2,"2.Travelling",46841,"moving","Travelling","land","land","","2016-08-09 16:14:45"
2016-08-09 16:14:45.951,1,-0.196941176470588,0.463941176470588,0.850411764705882,0.75,1,"1.moving",2,"2.Travelling",46841,"moving","Travelling","land","land","","2016-08-09 16:14:45"
2016-08-09 16:14:46.012,1,-0.113666666666667,0.353722222222222,0.887944444444444,0.75,2,"2.sitting",3,"3.Resting",46873,"sitting","Resting","land","land","","2016-08-09 16:14:46"
2016-08-09 16:14:46.073,1,-0.114333333333333,0.353444444444444,0.887888888888889,0.75,2,"2.sitting",3,"3.Resting",46873,"sitting","Resting","land","land","","2016-08-09 16:14:46"
2016-08-09 16:14:46.134,1,-0.115,0.353166666666667,0.887833333333333,0.75,2,"2.sitting",3,"3.Resting",46873,"sitting","Resting","land","land","","2016-08-09 16:14:46"
2016-08-09 16:14:46.194,1,-0.115666666666667,0.352888888888889,0.887777777777778,0.75,2,"2.sitting",3,"3.Resting",46873,"sitting","Resting","land","land","","2016-08-09 16:14:46"
2016-08-09 16:14:46.255,1,-0.116333333333333,0.352611111111111,0.887722222222222,0.75,2,"2.sitting",3,"3.Resting",46873,"sitting","Resting","land","land","","2016-08-09 16:14:46"
2016-08-09 16:14:46.316,1,-0.117,0.352333333333333,0.887666666666667,0.75,2,"2.sitting",3,"3.Resting",46873,"sitting","Resting","land","land","","2016-08-09 16:14:46"
2016-08-09 16:14:46.377,1,-0.117666666666667,0.352055555555556,0.887611111111111,0.75,2,"2.sitting",3,"3.Resting",46873,"sitting","Resting","land","land","","2016-08-09 16:14:46"
2016-08-09 16:14:46.438,1,-0.118333333333333,0.351777777777778,0.887555555555556,0.75,2,"2.sitting",3,"3.Resting",46873,"sitting","Resting","land","land","","2016-08-09 16:14:46"
2016-08-09 16:14:46.499,1,-0.119,0.3515,0.8875,0.75,2,"2.sitting",3,"3.Resting",46873,"sitting","Resting","land","land","","2016-08-09 16:14:46"
2016-08-09 16:14:46.559,1,-0.119666666666667,0.351222222222222,0.887444444444444,0.75,2,"2.sitting",3,"3.Resting",46873,"sitting","Resting","land","land","","2016-08-09 16:14:46"
2016-08-09 16:14:46.620,1,-0.120333333333333,0.350944444444444,0.887388888888889,0.75,2,"2.sitting",3,"3.Resting",46873,"sitting","Resting","land","land","","2016-08-09 16:14:46"
2016-08-09 16:14:46.681,1,-0.121,0.350666666666667,0.887333333333333,0.75,2,"2.sitting",3,"3.Resting",46873,"sitting","Resting","land","land","","2016-08-09 16:14:46"
2016-08-09 16:14:46.742,1,-0.121666666666667,0.350388888888889,0.887277777777778,0.75,2,"2.sitting",3,"3.Resting",46873,"sitting","Resting","land","land","","2016-08-09 16:14:46"
2016-08-09 16:14:46.803,1,-0.122333333333333,0.350111111111111,0.887222222222222,0.75,2,"2.sitting",3,"3.Resting",46873,"sitting","Resting","land","land","","2016-08-09 16:14:46"
2016-08-09 16:14:46.864,1,-0.123,0.349833333333333,0.887166666666667,0.75,2,"2.sitting",3,"3.Resting",46873,"sitting","Resting","land","land","","2016-08-09 16:14:46"
2016-08-09 16:14:46.924,1,-0.123666666666667,0.349555555555556,0.887111111111111,0.75,2,"2.sitting",3,"3.Resting",46873,"sitting","Resting","land","land","","2016-08-09 16:14:46"
2016-08-09 16:14:46.985,1,-0.124333333333333,0.349277777777778,0.887055555555556,0.75,2,"2.sitting",3,"3.Resting",46873,"sitting","Resting","land","land","","2016-08-09 16:14:46"
2016-08-09 16:14:47.046,1,-0.107529411764706,0.400529411764706,0.891647058823529,0.75,2,"2.sitting",3,"3.Resting",46887,"sitting","Resting","land","land","","2016-08-09 16:14:47"
2016-08-09 16:14:47.107,1,-0.107058823529412,0.400058823529412,0.890294117647059,0.75,2,"2.sitting",3,"3.Resting",46887,"sitting","Resting","land","land","","2016-08-09 16:14:47"
2016-08-09 16:14:47.168,1,-0.106588235294118,0.399588235294118,0.888941176470588,0.75,2,"2.sitting",3,"3.Resting",46887,"sitting","Resting","land","land","","2016-08-09 16:14:47"
2016-08-09 16:14:47.228,1,-0.106117647058824,0.399117647058824,0.887588235294118,0.75,2,"2.sitting",3,"3.Resting",46887,"sitting","Resting","land","land","","2016-08-09 16:14:47"
2016-08-09 16:14:47.289,1,-0.105647058823529,0.398647058823529,0.886235294117647,0.75,2,"2.sitting",3,"3.Resting",46887,"sitting","Resting","land","land","","2016-08-09 16:14:47"
2016-08-09 16:14:47.350,1,-0.105176470588235,0.398176470588235,0.884882352941176,0.75,2,"2.sitting",3,"3.Resting",46887,"sitting","Resting","land","land","","2016-08-09 16:14:47"
2016-08-09 16:14:47.411,1,-0.104705882352941,0.397705882352941,0.883529411764706,0.75,2,"2.sitting",3,"3.Resting",46887,"sitting","Resting","land","land","","2016-08-09 16:14:47"
2016-08-09 16:14:47.472,1,-0.104235294117647,0.397235294117647,0.882176470588235,0.75,2,"2.sitting",3,"3.Resting",46887,"sitting","Resting","land","land","","2016-08-09 16:14:47"
2016-08-09 16:14:47.533,1,-0.103764705882353,0.396764705882353,0.880823529411765,0.75,2,"2.sitting",3,"3.Resting",46887,"sitting","Resting","land","land","","2016-08-09 16:14:47"
2016-08-09 16:14:47.593,1,-0.103294117647059,0.396294117647059,0.879470588235294,0.75,2,"2.sitting",3,"3.Resting",46887,"sitting","Resting","land","land","","2016-08-09 16:14:47"
2016-08-09 16:14:47.654,1,-0.102823529411765,0.395823529411765,0.878117647058824,0.75,2,"2.sitting",3,"3.Resting",46887,"sitting","Resting","land","land","","2016-08-09 16:14:47"
2016-08-09 16:14:47.715,1,-0.102352941176471,0.395352941176471,0.876764705882353,0.75,2,"2.sitting",3,"3.Resting",46887,"sitting","Resting","land","land","","2016-08-09 16:14:47"
2016-08-09 16:14:47.776,1,-0.101882352941176,0.394882352941176,0.875411764705882,0.75,2,"2.sitting",3,"3.Resting",46887,"sitting","Resting","land","land","","2016-08-09 16:14:47"
2016-08-09 16:14:47.837,1,-0.101411764705882,0.394411764705882,0.874058823529412,0.75,2,"2.sitting",3,"3.Resting",46887,"sitting","Resting","land","land","","2016-08-09 16:14:47"
2016-08-09 16:14:47.898,1,-0.100941176470588,0.393941176470588,0.872705882352941,0.75,2,"2.sitting",3,"3.Resting",46887,"sitting","Resting","land","land","","2016-08-09 16:14:47"
2016-08-09 16:14:47.958,1,-0.100470588235294,0.393470588235294,0.871352941176471,0.75,2,"2.sitting",3,"3.Resting",46887,"sitting","Resting","land","land","","2016-08-09 16:14:47"
2016-08-09 16:14:48.019,1,-0.0853888888888889,0.435444444444444,0.909333333333333,0.75,2,"2.moving",4,"4.Travelling",46905,"moving","Travelling","land","land","","2016-08-09 16:14:48"
2016-08-09 16:14:48.080,1,-0.0847777777777778,0.433888888888889,0.907666666666667,0.75,2,"2.moving",4,"4.Travelling",46905,"moving","Travelling","land","land","","2016-08-09 16:14:48"
2016-08-09 16:14:48.141,1,-0.0841666666666667,0.432333333333333,0.906,0.75,2,"2.moving",4,"4.Travelling",46905,"moving","Travelling","land","land","","2016-08-09 16:14:48"
2016-08-09 16:14:48.202,1,-0.0835555555555555,0.430777777777778,0.904333333333333,0.75,2,"2.moving",4,"4.Travelling",46905,"moving","Travelling","land","land","","2016-08-09 16:14:48"
2016-08-09 16:14:48.262,1,-0.0829444444444444,0.429222222222222,0.902666666666667,0.75,2,"2.moving",4,"4.Travelling",46905,"moving","Travelling","land","land","","2016-08-09 16:14:48"
2016-08-09 16:14:48.323,1,-0.0823333333333333,0.427666666666667,0.901,0.75,2,"2.moving",4,"4.Travelling",46905,"moving","Travelling","land","land","","2016-08-09 16:14:48"
2016-08-09 16:14:48.384,1,-0.0817222222222222,0.426111111111111,0.899333333333333,0.75,2,"2.moving",4,"4.Travelling",46905,"moving","Travelling","land","land","","2016-08-09 16:14:48"
2016-08-09 16:14:48.445,1,-0.0811111111111111,0.424555555555556,0.897666666666667,0.75,2,"2.moving",4,"4.Travelling",46905,"moving","Travelling","land","land","","2016-08-09 16:14:48"
2016-08-09 16:14:48.506,1,-0.0805,0.423,0.896,0.75,2,"2.moving",4,"4.Travelling",46905,"moving","Travelling","land","land","","2016-08-09 16:14:48"
2016-08-09 16:14:48.567,1,-0.0798888888888889,0.421444444444444,0.894333333333333,0.75,2,"2.moving",4,"4.Travelling",46905,"moving","Travelling","land","land","","2016-08-09 16:14:48"
2016-08-09 16:14:48.627,1,-0.0792777777777778,0.419888888888889,0.892666666666667,0.75,2,"2.moving",4,"4.Travelling",46905,"moving","Travelling","land","land","","2016-08-09 16:14:48"
2016-08-09 16:14:48.688,1,-0.0786666666666667,0.418333333333333,0.891,0.75,2,"2.moving",4,"4.Travelling",46905,"moving","Travelling","land","land","","2016-08-09 16:14:48"
2016-08-09 16:14:48.749,1,-0.0780555555555555,0.416777777777778,0.889333333333333,0.75,2,"2.moving",4,"4.Travelling",46905,"moving","Travelling","land","land","","2016-08-09 16:14:48"
2016-08-09 16:14:48.810,1,-0.0774444444444444,0.415222222222222,0.887666666666667,0.75,2,"2.moving",4,"4.Travelling",46905,"moving","Travelling","land","land","","2016-08-09 16:14:48"
2016-08-09 16:14:48.871,1,-0.0768333333333333,0.413666666666667,0.886,0.75,2,"2.moving",4,"4.Travelling",46905,"moving","Travelling","land","land","","2016-08-09 16:14:48"
2016-08-09 16:14:48.932,1,-0.0762222222222222,0.412111111111111,0.884333333333333,0.75,2,"2.moving",4,"4.Travelling",46905,"moving","Travelling","land","land","","2016-08-09 16:14:48"
2016-08-09 16:14:48.992,1,-0.0756111111111111,0.410555555555556,0.882666666666667,0.75,2,"2.moving",4,"4.Travelling",46905,"moving","Travelling","land","land","","2016-08-09 16:14:48"
2016-08-09 16:14:49.053,1,-0.0935882352941177,0.447823529411765,1.01552941176471,0.75,2,"2.moving",4,"4.Travelling",46920,"moving","Travelling","land","land","","2016-08-09 16:14:49"
2016-08-09 16:14:49.114,1,-0.0931764705882353,0.446647058823529,1.01605882352941,0.75,2,"2.moving",4,"4.Travelling",46920,"moving","Travelling","land","land","","2016-08-09 16:14:49"
2016-08-09 16:14:49.175,1,-0.0927647058823529,0.445470588235294,1.01658823529412,0.75,2,"2.moving",4,"4.Travelling",46920,"moving","Travelling","land","land","","2016-08-09 16:14:49"
2016-08-09 16:14:49.236,1,-0.0923529411764706,0.444294117647059,1.01711764705882,0.75,2,"2.moving",4,"4.Travelling",46920,"moving","Travelling","land","land","","2016-08-09 16:14:49"
2016-08-09 16:14:49.296,1,-0.0919411764705882,0.443117647058824,1.01764705882353,0.75,2,"2.moving",4,"4.Travelling",46920,"moving","Travelling","land","land","","2016-08-09 16:14:49"
2016-08-09 16:14:49.357,1,-0.0915294117647059,0.441941176470588,1.01817647058824,0.75,2,"2.moving",4,"4.Travelling",46920,"moving","Travelling","land","land","","2016-08-09 16:14:49"
2016-08-09 16:14:49.418,1,-0.0911176470588235,0.440764705882353,1.01870588235294,0.75,2,"2.moving",4,"4.Travelling",46920,"moving","Travelling","land","land","","2016-08-09 16:14:49"
2016-08-09 16:14:49.479,1,-0.0907058823529412,0.439588235294118,1.01923529411765,0.75,2,"2.moving",4,"4.Travelling",46920,"moving","Travelling","land","land","","2016-08-09 16:14:49"
2016-08-09 16:14:49.540,1,-0.0902941176470588,0.438411764705882,1.01976470588235,0.75,2,"2.moving",4,"4.Travelling",46920,"moving","Travelling","land","land","","2016-08-09 16:14:49"
2016-08-09 16:14:49.601,1,-0.0898823529411765,0.437235294117647,1.02029411764706,0.75,2,"2.moving",4,"4.Travelling",46920,"moving","Travelling","land","land","","2016-08-09 16:14:49"
2016-08-09 16:14:49.661,1,-0.0894705882352941,0.436058823529412,1.02082352941176,0.75,2,"2.moving",4,"4.Travelling",46920,"moving","Travelling","land","land","","2016-08-09 16:14:49"
2016-08-09 16:14:49.722,1,-0.0890588235294118,0.434882352941176,1.02135294117647,0.75,2,"2.moving",4,"4.Travelling",46920,"moving","Travelling","land","land","","2016-08-09 16:14:49"
2016-08-09 16:14:49.783,1,-0.0886470588235294,0.433705882352941,1.02188235294118,0.75,2,"2.moving",4,"4.Travelling",46920,"moving","Travelling","land","land","","2016-08-09 16:14:49"
2016-08-09 16:14:49.844,1,-0.0882352941176471,0.432529411764706,1.02241176470588,0.75,2,"2.moving",4,"4.Travelling",46920,"moving","Travelling","land","land","","2016-08-09 16:14:49"
2016-08-09 16:14:49.905,1,-0.0878235294117647,0.431352941176471,1.02294117647059,0.75,2,"2.moving",4,"4.Travelling",46920,"moving","Travelling","land","land","","2016-08-09 16:14:49"
2016-08-09 16:14:49.966,1,-0.0874117647058823,0.430176470588235,1.02347058823529,0.75,2,"2.moving",4,"4.Travelling",46920,"moving","Travelling","land","land","","2016-08-09 16:14:49"
2016-08-09 16:14:50.026,1,-0.155166666666667,0.334777777777778,0.840444444444444,0.75,1,"1.lying",5,"5.Resting",46936,"lying","Resting","land","land","","2016-08-09 16:14:50"
2016-08-09 16:14:50.087,1,-0.156333333333333,0.335555555555556,0.839888888888889,0.75,1,"1.lying",5,"5.Resting",46936,"lying","Resting","land","land","","2016-08-09 16:14:50"
2016-08-09 16:14:50.148,1,-0.1575,0.336333333333333,0.839333333333333,0.75,1,"1.lying",5,"5.Resting",46936,"lying","Resting","land","land","","2016-08-09 16:14:50"
2016-08-09 16:14:50.209,1,-0.158666666666667,0.337111111111111,0.838777777777778,0.75,1,"1.lying",5,"5.Resting",46936,"lying","Resting","land","land","","2016-08-09 16:14:50"
2016-08-09 16:14:50.270,1,-0.159833333333333,0.337888888888889,0.838222222222222,0.75,1,"1.lying",5,"5.Resting",46936,"lying","Resting","land","land","","2016-08-09 16:14:50"
2016-08-09 16:14:50.330,1,-0.161,0.338666666666667,0.837666666666667,0.75,1,"1.lying",5,"5.Resting",46936,"lying","Resting","land","land","","2016-08-09 16:14:50"
2016-08-09 16:14:50.391,1,-0.162166666666667,0.339444444444444,0.837111111111111,0.75,1,"1.lying",5,"5.Resting",46936,"lying","Resting","land","land","","2016-08-09 16:14:50"
2016-08-09 16:14:50.452,1,-0.163333333333333,0.340222222222222,0.836555555555555,0.75,1,"1.lying",5,"5.Resting",46936,"lying","Resting","land","land","","2016-08-09 16:14:50"
2016-08-09 16:14:50.513,1,-0.1645,0.341,0.836,0.75,1,"1.lying",5,"5.Resting",46936,"lying","Resting","land","land","","2016-08-09 16:14:50"
2016-08-09 16:14:50.574,1,-0.165666666666667,0.341777777777778,0.835444444444444,0.75,1,"1.lying",5,"5.Resting",46936,"lying","Resting","land","land","","2016-08-09 16:14:50"
2016-08-09 16:14:50.635,1,-0.166833333333333,0.342555555555556,0.834888888888889,0.75,1,"1.lying",5,"5.Resting",46936,"lying","Resting","land","land","","2016-08-09 16:14:50"
2016-08-09 16:14:50.695,1,-0.168,0.343333333333333,0.834333333333333,0.75,1,"1.lying",5,"5.Resting",46936,"lying","Resting","land","land","","2016-08-09 16:14:50"
2016-08-09 16:14:50.756,1,-0.169166666666667,0.344111111111111,0.833777777777778,0.75,1,"1.lying",5,"5.Resting",46936,"lying","Resting","land","land","","2016-08-09 16:14:50"
2016-08-09 16:14:50.817,1,-0.170333333333333,0.344888888888889,0.833222222222222,0.75,1,"1.lying",5,"5.Resting",46936,"lying","Resting","land","land","","2016-08-09 16:14:50"
2016-08-09 16:14:50.878,1,-0.1715,0.345666666666667,0.832666666666667,0.75,1,"1.lying",5,"5.Resting",46936,"lying","Resting","land","land","","2016-08-09 16:14:50"
2016-08-09 16:14:50.939,1,-0.172666666666667,0.346444444444444,0.832111111111111,0.75,1,"1.lying",5,"5.Resting",46936,"lying","Resting","land","land","","2016-08-09 16:14:50"
2016-08-09 16:14:51.000,1,-0.173833333333333,0.347222222222222,0.831555555555555,0.75,1,"1.lying",5,"5.Resting",46936,"lying","Resting","land","land","","2016-08-09 16:14:50"
