land.Foraging,land.Grooming,land.Resting,land.Travelling,surface.Foraging,surface.Grooming,surface.Resting,surface.Travelling,underwater.Foraging,underwater.Grooming,underwater.Resting,underwater.Travelling,TOTAL (L),KJ,MJ
0.014937759,0.118672199,0.253941909,0.014937759,0.122821577,0.148547718,0.021576763,0.11120332,0.141078838,0.013278008,0.026556017,0.012448133,1356.474761,28391.01675,28.39101675
0.023329799,0.158006363,0.274655355,0.069989396,0.073170732,0.154825027,0.039236479,0.065747614,0.069989396,0.009544008,0.015906681,0.045599152,1388.327103,29057.68626,29.05768626
0.052919708,0.092153285,0.233576642,0.025547445,0.097627737,0.13229927,0.047445255,0.115875912,0.156934307,0.012773723,0.011861314,0.020985401,1525.428883,31927.22653,31.92722653
0.012237762,0.053321678,0.410839161,0.02534965,0.075174825,0.122377622,0.118881119,0.09527972,0.04020979,0.009615385,0.001748252,0.034965035,1157.931188,24235.49976,24.23549976
0.031353135,0.112211221,0.344059406,0.043729373,0.138613861,0.054455446,0.109735974,0.072607261,0.048679868,0.005775578,0.010726073,0.028052805,1314.108424,27504.28931,27.50428931
0.06323185,0.074941452,0.287275566,0.030444965,0.048399688,0.104605777,0.143637783,0.113192818,0.045277127,0.003903201,0.028883685,0.056206089,1372.788856,28732.47076,28.73247076
0.06227758,0.104092527,0.351423488,0.041814947,0.120106762,0.078291815,0.073843416,0.083629893,0.040925267,0.004448399,0.024021352,0.015124555,1389.470489,29081.61734,29.08161734
0.086290323,0.120967742,0.297580645,0.046774194,0.058870968,0.066935484,0.142741935,0.066935484,0.07016129,0.016129032,0.010483871,0.016129032,1415.041417,29616.81686,29.61681686
0.018461538,0.069230769,0.348461538,0.050769231,0.110769231,0.113846154,0.050769231,0.033076923,0.131538462,0.011538462,0.002307692,0.059230769,1397.452766,29248.68639,29.24868639
0.099378882,0.078083407,0.240461402,0.05501331,0.047914818,0.070984916,0.085181899,0.143744454,0.109139308,0.011535049,0.003549246,0.05501331,1706.487125,35716.77553,35.71677553
0.080291971,0.132197891,0.373073804,0.03081914,0.02838605,0.100567721,0.090024331,0.054339011,0.02595296,0.00892133,0.03163017,0.04379562,1268.295125,26545.41696,26.54541696
0.036166365,0.051537071,0.427667269,0.054249548,0.068716094,0.113924051,0.059674503,0.105786618,0.037070524,0.007233273,0.023508137,0.014466546,1311.721296,27454.32672,27.45432672
0.026256564,0.069017254,0.325581395,0.018004501,0.128282071,0.112528132,0.08252063,0.115528882,0.069017254,0.00300075,0.015753938,0.034508627,1326.776283,27769.4276,27.7694276
0.080231596,0.052109181,0.260545906,0.054590571,0.121588089,0.100082713,0.152191894,0.078577337,0.052936311,0.003308519,0.016542597,0.027295285,1542.117962,32276.52894,32.27652894
0.073593074,0.129004329,0.313419913,0.01991342,0.029437229,0.10995671,0.083116883,0.126406926,0.058874459,0.012987013,0.018181818,0.025108225,1340.833632,28063.64793,28.06364793
0.077554064,0.094705444,0.359433259,0.036539896,0.082774049,0.073079791,0.068605518,0.085756898,0.090231171,0.012677107,0.000745712,0.017897092,1447.00022,30285.71461,30.28571461
0.086690018,0.151488616,0.351138354,0.021015762,0.091943958,0.056917688,0.024518389,0.096322242,0.031523643,0.006129597,0.030647986,0.051663748,1407.062288,29449.8137,29.4498137
0.010604454,0.067868505,0.392364793,0.012725345,0.114528102,0.073170732,0.086956522,0.144220573,0.02757158,0.004241782,0.040296925,0.025450689,1176.448624,24623.0697,24.6230697
0.085930123,0.156751653,0.291784703,0.031161473,0.028328612,0.074598678,0.090651558,0.055712937,0.112370161,0.007554297,0.004721435,0.060434372,1429.153265,29912.17784,29.91217784
0.042816365,0.064700285,0.396764986,0.005708849,0.051379638,0.13320647,0.13320647,0.081826832,0.024738344,0.015223597,0.004757374,0.04567079,1140.847778,23877.944,23.877944
0.076589595,0.104046243,0.294797688,0.005057803,0.089595376,0.052023121,0.106936416,0.100433526,0.11632948,0.00867052,0.007225434,0.038294798,1420.146751,29723.67151,29.72367151
0.031021898,0.070255474,0.283759124,0.008211679,0.130474453,0.115875912,0.045620438,0.115875912,0.135036496,0.006386861,0.010036496,0.047445255,1431.788121,29967.32538,29.96732538
0.04313099,0.125399361,0.267571885,0.014376997,0.03913738,0.158146965,0.107028754,0.075878594,0.139776358,0.003194888,0.002396166,0.023961661,1298.933813,27186.68472,27.18668472
0.061634349,0.042936288,0.313711911,0.018698061,0.118421053,0.063711911,0.120498615,0.092797784,0.106648199,0.004847645,0.008310249,0.047783934,1453.498654,30421.72683,30.42172683
0.027347311,0.0674567,0.240656335,0.025524157,0.062898815,0.182315406,0.117593437,0.127620784,0.07657247,0.008204193,0.016408387,0.047402005,1349.686946,28248.94778,28.24894778
0.076422764,0.11300813,0.225203252,0.009756098,0.06504065,0.157723577,0.095121951,0.087804878,0.091869919,0.015447154,0.027642276,0.03495935,1401.987284,29343.59385,29.34359385
0.072173216,0.096230954,0.301523657,0.045709703,0.033680834,0.102646351,0.036086608,0.121892542,0.124298316,0.01042502,0.013632719,0.04170008,1544.49239,32326.22573,32.32622573
0.079124579,0.063131313,0.343434343,0.045454545,0.117845118,0.054713805,0.042087542,0.075757576,0.142255892,0.015993266,0.001683502,0.018518519,1588.795464,33253.48906,33.25348906
0.056795132,0.082150101,0.307302231,0.047667343,0.076064909,0.098377282,0.084178499,0.055780933,0.135902637,0.010141988,0.029411765,0.016227181,1438.484591,30107.4825,30.1074825
0.059372349,0.088210348,0.306191688,0.027141645,0.120441052,0.145038168,0.034775233,0.112807464,0.040712468,0.016115352,0.019508058,0.029686175,1431.290027,29956.90028,29.95690028
0.026548673,0.097345133,0.315634218,0.029498525,0.050147493,0.129056047,0.084070796,0.117256637,0.081120944,0.012536873,0.025811209,0.030973451,1277.742395,26743.14833,26.74314833
0.052464229,0.120031797,0.356120827,0.030206677,0.07154213,0.058823529,0.134340223,0.089030207,0.036565978,0.001589825,0.001589825,0.047694754,1279.675872,26783.61599,26.78361599
0.081081081,0.095030514,0.401918047,0.056669573,0.039232781,0.054925894,0.046207498,0.102877071,0.074106364,0.011333915,0.013949433,0.022667829,1464.387603,30649.63254,30.64963254
0.050925926,0.039351852,0.335648148,0.041666667,0.026234568,0.114969136,0.104166667,0.103395062,0.118055556,0.009259259,0.016203704,0.040123457,1411.723995,29547.38321,29.54738321
0.031152648,0.126168224,0.380062305,0.013239875,0.112928349,0.104361371,0.042834891,0.066199377,0.083333333,0.00623053,0.005451713,0.028037383,1238.108672,25913.61451,25.91361451
0.064572426,0.139616056,0.423211169,0.011343805,0.060209424,0.080279232,0.036649215,0.031413613,0.086387435,0.006108202,0.011343805,0.04886562,1241.630479,25987.32593,25.98732593
0.046532847,0.127737226,0.315693431,0.024635036,0.123175182,0.114963504,0.041970803,0.114051095,0.025547445,0.015510949,0.013686131,0.03649635,1352.55335,28308.94162,28.30894162
0.069094304,0.063492063,0.381886088,0.0410831,0.134453782,0.056022409,0.065359477,0.063492063,0.039215686,0.006535948,0.015873016,0.063492063,1458.648964,30529.52282,30.52952282
0.074046921,0.131964809,0.241935484,0.013196481,0.032991202,0.118768328,0.126099707,0.115102639,0.112903226,0.003665689,0.013929619,0.015395894,1378.001086,28841.56273,28.84156273
0.065560821,0.045813586,0.333333333,0.022906793,0.131911532,0.120853081,0.133491311,0.047393365,0.037124803,0.003159558,0.008688784,0.049763033,1368.4447,28641.54756,28.64154756
0.01217656,0.073059361,0.361491629,0.049467275,0.073059361,0.130898021,0.114155251,0.076103501,0.064687976,0.011415525,0.008371385,0.025114155,1238.582011,25923.52149,25.92352149
0.091141397,0.118398637,0.333049404,0.026405451,0.122657581,0.079216354,0.049403748,0.06132879,0.092844974,0.005110733,0.008517888,0.011925043,1480.833399,30993.84305,30.99384305
0.058986175,0.139170507,0.315207373,0.047004608,0.125345622,0.058064516,0.043317972,0.121658986,0.022119816,0.017511521,0.023041475,0.028571429,1440.5759,30151.2536,30.1512536
0.023809524,0.044897959,0.3,0.037414966,0.115646259,0.136054422,0.074829932,0.106122449,0.10952381,0.011564626,0.020408163,0.019727891,1406.384378,29435.62504,29.43562504
0.035634744,0.127691166,0.321455085,0.021529324,0.07423905,0.137342242,0.067557535,0.121009651,0.050482554,0.002969562,0.012620638,0.027468448,1277.23887,26732.60955,26.73260955
0.076308784,0.144631766,0.366459627,0.030168589,0.064773736,0.070984916,0.047027507,0.039929015,0.137533274,0.00621118,0.003549246,0.01242236,1386.045062,29009.92314,29.00992314
0.064053537,0.067877629,0.308795411,0.017208413,0.146271511,0.07456979,0.075525813,0.126195029,0.057361377,0.019120459,0.027724665,0.015296367,1432.730429,29987.04788,29.98704788
0.011792453,0.080974843,0.377358491,0.051886792,0.110062893,0.084119497,0.047169811,0.078616352,0.084119497,0.007861635,0.028301887,0.037735849,1324.508944,27721.9722,27.7219722
0.079464286,0.104464286,0.283035714,0.016964286,0.065178571,0.108035714,0.074107143,0.100892857,0.096428571,0.016964286,0.026785714,0.027678571,1424.802639,29821.11924,29.82111924
0.091883614,0.097243492,0.251914242,0.018376723,0.090352221,0.105666156,0.11179173,0.081163859,0.080398162,0.016079632,0.028330781,0.026799387,1455.575833,30465.20218,30.46520218
0.059654631,0.058084772,0.299058085,0.027472527,0.078492936,0.145211931,0.130298273,0.095761381,0.025902669,0.010989011,0.029827316,0.039246468,1338.250819,28009.58964,28.00958964
0.071315372,0.141045959,0.243264659,0.034865293,0.122028526,0.158478605,0.020602219,0.106180666,0.066561014,0.007131537,0.016640254,0.011885895,1513.578802,31679.20432,31.67920432
0.051140834,0.119590873,0.291109363,0.042486231,0.056648308,0.086546027,0.081825334,0.090479937,0.107789142,0.00393391,0.014162077,0.054287962,1430.439413,29939.09691,29.93909691
0.069277108,0.081325301,0.335090361,0.015813253,0.124246988,0.067771084,0.130271084,0.092620482,0.039909639,0.003012048,0.013554217,0.027108434,1351.482199,28286.52242,28.28652242
0.012307692,0.102307692,0.353846154,0.038461538,0.043846154,0.104615385,0.107692308,0.049230769,0.117692308,0.015384615,0.007692308,0.046923077,1212.253686,25372.46965,25.37246965
0.039123631,0.078247261,0.369327074,0.005477308,0.03286385,0.118153365,0.107198748,0.058685446,0.106416275,0.014084507,0.031298905,0.039123631,1167.712135,24440.21499,24.44021499
0.009397024,0.088488645,0.28660924,0.034455756,0.108848865,0.104150352,0.133907596,0.100234926,0.086139389,0.009397024,0.002349256,0.036021926,1296.523353,27136.23377,27.13623377
0.034272658,0.052551409,0.335872049,0.005331302,0.124904798,0.054836253,0.139375476,0.084539223,0.123381569,0.004569688,0.021325209,0.019040366,1283.021697,26853.64412,26.85364412
0.022515528,0.082298137,0.348602484,0.030279503,0.093167702,0.107142857,0.10636646,0.090062112,0.039596273,0.005434783,0.019409938,0.055124224,1250.999837,26183.42658,26.18342658
0.071755725,0.096183206,0.28778626,0.027480916,0.094656489,0.13740458,0.07480916,0.074045802,0.106870229,0.003053435,0.00610687,0.019847328,1459.828992,30554.2208,30.5542208
0.087561375,0.114566285,0.213584288,0.031914894,0.109656301,0.14811784,0.151391162,0.036006547,0.045826514,0.016366612,0.023731588,0.021276596,1415.449589,29625.3599,29.6253599
0.07826087,0.116521739,0.292173913,0.015652174,0.094782609,0.09826087,0.092173913,0.079130435,0.086956522,0.008695652,0.00173913,0.035652174,1419.524019,29710.63771,29.71063771
0.068438003,0.08373591,0.320450886,0.013687601,0.110305958,0.140096618,0.045088567,0.047504026,0.11352657,0.010466989,0.023349436,0.023349436,1399.486362,29291.24957,29.29124957
0.065967016,0.0982009,0.314092954,0.024737631,0.123688156,0.072713643,0.072713643,0.031484258,0.12143928,0.016491754,0.017991004,0.04047976,1423.618056,29796.32592,29.79632592
0.09375,0.112304688,0.306640625,0.008789063,0.100585938,0.078125,0.125,0.069335938,0.049804688,0.00390625,0.001953125,0.049804688,1398.308025,29266.58697,29.26658697
0.050860135,0.100224383,0.327599102,0.019446522,0.12789828,0.065071055,0.114435303,0.039640987,0.067314884,0.012715034,0.018698579,0.056095737,1307.814727,27372.56224,27.37256224
0.038167939,0.063358779,0.35648855,0.045038168,0.116793893,0.083969466,0.104580153,0.103816794,0.036641221,0.014503817,0.009160305,0.027480916,1355.563057,28371.93478,28.37193478
0.087269816,0.088070456,0.365892714,0.019215372,0.036829464,0.073658927,0.054443555,0.075260208,0.098478783,0.017614091,0.022417934,0.060848679,1412.510628,29563.84745,29.56384745
0.011235955,0.090751945,0.401901469,0.046672429,0.054451167,0.15298185,0.054451167,0.066551426,0.029386344,0.014693172,0.011235955,0.065687122,1204.322636,25206.47277,25.20647277
0.059984215,0.091554854,0.342541436,0.046566693,0.107340174,0.059194949,0.102604578,0.061562747,0.036306235,0.016574586,0.029992107,0.045777427,1373.927202,28756.29634,28.75629634
0.075042159,0.053962901,0.265598651,0.007588533,0.139123103,0.135750422,0.031197302,0.118043845,0.112984823,0.013490725,0.005059022,0.042158516,1573.25172,32928.1585,32.9281585
0.059535822,0.070635721,0.256306761,0.008072654,0.081735621,0.179616549,0.068617558,0.050454087,0.144298688,0.019172553,0.032290616,0.02926337,1387.524737,29040.89275,29.04089275
0.014505119,0.087883959,0.384812287,0.046928328,0.118600683,0.08447099,0.078498294,0.028156997,0.090443686,0.005119454,0.027303754,0.033276451,1257.29678,26315.22161,26.31522161
0.019469027,0.115929204,0.320353982,0.020353982,0.069911504,0.090265487,0.02920354,0.127433628,0.132743363,0.012389381,0.015044248,0.046902655,1341.908639,28086.14781,28.08614781
0.069359756,0.064786585,0.285060976,0.049542683,0.050304878,0.089176829,0.073932927,0.103658537,0.129573171,0.016768293,0.025152439,0.042682927,1547.094571,32380.68938,32.38068938
0.006815969,0.096397274,0.305744888,0.008763389,0.138266796,0.124634859,0.112950341,0.06037001,0.066212269,0.017526777,0.00097371,0.06134372,1200.546721,25127.44287,25.12744287
0.095637584,0.078020134,0.313758389,0.05033557,0.025167785,0.131711409,0.040268456,0.06795302,0.140100671,0.005872483,0.023489933,0.027684564,1571.438773,32890.21353,32.89021353
0.09929078,0.042553191,0.220744681,0.022163121,0.045212766,0.14893617,0.081560284,0.128546099,0.105496454,0.002659574,0.033687943,0.069148936,1624.214842,33994.81664,33.99481664
0.008653846,0.094230769,0.270192308,0.023076923,0.091346154,0.139423077,0.088461538,0.050961538,0.140384615,0.015384615,0.034615385,0.043269231,1266.322099,26504.12154,26.50412154
0.091575092,0.143772894,0.298534799,0.056776557,0.06959707,0.168498168,0.042124542,0.033882784,0.022893773,0.003663004,0.027472527,0.041208791,1463.053403,30621.70773,30.62170773
0.068995633,0.08558952,0.292576419,0.041048035,0.04628821,0.131004367,0.102183406,0.113537118,0.03231441,0.013100437,0.024454148,0.048908297,1413.815517,29591.15878,29.59115878
0.036842105,0.127368421,0.304210526,0.017894737,0.121052632,0.145263158,0.046315789,0.068421053,0.057894737,0.014736842,0.02,0.04,1294.288602,27089.46044,27.08946044
0.008,0.154666667,0.226666667,0.056,0.124444444,0.094222222,0.144,0.029333333,0.084444444,0.014222222,0.018666667,0.045333333,1291.558644,27032.32243,27.03232243
0.017021277,0.077659574,0.290425532,0.007446809,0.039361702,0.14893617,0.096808511,0.088297872,0.131914894,0.010638298,0.040425532,0.05106383,1223.357325,25604.86881,25.60486881
0.035454545,0.153636364,0.284545455,0.004545455,0.081818182,0.096363636,0.021818182,0.141818182,0.09,0.02,0.000909091,0.069090909,1354.633944,28352.48844,28.35248844
0.011252813,0.061515379,0.355588897,0.040510128,0.095273818,0.145536384,0.090772693,0.066766692,0.103525881,0.006751688,0.002250563,0.020255064,1281.580546,26823.48082,26.82348082
0.113513514,0.063783784,0.344864865,0.012972973,0.038918919,0.092972973,0.042162162,0.086486486,0.085405405,0.019459459,0.034594595,0.064864865,1501.296294,31422.13144,31.42213144
0.067717996,0.10296846,0.316326531,0.024118738,0.050092764,0.135435993,0.131725417,0.043599258,0.054730983,0.004638219,0.017625232,0.051020408,1289.957377,26998.80789,26.99880789
0.028013582,0.116298812,0.30475382,0.036502547,0.096774194,0.078098472,0.095076401,0.119694397,0.102716469,0.006791171,0.000848896,0.014431239,1358.192067,28426.95997,28.42695997
0.08762421,0.054200542,0.364950316,0.021680217,0.112014453,0.101174345,0.024390244,0.12195122,0.027100271,0.004516712,0.024390244,0.056007227,1506.452331,31530.04729,31.53004729
0.092542677,0.15902965,0.283917341,0.036837376,0.047619048,0.126684636,0.046720575,0.095238095,0.060197664,0.017070979,0.008086253,0.026055705,1462.312094,30606.19212,30.60619212
0.052957359,0.092847318,0.264786795,0.044704264,0.050206327,0.067400275,0.125859697,0.112104539,0.113480055,0.002751032,0.026822558,0.04607978,1452.320302,30397.06391,30.39706391
0.052711994,0.127578304,0.274255157,0.013750955,0.071810542,0.123758594,0.129106188,0.111535523,0.045072574,0.001527884,0.025974026,0.022918258,1269.875374,26578.49157,26.57849157
0.04459203,0.089184061,0.25426945,0.010436433,0.093927894,0.142314991,0.117647059,0.077798861,0.070208729,0.003795066,0.036053131,0.059772296,1314.868191,27520.19124,27.52019124
0.089390142,0.067669173,0.343358396,0.032581454,0.047619048,0.134502924,0.113617377,0.053467001,0.040935673,0.014202172,0.030075188,0.032581454,1359.693383,28458.38251,28.45838251
0.011560694,0.123699422,0.329479769,0.049710983,0.05433526,0.18265896,0.073988439,0.055491329,0.071676301,0.006936416,0.011560694,0.028901734,1225.312537,25645.7914,25.6457914
0.088938714,0.047085202,0.294469357,0.047832586,0.107623318,0.121076233,0.118086697,0.03961136,0.094170404,0.002242152,0.028400598,0.010463378,1519.060734,31793.94117,31.79394117
0.017898833,0.122178988,0.310505837,0.035797665,0.06614786,0.153307393,0.072373541,0.101945525,0.070038911,0.007782101,0.030350195,0.011673152,1239.585002,25944.51408,25.94451408
0.082225914,0.059800664,0.343023256,0.044019934,0.101328904,0.064784053,0.078903654,0.120431894,0.049833887,0.012458472,0.014119601,0.029069767,1520.94559,31833.39121,31.83339121
0.063103192,0.113585746,0.225686711,0.04454343,0.097995546,0.132145509,0.121009651,0.034149963,0.132887899,0.004454343,0.018559762,0.011878248,1459.176493,30540.564,30.540564
0.045676998,0.079934747,0.291190865,0.041598695,0.074225122,0.087275693,0.128874388,0.070146819,0.129690049,0.017944535,0.008972268,0.024469821,1392.449946,29143.97736,29.14397736
0.119601329,0.054263566,0.339977852,0.006644518,0.128460687,0.162790698,0.028792913,0.07530454,0.050941307,0.006644518,0.011074197,0.015503876,1533.377226,32093.58535,32.09358535
0.043076923,0.090769231,0.343846154,0.029230769,0.097692308,0.047692308,0.094615385,0.103846154,0.096923077,0.002307692,0.019230769,0.030769231,1361.511431,28496.43425,28.49643425
0.085908063,0.114544084,0.28786737,0.044461191,0.078372268,0.129615674,0.058025622,0.114544084,0.03089676,0.007535795,0.007535795,0.040693293,1520.070779,31815.0814,31.8150814
0.03073624,0.11150822,0.220872051,0.037169407,0.112223016,0.102930665,0.13080772,0.082916369,0.110078628,0.004288778,0.004288778,0.052180129,1420.128111,29723.28136,29.72328136
0.090062112,0.086956522,0.296066253,0.052795031,0.040372671,0.095238095,0.157349896,0.070393375,0.046583851,0.00310559,0.031055901,0.030020704,1429.809635,29925.91567,29.92591567
0.098346388,0.080069626,0.273281114,0.045256745,0.087032202,0.10791993,0.089643168,0.080069626,0.056570931,0.003481288,0.033072237,0.045256745,1560.930295,32670.27107,32.67027107
0.045757865,0.110581506,0.346043851,0.045757865,0.118207817,0.114394662,0.037178265,0.083889418,0.048617731,0.002859867,0.003813155,0.042897998,1416.169741,29640.43267,29.64043267
0.051464064,0.076308784,0.2635315,0.030168589,0.110026619,0.080745342,0.131322094,0.084294587,0.120674357,0.002661934,0.004436557,0.044365572,1458.802892,30532.74452,30.53274452
0.024871982,0.117044623,0.348939283,0.003657644,0.119970739,0.057059254,0.076079005,0.111923921,0.083394294,0.008778347,0.012435991,0.035844916,1243.868786,26034.1737,26.0341737
0.026909722,0.065104167,0.360243056,0.0546875,0.0625,0.168402778,0.038194444,0.052951389,0.107638889,0.012152778,0.013020833,0.038194444,1364.689813,28562.95778,28.56295778
0.088235294,0.07745098,0.353921569,0.048039216,0.15,0.081372549,0.041176471,0.073529412,0.061764706,0.004901961,0.001960784,0.017647059,1569.731792,32854.48642,32.85448642
0.029978587,0.118843683,0.408993576,0.005353319,0.076017131,0.076017131,0.048179872,0.040685225,0.087794433,0.014989293,0.025695931,0.06745182,1161.707915,24314.54666,24.31454666
0.012861736,0.131028939,0.340032154,0.044212219,0.11977492,0.086012862,0.030546624,0.106109325,0.090836013,0.007234727,0.000803859,0.030546624,1356.639085,28394.45605,28.39445605
0.04757548,0.080512351,0.340347667,0.043915828,0.090576395,0.137236962,0.118938701,0.034766697,0.03568161,0.003659652,0.018298262,0.048490393,1304.731862,27308.03787,27.30803787
0.014985015,0.13986014,0.366633367,0.017982018,0.132867133,0.111888112,0.048951049,0.056943057,0.036963037,0.003996004,0.02997003,0.038961039,1165.16777,24386.96142,24.38696142
0.053084648,0.104734577,0.294835007,0.039454806,0.1241033,0.091822095,0.076040172,0.076757532,0.092539455,0.006456241,0.020803443,0.019368723,1434.961883,30033.7522,30.0337522
0.024034335,0.121888412,0.236909871,0.020600858,0.101287554,0.094420601,0.084978541,0.106437768,0.124463519,0.007725322,0.013733906,0.063519313,1389.231903,29076.62373,29.07662373
0.0792,0.0736,0.2576,0.0352,0.0824,0.068,0.096,0.0944,0.1232,0.0104,0.0176,0.0624,1572.319556,32908.64831,32.90864831
0.026807474,0.114541024,0.380991064,0.038992689,0.062550772,0.058489033,0.041429732,0.113728676,0.086108855,0.009748172,0.008935825,0.057676686,1331.122278,27860.38928,27.86038928
0.079288026,0.093042071,0.216019417,0.039644013,0.131067961,0.132686084,0.059061489,0.099514563,0.105177994,0.013754045,0.01618123,0.014563107,1608.543135,33666.80782,33.66680782
0.028598665,0.052430887,0.246901811,0.059103908,0.114394662,0.125834128,0.087702574,0.040038132,0.149666349,0.003813155,0.036224976,0.055290753,1506.934022,31540.12907,31.54012907
0.03083004,0.088537549,0.330434783,0.038735178,0.053754941,0.049802372,0.127272727,0.093280632,0.106719368,0.011067194,0.025296443,0.044268775,1306.697992,27349.18897,27.34918897
0.034615385,0.110576923,0.261538462,0.050961538,0.124038462,0.090384615,0.109615385,0.143269231,0.031730769,0.014423077,0.010576923,0.018269231,1416.096534,29638.90047,29.63890047
0.054318789,0.053428317,0.344612645,0.025823687,0.060552093,0.177203918,0.020480855,0.122885129,0.098842386,0.005342832,0.005342832,0.031166518,1442.0861,30182.86207,30.18286207
0.034455128,0.137820513,0.293269231,0.052083333,0.108974359,0.072916667,0.090544872,0.123397436,0.03525641,0.001602564,0.012019231,0.037660256,1391.412343,29122.26033,29.12226033
0.019157088,0.062260536,0.280651341,0.051724138,0.11302682,0.138888889,0.039272031,0.03256705,0.166666667,0.020114943,0.02394636,0.051724138,1461.619903,30591.70458,30.59170458
0.068058076,0.066243194,0.269509982,0.023593466,0.119782214,0.148820327,0.06261343,0.104355717,0.108892922,0.002722323,0.007259528,0.01814882,1522.305751,31861.85938,31.86185938
0.094700261,0.145960035,0.293657689,0.025195482,0.034752389,0.118158123,0.058210252,0.06342311,0.123370982,0.018245004,0.011294526,0.013032146,1431.692264,29965.31909,29.96531909
0.038033395,0.05380334,0.35528757,0.039888683,0.070500928,0.127087199,0.025974026,0.091836735,0.089981447,0.011131725,0.025046382,0.071428571,1420.013195,29720.87616,29.72087616
0.021231423,0.092356688,0.292993631,0.035031847,0.142250531,0.111464968,0.025477707,0.081740977,0.107218684,0.00955414,0.02866242,0.052016985,1422.075954,29764.04972,29.76404972
0.039082413,0.094307562,0.250637213,0.031435854,0.130841121,0.14953271,0.050127443,0.068819031,0.120645709,0.015293118,0.013593883,0.035683942,1454.72454,30447.38462,30.44738462
0.051691729,0.051691729,0.280075188,0.02537594,0.117481203,0.091165414,0.158834586,0.080827068,0.125,0.003759398,0.001879699,0.012218045,1413.333673,29581.07378,29.58107378
0.079825835,0.128447025,0.206095791,0.045718433,0.09796807,0.047169811,0.132801161,0.084179971,0.116835994,0.013788099,0.008708273,0.038461538,1562.66973,32706.67746,32.70667746
0.047027507,0.063886424,0.361135759,0.028393966,0.047914818,0.119787045,0.132209406,0.070984916,0.07364685,0.009760426,0.009760426,0.035492458,1264.823439,26472.75458,26.47275458
0.079376855,0.083827893,0.351632047,0.016320475,0.126854599,0.09272997,0.021513353,0.074925816,0.112759644,0.014836795,0.007418398,0.017804154,1475.767743,30887.81885,30.88781885
0.042701092,0.157894737,0.322740814,0.019860973,0.125124131,0.12611718,0.02979146,0.056603774,0.026812314,0.020854022,0.037735849,0.033763654,1243.990092,26036.71263,26.03671263
0.060211554,0.100895037,0.207485761,0.048820179,0.11635476,0.09194467,0.135882832,0.076484947,0.09194467,0.006509357,0.013832384,0.049633849,1525.792383,31934.83457,31.93483457
0.060082305,0.104526749,0.280658436,0.005761317,0.079835391,0.117695473,0.125925926,0.033744856,0.116872428,0.004115226,0.016460905,0.054320988,1313.720633,27496.17286,27.49617286
0.060123784,0.08311229,0.34040672,0.058355438,0.148541114,0.056587091,0.09372237,0.030061892,0.102564103,0.00530504,0.008841733,0.012378426,1477.950576,30933.50555,30.93350555
0.080270793,0.116054159,0.356866538,0.00483559,0.071566731,0.118955513,0.058994197,0.047388781,0.090909091,0.010638298,0.010638298,0.032882012,1320.590533,27639.95985,27.63995985
0.056858564,0.10376688,0.295664534,0.014214641,0.049751244,0.085287846,0.121535181,0.074626866,0.114427861,0.00355366,0.028429282,0.05188344,1322.038998,27670.27622,27.67027622
0.080192462,0.047313553,0.379310345,0.013632719,0.047313553,0.122694467,0.017642342,0.066559743,0.133119487,0.016038492,0.025661588,0.050521251,1435.048362,30035.56223,30.03556223
0.094569288,0.116104869,0.303370787,0.018726592,0.04494382,0.130149813,0.029962547,0.13576779,0.044007491,0.014044944,0.028089888,0.040262172,1460.386879,30565.89738,30.56589738
0.045384615,0.136923077,0.308461538,0.006923077,0.054615385,0.122307692,0.055384615,0.103846154,0.082307692,0.008461538,0.03,0.045384615,1270.354476,26588.51918,26.58851918
0.009128631,0.146058091,0.356016598,0.054771784,0.024896266,0.051452282,0.146058091,0.084647303,0.058921162,0.006639004,0.004979253,0.056431535,1179.024758,24676.98819,24.67698819
0.086029992,0.132596685,0.322809787,0.008681926,0.033149171,0.129439621,0.046566693,0.093922652,0.089187056,0.00394633,0.022888713,0.030781373,1367.276193,28617.09072,28.61709072
0.020739405,0.138863841,0.405770965,0.040577096,0.062218215,0.091073039,0.046889089,0.103697024,0.027051398,0.018935978,0.019837692,0.024346258,1181.879024,24736.72797,24.73672797
0.030477759,0.061779242,0.382207578,0.044481054,0.063426689,0.13261944,0.030477759,0.107907743,0.102965404,0.005766063,0.009060956,0.028830313,1382.138818,28928.16546,28.92816546
0.060324826,0.060324826,0.351894818,0.014694509,0.128383604,0.09512761,0.13225058,0.046403712,0.041763341,0.002320186,0.024748647,0.041763341,1293.816869,27079.58706,27.07958706
0.044850498,0.144518272,0.306478405,0.02076412,0.118770764,0.053156146,0.144518272,0.031561462,0.069767442,0.007475083,0.002491694,0.055647841,1261.571488,26404.69124,26.40469124
0.042139384,0.095623987,0.335494327,0.025121556,0.068071313,0.064019449,0.140194489,0.10534846,0.08184765,0.01458671,0.006482982,0.021069692,1274.686126,26679.18061,26.67918061
0.047261815,0.096774194,0.230307577,0.046511628,0.126031508,0.052513128,0.137284321,0.090022506,0.110277569,0.007501875,0.018754689,0.03675919,1490.904364,31204.62834,31.20462834
0.053199137,0.116462976,0.292595255,0.038102085,0.047447879,0.12077642,0.076923077,0.112149533,0.087706686,0.004313444,0.026599569,0.02372394,1385.648579,29001.62476,29.00162476
0.036641221,0.10610687,0.333587786,0.045801527,0.095419847,0.084732824,0.086259542,0.116030534,0.029770992,0.006870229,0.012977099,0.045801527,1356.695688,28395.64076,28.39564076
0.032520325,0.03902439,0.249593496,0.023577236,0.108943089,0.157723577,0.133333333,0.097560976,0.088617886,0.007317073,0.016260163,0.045528455,1385.508902,28998.70131,28.99870131
0.0468029,0.114700066,0.321687541,0.011206328,0.112063283,0.074489123,0.117336849,0.085695452,0.036914964,0.005273566,0.023731048,0.050098879,1260.463857,26381.50852,26.38150852
0.026768642,0.062141491,0.306883365,0.047801147,0.156787763,0.104206501,0.057361377,0.052581262,0.086998088,0.014340344,0.019120459,0.06500956,1450.47493,30358.44029,30.35844029
0.043377227,0.077459334,0.278079009,0.02556158,0.123160341,0.081332301,0.139426801,0.100697134,0.068938807,0.014717273,0.003872967,0.043377227,1379.61182,28875.2754,28.8752754
0.013250883,0.106007067,0.409893993,0.030918728,0.072438163,0.123674912,0.041519435,0.07155477,0.077738516,0.014134276,0.002650177,0.036219081,1200.377624,25123.90368,25.12390368
0.069565217,0.127272727,0.3256917,0.017391304,0.13201581,0.071146245,0.043478261,0.090118577,0.093280632,0.005533597,0.006324111,0.018181818,1433.860352,30010.69716,30.01069716
0.059690494,0.093588799,0.319823139,0.004421518,0.115696389,0.106853353,0.078850405,0.112011791,0.030950626,0.007369197,0.025792189,0.0449521,1329.139748,27818.89492,27.81889492
0.074660633,0.134238311,0.320512821,0.019607843,0.082202112,0.119155354,0.029411765,0.108597285,0.06561086,0.005279035,0.021870287,0.018853695,1401.530332,29334.02986,29.33402986
0.023785927,0.120911794,0.361744301,0.018830525,0.111000991,0.07135778,0.163528246,0.041625372,0.038652131,0.006937562,0.011892963,0.029732408,1109.289439,23217.42795,23.21742795
0.112488084,0.100095329,0.255481411,0.05815062,0.044804576,0.08293613,0.052430887,0.055290753,0.142040038,0.020972355,0.003813155,0.071496663,1708.691646,35762.91615,35.76291615
0.079234973,0.119535519,0.286885246,0.021174863,0.101775956,0.06147541,0.116120219,0.066939891,0.090846995,0.015027322,0.003415301,0.037568306,1421.900828,29760.38434,29.76038434
0.079795022,0.125183016,0.262079063,0.046852123,0.073938507,0.129575403,0.059297218,0.113469985,0.024158126,0.013909224,0.016105417,0.055636896,1510.815381,31621.36592,31.62136592
0.082539683,0.086507937,0.323809524,0.03015873,0.047619048,0.125396825,0.122222222,0.073809524,0.055555556,0.003968254,0.027777778,0.020634921,1355.519892,28371.03134,28.37103134
0.044765343,0.068592058,0.337906137,0.039711191,0.101083032,0.077978339,0.108303249,0.104693141,0.049819495,0.005776173,0.02166065,0.039711191,1372.246953,28721.12874,28.72112874
0.047502048,0.054054054,0.22031122,0.044226044,0.142506143,0.13022113,0.140868141,0.108108108,0.090909091,0.005733006,0.001638002,0.013923014,1517.974194,31771.19988,31.77119988
0.075624082,0.055800294,0.27092511,0.037444934,0.086637298,0.124816446,0.107929515,0.109397944,0.058737151,0.002202643,0.01835536,0.052129222,1518.644001,31785.21895,31.78521895
0.053921569,0.065359477,0.339869281,0.040849673,0.068627451,0.155228758,0.080065359,0.044117647,0.120915033,0.003267974,0.003267974,0.024509804,1399.162078,29284.4623,29.2844623
0.005338078,0.074733096,0.40569395,0.006227758,0.120106762,0.149466192,0.042704626,0.053380783,0.09430605,0.011565836,0.008007117,0.028469751,1156.467605,24204.86698,24.20486698
0.065822785,0.048945148,0.394092827,0.050632911,0.030379747,0.094514768,0.119831224,0.122362869,0.050632911,0.002531646,0.000843882,0.019409283,1388.06268,29052.1519,29.0521519
0.1165524,0.047992165,0.38589618,0.011753183,0.083251714,0.066601371,0.084231146,0.061704212,0.100881489,0.001958864,0.02546523,0.013712047,1468.332908,30732.20776,30.73220776
0.101663586,0.088724584,0.240295749,0.044362292,0.131238447,0.055452865,0.121072089,0.060998152,0.078558226,0.012014787,0.021256932,0.044362292,1607.28899,33640.55857,33.64055857
0.080321285,0.06291834,0.235609103,0.036813922,0.109103079,0.127844712,0.12248996,0.067603748,0.100401606,0.004016064,0.012048193,0.040829987,1551.257028,32467.80961,32.46780961
0.097670251,0.105734767,0.32437276,0.021505376,0.03046595,0.132616487,0.075268817,0.044802867,0.102150538,0.008960573,0.007168459,0.049283154,1425.945823,29845.04607,29.84504607
0.077287066,0.070977918,0.337539432,0.03785489,0.035488959,0.140378549,0.052839117,0.116719243,0.068611987,0.016561514,0.014984227,0.030757098,1453.075709,30412.87459,30.41287459
0.00862069,0.080172414,0.303448276,0.043965517,0.082758621,0.110344828,0.104310345,0.079310345,0.127586207,0.001724138,0.007758621,0.05,1343.69421,28123.51981,28.12351981
0.038358608,0.118644068,0.299732382,0.028545941,0.142729706,0.113291704,0.043710972,0.057983943,0.123104371,0.004460303,0.005352364,0.024085638,1408.572623,29481.42499,29.48142499
0.040856031,0.069066148,0.263618677,0.064202335,0.083657588,0.178015564,0.025291829,0.064202335,0.091439689,0.013618677,0.030155642,0.075875486,1533.714324,32100.64081,32.10064081
0.087732919,0.072981366,0.283385093,0.02173913,0.038043478,0.14052795,0.14363354,0.076086957,0.052795031,0.005434783,0.027950311,0.049689441,1381.12949,28907.04024,28.90704024
0.032116788,0.038686131,0.345255474,0.043065693,0.098540146,0.126277372,0.065693431,0.070072993,0.110218978,0.010948905,0.010218978,0.048905109,1415.716244,29630.94098,29.63094098
0.038011696,0.081871345,0.348684211,0.032163743,0.089912281,0.104532164,0.07748538,0.067251462,0.114035088,0.00877193,0.01754386,0.019736842,1330.526137,27847.91205,27.84791205
0.059052059,0.121212121,0.292929293,0.022533023,0.088578089,0.085470085,0.094017094,0.065268065,0.077700078,0.015540016,0.016317016,0.061383061,1362.843373,28524.31181,28.52431181
0.070226774,0.109729334,0.325530358,0.004389173,0.09948793,0.13240673,0.01975128,0.100950988,0.115581565,0.007315289,0.002926116,0.011704462,1417.287197,29663.82103,29.66382103
0.046836483,0.056696795,0.332785538,0.050123254,0.142974528,0.109285127,0.057518488,0.118323747,0.038619556,0.010682005,0.02136401,0.014790468,1463.821573,30637.78552,30.63778552
0.04134548,0.122634898,0.264891381,0.033637001,0.076384022,0.087596356,0.070077085,0.100210231,0.116327961,0.011913104,0.025227751,0.04975473,1414.431503,29604.05137,29.60405137
0.037547893,0.128735632,0.202298851,0.021455939,0.105747126,0.105747126,0.098084291,0.083524904,0.133333333,0.002298851,0.022988506,0.058237548,1424.920578,29823.5877,29.8235877
0.007374631,0.08480826,0.324483776,0.036873156,0.06120944,0.14159292,0.122418879,0.10619469,0.068584071,0.005162242,0.001474926,0.039823009,1237.690227,25904.85646,25.90485646
0.041558442,0.080519481,0.231168831,0.054545455,0.103896104,0.141125541,0.068398268,0.067532468,0.143722944,0.012121212,0.002597403,0.052813853,1558.517592,32619.7732,32.6197732
0.04305136,0.134441088,0.336858006,0.043806647,0.097432024,0.074018127,0.027190332,0.026435045,0.134441088,0.012839879,0.021903323,0.047583082,1394.090361,29178.31125,29.17831125
0.00616808,0.037008481,0.353893601,0.047802621,0.087124133,0.150346955,0.050886662,0.096376253,0.101773323,0.016962221,0.00231303,0.049344641,1364.660354,28562.34121,28.56234121
0.012474012,0.066528067,0.367983368,0.005197505,0.055093555,0.171517672,0.061330561,0.109147609,0.068607069,0.014553015,0.014553015,0.053014553,1175.707865,24607.56562,24.60756562
0.016835017,0.098765432,0.389450056,0.041526375,0.117845118,0.092031425,0.034792368,0.095398429,0.031425365,0.01010101,0.005611672,0.066217733,1310.775651,27434.53437,27.43453437
0.021077283,0.06010929,0.351288056,0.040593286,0.131928181,0.088992974,0.135831382,0.042154567,0.081967213,0.003903201,0.015612802,0.026541764,1278.772277,26764.70376,26.76470376
0.084074373,0.042037187,0.358124495,0.029911075,0.097008892,0.104284559,0.029102668,0.093775263,0.106709782,0.00323363,0.029911075,0.021827001,1528.258791,31986.45649,31.98645649
0.054231717,0.052588332,0.306491372,0.04601479,0.089564503,0.164338537,0.11914544,0.074774035,0.059161873,0.003286771,0.018077239,0.01232539,1390.831349,29110.10013,29.11010013
0.023679417,0.108378871,0.239526412,0.034608379,0.0428051,0.146630237,0.146630237,0.124772313,0.045537341,0.006375228,0.013661202,0.067395264,1297.541194,27157.53719,27.15753719
0.00805153,0.078904992,0.309178744,0.027375201,0.126409018,0.051529791,0.103864734,0.127214171,0.128019324,0.001610306,0.006441224,0.031400966,1356.998122,28401.97068,28.40197068
0.030784508,0.076464747,0.282025819,0.008937438,0.090367428,0.127110228,0.040714995,0.156901688,0.065541212,0.008937438,0.039721946,0.072492552,1375.542706,28790.10884,28.79010884
0.08095952,0.082458771,0.362068966,0.023988006,0.080209895,0.083208396,0.077961019,0.032233883,0.128935532,0.008245877,0.02173913,0.017991004,1394.783306,29192.81459,29.19281459
0.009397024,0.133907596,0.269381363,0.042286609,0.072826938,0.122944401,0.083007048,0.095536413,0.108065779,0.012529366,0.000783085,0.049334377,1327.280736,27779.9858,27.7799858
0.054109589,0.112328767,0.323287671,0.02260274,0.035616438,0.114383562,0.092465753,0.097260274,0.090410959,0.010273973,0.019863014,0.02739726,1299.837017,27205.58876,27.20558876
0.043317972,0.129953917,0.265437788,0.047004608,0.066359447,0.114285714,0.117050691,0.034101382,0.11797235,0.00921659,0.000921659,0.05437788,1380.99882,28904.30531,28.90430531
0.06042885,0.059454191,0.307992203,0.035087719,0.050682261,0.10331384,0.143274854,0.038011696,0.157894737,0.009746589,0.006822612,0.027290448,1394.599917,29188.97626,29.18897626
0.095360825,0.137457045,0.236254296,0.050687285,0.113402062,0.122852234,0.116838488,0.057560137,0.036941581,0.009450172,0.006013746,0.017182131,1513.348988,31674.39432,31.67439432
0.033795494,0.09965338,0.253032929,0.013864818,0.07712305,0.064991334,0.153379549,0.117850953,0.152512998,0.003466205,0.002599653,0.027729636,1352.281804,28303.25815,28.30325815
0.051282051,0.148717949,0.309401709,0.024786325,0.14017094,0.094871795,0.072649573,0.032478632,0.058119658,0.011965812,0.007692308,0.047863248,1327.543709,27785.48982,27.78548982
0.072423398,0.155988858,0.244196843,0.059424327,0.090064995,0.093779016,0.058495822,0.104921077,0.065923863,0.012070566,0.030640669,0.012070566,1516.832501,31747.30426,31.74730426
0.058187864,0.067331671,0.333333333,0.034081463,0.128844555,0.104738155,0.029925187,0.108063175,0.093931837,0.004987531,0.002493766,0.034081463,1518.975173,31792.15037,31.79215037
0.084568439,0.055797733,0.306887533,0.004359198,0.076721883,0.144725371,0.099389712,0.086312119,0.058413252,0.017436792,0.030514385,0.034873583,1369.467291,28662.95041,28.66295041
0.071183533,0.123499142,0.296740995,0.006861063,0.047169811,0.120068611,0.039451115,0.066895369,0.141509434,0.017152659,0.016295026,0.053173242,1394.066653,29177.81504,29.17781504
0.093774626,0.102442868,0.274231678,0.037037037,0.12608353,0.078802206,0.042553191,0.100078802,0.089046493,0.013396375,0.030732861,0.011820331,1584.538613,33164.39317,33.16439317
0.041734861,0.136661211,0.279869067,0.034369885,0.108837971,0.081833061,0.045826514,0.114566285,0.104746318,0.004091653,0.005728314,0.041734861,1455.403888,30461.60337,30.46160337
0.061748196,0.043303929,0.38893344,0.048115477,0.025661588,0.08340016,0.141940658,0.129911788,0.035284683,0.014434643,0.01042502,0.016840417,1335.706931,27956.34606,27.95634606
0.037894737,0.138947368,0.271578947,0.068421053,0.108421053,0.092631579,0.092631579,0.074736842,0.045263158,0.016842105,0.008421053,0.044210526,1424.864228,29822.40828,29.82240828
0.032467532,0.061688312,0.37012987,0.036796537,0.061688312,0.12987013,0.037878788,0.166666667,0.037878788,0.003246753,0.041125541,0.020562771,1336.040526,27963.32821,27.96332821
0.109537299,0.092540132,0.330500472,0.004721435,0.030217186,0.091595845,0.050991501,0.139754485,0.093484419,0.01605288,0.024551464,0.01605288,1462.6999,30614.30891,30.61430891
0.035579107,0.056018168,0.351249054,0.042392127,0.05677517,0.094625284,0.113550341,0.068130204,0.121120363,0.003785011,0.030280091,0.026495079,1325.096029,27734.25989,27.73425989
0.044295302,0.117449664,0.316107383,0.036912752,0.097315436,0.061744966,0.110738255,0.091275168,0.062416107,0.012751678,0.024832215,0.024161074,1321.201404,27652.74539,27.65274539
0.09942005,0.041425021,0.328914664,0.032311516,0.141673571,0.069594035,0.068765534,0.07953604,0.081193041,0.005799503,0.009113505,0.042253521,1608.549809,33666.94749,33.66694749
0.098022356,0.116938951,0.335339639,0.013757524,0.034393809,0.116079106,0.104041273,0.038693035,0.086844368,0.015477214,0.012037833,0.028374893,1332.958247,27898.81612,27.89881612
0.022298456,0.044596913,0.340480274,0.026586621,0.073756432,0.081475129,0.124356775,0.066037736,0.131217839,0.004288165,0.018867925,0.066037736,1309.697068,27411.95963,27.41195963
0.032128514,0.078714859,0.308433735,0.032128514,0.102811245,0.157429719,0.028915663,0.117269076,0.060240964,0.007228916,0.020883534,0.053815261,1404.681311,29399.97984,29.39997984
0.036202735,0.08769107,0.287208367,0.021721641,0.113435237,0.154465004,0.111826227,0.065164924,0.076427997,0.003218021,0.007240547,0.03539823,1315.568508,27534.84887,27.53484887
0.060955519,0.092257002,0.306425041,0.009060956,0.143327842,0.123558484,0.152388797,0.041186161,0.026359143,0.003294893,0.007413509,0.033772652,1272.464001,26632.67154,26.63267154
0.057809331,0.048681542,0.271805274,0.064908722,0.156186613,0.10040568,0.064908722,0.063894523,0.085192698,0.003042596,0.026369168,0.056795132,1620.453479,33916.09132,33.91609132
0.020116807,0.109020117,0.314081765,0.038935756,0.111615834,0.10577547,0.090850097,0.102530824,0.055158988,0.001946788,0.012329656,0.037637897,1315.462542,27532.631,27.532631
0.037845706,0.057496361,0.343522562,0.042212518,0.062590975,0.093158661,0.062590975,0.11062591,0.120815138,0.009461426,0.028384279,0.031295488,1410.005639,29511.41803,29.51141803
0.045244691,0.102493075,0.347183749,0.060018467,0.084949215,0.132963989,0.049861496,0.095106187,0.039704524,0.003693444,0.008310249,0.030470914,1411.595953,29544.70329,29.54470329
0.082429501,0.068329718,0.293926247,0.009761388,0.105206074,0.147505423,0.061822126,0.096529284,0.05856833,0.015184382,0.007592191,0.053145336,1467.467578,30714.09641,30.71409641
0.085784314,0.099673203,0.388071895,0.051470588,0.10130719,0.055555556,0.017973856,0.067810458,0.057189542,0.013888889,0.004901961,0.056372549,1527.976912,31980.55678,31.98055678
0.051846591,0.068892045,0.338068182,0.005681818,0.103693182,0.116477273,0.063210227,0.097301136,0.119318182,0.002130682,0.019886364,0.013494318,1356.193429,28385.12847,28.38512847
0.049268668,0.132409546,0.270977675,0.047729022,0.085450346,0.067744419,0.141647421,0.056966898,0.071593533,0.012317167,0.030792918,0.033102386,1339.240818,28030.31032,28.03031032
0.045958796,0.110935024,0.36133122,0.049920761,0.066561014,0.113312203,0.062599049,0.037242472,0.108557845,0.012678288,0.004754358,0.02614897,1349.290067,28240.6411,28.2406411
0.034804754,0.076400679,0.35229202,0.039898132,0.033955857,0.077249576,0.081494058,0.06196944,0.149405772,0.009337861,0.022920204,0.060271647,1352.345832,28304.59827,28.30459827
0.063569682,0.092909535,0.216788916,0.015484923,0.131214344,0.059494703,0.136104319,0.123879381,0.097799511,0.015484923,0.015484923,0.031784841,1474.707689,30865.63193,30.86563193
0.069879518,0.094779116,0.318875502,0.008835341,0.099598394,0.156626506,0.040160643,0.120481928,0.025702811,0.00562249,0.023293173,0.036144578,1378.147635,28844.63,28.84463
0.089723926,0.123466258,0.345858896,0.034509202,0.09892638,0.078220859,0.033742331,0.028374233,0.091257669,0.00690184,0.008435583,0.060582822,1489.753838,31180.54782,31.18054782
0.036155203,0.078483245,0.284832451,0.049382716,0.111111111,0.121693122,0.109347443,0.091710758,0.022045855,0.010582011,0.027336861,0.057319224,1382.253714,28930.57024,28.93057024
0.023834197,0.112953368,0.300518135,0.061139896,0.095336788,0.153367876,0.051813472,0.046632124,0.05388601,0.009326425,0.01761658,0.07357513,1379.942553,28882.19763,28.88219763
0.095197978,0.056444819,0.390901432,0.041280539,0.026116259,0.122156698,0.141533277,0.037910699,0.048862679,0.0084246,0.00926706,0.02190396,1344.94551,28149.70953,28.14970953
0.031507877,0.100525131,0.327831958,0.010502626,0.106526632,0.143285821,0.104276069,0.048012003,0.063015754,0.014253563,0.0060015,0.044261065,1209.964898,25324.56531,25.32456531
0.050724638,0.10942029,0.226811594,0.038405797,0.120289855,0.139130435,0.078985507,0.050724638,0.103623188,0.013043478,0.014492754,0.054347826,1474.715055,30865.78609,30.86578609
0.062600321,0.13964687,0.332263242,0.00882825,0.032905297,0.117977528,0.062600321,0.085072231,0.06741573,0.004012841,0.026484751,0.060192616,1275.598368,26698.27385,26.69827385
0.012087027,0.144238517,0.257050766,0.02739726,0.099113618,0.150684932,0.10475423,0.081385979,0.060435133,0.004834811,0.017727639,0.040290089,1234.131709,25830.37667,25.83037667
0.013599275,0.118766999,0.389845875,0.029011786,0.090661831,0.107887579,0.037171351,0.054397099,0.053490481,0.004533092,0.035358114,0.065276519,1194.272663,24996.12684,24.99612684
0.051282051,0.059052059,0.366744367,0.013209013,0.093240093,0.148407148,0.111111111,0.054390054,0.032634033,0.001554002,0.02952603,0.038850039,1229.545045,25734.37778,25.73437778
0.021571649,0.104006163,0.331278891,0.029275809,0.1201849,0.090138675,0.111710324,0.076271186,0.039291217,0.016949153,0.016178737,0.043143297,1235.473914,25858.46902,25.85846902
0.030508475,0.078813559,0.403389831,0.006779661,0.129661017,0.069491525,0.072881356,0.077966102,0.053389831,0.009322034,0.020338983,0.047457627,1219.021989,25514.13024,25.51413024
0.098928277,0.133553174,0.212695796,0.01071723,0.04286892,0.162407255,0.079142622,0.087386645,0.103874691,0.007419621,0.029678483,0.031327288,1467.079068,30705.9649,30.7059649
0.008176615,0.039247751,0.301717089,0.030253475,0.077677841,0.089942764,0.128372854,0.123466885,0.123466885,0.010629599,0.013082584,0.053965658,1339.11994,28027.78034,28.02778034
0.032432432,0.07953668,0.331274131,0.035521236,0.027799228,0.152895753,0.130501931,0.105019305,0.041698842,0.012355212,0.011583012,0.039382239,1236.757629,25885.33717,25.88533717
0.051689861,0.067594433,0.280318091,0.030815109,0.160039761,0.062624254,0.046719682,0.06361829,0.148111332,0.007952286,0.016898608,0.06361829,1564.055143,32735.67415,32.73567415
0.032119914,0.070663812,0.281584582,0.033190578,0.06745182,0.180942184,0.035331906,0.162740899,0.038543897,0.002141328,0.03640257,0.05888651,1412.585408,29565.4126,29.5654126
0.047116166,0.047116166,0.289195776,0.044679123,0.095857027,0.13322502,0.064175467,0.082047116,0.115353371,0.012997563,0.012185215,0.05605199,1510.873546,31622.58332,31.62258332
0.091300603,0.144702842,0.227390181,0.013781223,0.05081826,0.108527132,0.071490095,0.125753661,0.110249785,0.018949182,0.006890612,0.030146425,1495.606162,31303.03698,31.30303698
0.076146789,0.137614679,0.241284404,0.053211009,0.071559633,0.073394495,0.149541284,0.04587156,0.094495413,0.019266055,0.017431193,0.020183486,1435.354515,30041.97001,30.04197001
0.059773829,0.126009693,0.297253635,0.037964459,0.083198708,0.071082391,0.106623586,0.056542811,0.11631664,0.004846527,0.02907916,0.011308562,1373.887462,28755.46458,28.75546458
0.016536118,0.118363795,0.388163621,0.047867711,0.092254134,0.101827676,0.114012185,0.032201915,0.033072237,0.019147084,0.02175805,0.014795474,1132.425799,23701.67197,23.70167197
0.0546875,0.109375,0.340625,0.04609375,0.09609375,0.0765625,0.09140625,0.028125,0.09296875,0.0015625,0.01875,0.04375,1378.388779,28849.67714,28.84967714
0.027661358,0.043587594,0.27409891,0.010058676,0.087175189,0.135792121,0.12154233,0.049455155,0.142497904,0.011735122,0.033528919,0.062866723,1309.2712,27403.04621,27.40304621
0.085073473,0.118329466,0.268368136,0.008507347,0.11446249,0.063418407,0.100541377,0.076566125,0.116782676,0.006187162,0.01933488,0.022428461,1447.888083,30304.29758,30.30429758
0.007679181,0.064846416,0.306313993,0.034982935,0.12116041,0.12883959,0.111774744,0.094709898,0.077645051,0.003412969,0.012798635,0.035836177,1303.995207,27292.61969,27.29261969
0.097199341,0.093080725,0.331960461,0.040362438,0.085667216,0.115321252,0.069192751,0.031301483,0.032125206,0.013179572,0.027182867,0.063426689,1460.105587,30560.00994,30.56000994
0.089655172,0.099616858,0.245210728,0.036015326,0.113409962,0.053639847,0.128735632,0.089655172,0.121072797,0.003065134,0.008429119,0.011494253,1564.231629,32739.36799,32.73936799
0.063120567,0.102836879,0.264539007,0.010638298,0.087943262,0.139007092,0.024113475,0.105673759,0.123404255,0.013475177,0.014184397,0.05106383,1478.004528,30934.63476,30.93463476
0.045495094,0.102586976,0.2426405,0.008028546,0.153434434,0.055307761,0.090098127,0.110615522,0.126672614,0.015165031,0.022301517,0.02765388,1431.473522,29960.74082,29.96074082
0.027910686,0.11722488,0.380382775,0.03030303,0.059011164,0.1523126,0.026315789,0.097288676,0.023125997,0.014354067,0.019138756,0.052631579,1228.727052,25717.25719,25.71725719
0.056288478,0.149516271,0.337730871,0.020228672,0.145998241,0.063324538,0.019349164,0.058047493,0.123131047,0.002638522,0.011433597,0.012313105,1400.889756,29320.62259,29.32062259
0.067536454,0.065234075,0.318495779,0.019953952,0.084420568,0.150422103,0.038372985,0.112049117,0.062931696,0.003069839,0.02762855,0.049884881,1446.29375,30270.92818,30.27092818
0.082618862,0.136399065,0.208106002,0.033515199,0.076383476,0.099766173,0.137178488,0.059236165,0.129384256,0.013250195,0.000779423,0.023382697,1487.342866,31130.08618,31.13008618
0.061901253,0.112011791,0.243920413,0.042741341,0.050847458,0.120117907,0.122328666,0.06927045,0.106853353,0.003684598,0.010316875,0.056005895,1450.424688,30357.38873,30.35738873
0.048579285,0.054995417,0.246562786,0.043996334,0.09807516,0.106324473,0.139321723,0.114573786,0.074243813,0.011915674,0.03116407,0.030247479,1450.102148,30350.63795,30.35063795
0.053846154,0.095384615,0.32,0.024615385,0.129230769,0.097692308,0.02,0.080769231,0.102307692,0.013076923,0.004615385,0.058461538,1474.418124,30859.57134,30.85957134
0.03869969,0.098297214,0.363003096,0.027089783,0.057275542,0.064241486,0.126934985,0.114551084,0.051083591,0.01006192,0.023219814,0.025541796,1228.210589,25706.44762,25.70644762
0.042569081,0.055265123,0.355489171,0.008961912,0.117998506,0.097087379,0.119492158,0.101568335,0.028379388,0.01493652,0.011949216,0.046303211,1264.777895,26471.80135,26.47180135
0.071900826,0.044628099,0.337190083,0.026446281,0.051239669,0.165289256,0.090909091,0.067768595,0.076033058,0.003305785,0.008264463,0.057024793,1408.73368,29484.79592,29.48479592
0.05955335,0.138957816,0.365591398,0.005789909,0.074441687,0.06038048,0.095947064,0.130686518,0.025641026,0.007444169,0.007444169,0.028122415,1239.844025,25949.93544,25.94993544
0.057165862,0.081320451,0.31078905,0.026570048,0.136070853,0.103059581,0.048309179,0.074074074,0.123993559,0.00805153,0.005636071,0.024959742,1479.009157,30955.66166,30.95566166
0.008223684,0.073190789,0.327302632,0.054276316,0.101973684,0.057565789,0.143914474,0.064967105,0.121710526,0.004111842,0.000822368,0.041940789,1334.46572,27930.36752,27.93036752
0.039232781,0.1255449,0.347863993,0.034001744,0.116826504,0.073234525,0.06190061,0.130775937,0.034873583,0.002615519,0.013949433,0.019180471,1338.909609,28023.37811,28.02337811
0.030976966,0.059571088,0.370135028,0.050039714,0.097696585,0.056393963,0.059571088,0.111993646,0.096902303,0.015091342,0.019062748,0.032565528,1412.320538,29559.86885,29.55986885
0.045185185,0.1,0.284444444,0.02,0.119259259,0.091111111,0.117037037,0.040740741,0.117777778,0.001481481,0.005185185,0.057777778,1371.098269,28697.08677,28.69708677
0.103294746,0.086375779,0.243989314,0.052537845,0.149599288,0.066785396,0.061442565,0.142475512,0.019590383,0.017809439,0.00890472,0.047195013,1713.662341,35866.95279,35.86695279
0.046070461,0.067750678,0.385727191,0.029810298,0.074074074,0.056007227,0.026196929,0.06865402,0.13369467,0.011743451,0.029810298,0.070460705,1405.295523,29412.83529,29.41283529
0.047233468,0.10391363,0.317813765,0.018893387,0.099865047,0.109311741,0.11268556,0.035762483,0.076248313,0.011470985,0.022267206,0.044534413,1267.714761,26533.26995,26.53326995
0.046689304,0.044991511,0.411714771,0.028862479,0.069609508,0.078098472,0.140067912,0.079796265,0.041595925,0.015280136,0.028862479,0.014431239,1207.236452,25267.45895,25.26745895
0.093936806,0.093082835,0.28351836,0.010247652,0.145175064,0.111016225,0.020495303,0.04440649,0.152860803,0.015371477,0.002561913,0.027327071,1572.222758,32906.62232,32.90662232
0.017485429,0.108243131,0.21815154,0.054121565,0.110741049,0.139050791,0.042464613,0.103247294,0.14071607,0.004163197,0.016652789,0.044962531,1517.238932,31755.81084,31.75581084
0.08478803,0.04156276,0.313383209,0.014131338,0.048212801,0.12967581,0.076475478,0.10556941,0.133000831,0.012468828,0.011637573,0.029093932,1484.510448,31070.80367,31.07080367
0.031818182,0.067272727,0.339090909,0.040909091,0.073636364,0.085454545,0.119090909,0.049090909,0.12,0.003636364,0.010909091,0.059090909,1344.530134,28141.01571,28.14101571
0.056089744,0.119391026,0.297275641,0.036858974,0.039262821,0.141826923,0.133814103,0.077724359,0.05849359,0.006410256,0.011217949,0.021634615,1294.213908,27087.89709,27.08789709
0.078625954,0.077099237,0.245801527,0.016793893,0.129770992,0.114503817,0.06259542,0.119083969,0.123664122,0.006870229,0.007633588,0.017557252,1573.241804,32927.95095,32.92795095
0.067641682,0.111517367,0.342778793,0.014625229,0.035648995,0.178244973,0.1023766,0.050274223,0.027422303,0.013711152,0.030164534,0.02559415,1191.327912,24934.49319,24.93449319
0.079878665,0.063700708,0.304347826,0.032355915,0.035389282,0.127401416,0.031344793,0.088978766,0.156723964,0.007077856,0.018200202,0.054600607,1559.915513,32649.03168,32.64903168
0.034946237,0.110887097,0.293010753,0.037634409,0.088709677,0.115591398,0.109543011,0.079973118,0.081317204,0.01344086,0.012768817,0.022177419,1317.746765,27580.4398,27.5804398
0.092417062,0.105845182,0.25671406,0.04028436,0.098736177,0.06793049,0.068720379,0.117693523,0.098736177,0.017377567,0.023696682,0.011848341,1584.843838,33170.78152,33.17078152
0.069375619,0.109018831,0.383548067,0.013875124,0.050545094,0.064420218,0.095143707,0.088206145,0.055500496,0.006937562,0.017839445,0.045589693,1277.621358,26740.61502,26.74061502
0.083407276,0.091393079,0.338065661,0.015084295,0.027506655,0.101153505,0.155279503,0.108251996,0.036379769,0.008873114,0.010647737,0.023957409,1288.496404,26968.22973,26.96822973
0.039816233,0.071209801,0.354517611,0.033690658,0.099540582,0.054364472,0.046707504,0.117151608,0.124808576,0.007656968,0.004594181,0.045941807,1456.069174,30475.52781,30.47552781
0.031906615,0.037354086,0.368871595,0.046692607,0.127626459,0.052140078,0.053696498,0.112062257,0.091050584,0.016342412,0.020233463,0.042023346,1451.085386,30371.21713,30.37121713
0.07578125,0.13359375,0.3125,0.04453125,0.11171875,0.0546875,0.06875,0.08984375,0.046875,0.01484375,0.0140625,0.0328125,1465.10837,30664.71819,30.66471819
0.076972833,0.10996119,0.300129366,0.034928849,0.099611902,0.089909444,0.051746442,0.074385511,0.100258732,0.008408797,0.010349288,0.043337646,1509.836463,31600.87716,31.60087716
0.074958814,0.069192751,0.261943987,0.016474465,0.07660626,0.05601318,0.135914333,0.103789127,0.13261944,0.014003295,0.018945634,0.039538715,1469.007248,30746.3217,30.7463217
0.008,0.0808,0.3408,0.0168,0.024,0.1536,0.1184,0.0688,0.1296,0.0088,0.0168,0.0336,1146.209854,23990.17223,23.99017223
0.0425155,0.066430469,0.237378211,0.024800709,0.141718335,0.122232064,0.101860053,0.110717449,0.102745793,0.003542958,0.006200177,0.039858282,1485.230428,31085.87286,31.08587286
0.086223055,0.126522962,0.26054358,0.050609185,0.046860356,0.064667291,0.13027179,0.051546392,0.120899719,0.015932521,0.002811621,0.043111528,1501.767638,31431.99666,31.43199666
0.014095536,0.083790133,0.339859045,0.007830854,0.096319499,0.134690681,0.144087706,0.025841817,0.090837901,0.009397024,0.027407987,0.025841817,1099.416771,23010.79301,23.01079301
0.101045296,0.104529617,0.260452962,0.017421603,0.099303136,0.114982578,0.031358885,0.107142857,0.090592334,0.003484321,0.021777003,0.047909408,1588.5051,33247.41174,33.24741174
0.040883074,0.068683565,0.371218316,0.004088307,0.100572363,0.148814391,0.036794767,0.053147997,0.087489779,0.009811938,0.019623876,0.058871627,1280.519725,26801.27785,26.80127785
0.066777963,0.143572621,0.217863105,0.048414023,0.129382304,0.061769616,0.119365609,0.069282137,0.09933222,0.007512521,0.025876461,0.010851419,1492.015063,31227.87527,31.22787527
0.025081788,0.07306434,0.299890949,0.028353326,0.163576881,0.080697928,0.054525627,0.122137405,0.079607415,0.010905125,0.00436205,0.057797165,1453.122107,30413.8457,30.4138457
0.046319272,0.081885856,0.244830438,0.028122415,0.031430935,0.159636063,0.109181141,0.083540116,0.135649297,0.015715467,0.003308519,0.06038048,1407.861295,29466.53691,29.46653691
0.081668115,0.114682884,0.329278888,0.021720243,0.039965248,0.145960035,0.116420504,0.039096438,0.036490009,0.011294526,0.007819288,0.055603823,1295.242866,27109.43319,27.10943319
0.033925687,0.080775444,0.285137318,0.042003231,0.126009693,0.096122779,0.121163166,0.068659128,0.056542811,0.00726979,0.020193861,0.062197092,1379.382474,28870.47518,28.87047518
0.061538462,0.133076923,0.29,0.01,0.122307692,0.121538462,0.076153846,0.047692308,0.080769231,0.010769231,0.011538462,0.034615385,1337.133788,27986.21018,27.98621018
0.07384132,0.07384132,0.206598586,0.028279654,0.078554595,0.079340141,0.107619796,0.125687353,0.131186174,0.016496465,0.016496465,0.06205813,1587.388775,33224.04707,33.22404707
0.096314908,0.054438861,0.310720268,0.025963149,0.028475712,0.110552764,0.118927973,0.072026801,0.123115578,0.015075377,0.007537688,0.036850921,1474.105937,30853.03725,30.85303725
0.04601227,0.058282209,0.313650307,0.034509202,0.092791411,0.149539877,0.055214724,0.047546012,0.121932515,0.003067485,0.019171779,0.058282209,1437.713535,30091.34429,30.09134429
0.098650927,0.059021922,0.224283305,0.005902192,0.071669477,0.15682968,0.140809444,0.067453626,0.086003373,0.005059022,0.031197302,0.05311973,1464.669749,30655.53785,30.65553785
0.067768595,0.061983471,0.320661157,0.051239669,0.132231405,0.100826446,0.020661157,0.100826446,0.109917355,0.009917355,0.004958678,0.019008264,1607.38425,33642.55236,33.64255236
0.015004413,0.147396293,0.265666372,0.036187114,0.06266549,0.061782877,0.163283319,0.058252427,0.12886143,0.00353045,0.031774051,0.025595763,1214.810852,25425.99114,25.42599114
0.079076277,0.125262421,0.33379986,0.026592022,0.11406578,0.058082575,0.094471659,0.073477957,0.032890133,0.006997901,0.026592022,0.028691393,1367.373498,28619.12732,28.61912732
0.030094583,0.122957868,0.251934652,0.03783319,0.112639725,0.137575236,0.069647463,0.108340499,0.048151333,0.008598452,0.022355976,0.049871023,1383.604891,28958.85036,28.95885036
0.033171521,0.09223301,0.224110032,0.03802589,0.067961165,0.134304207,0.099514563,0.082524272,0.132686084,0.015372168,0.029126214,0.050970874,1415.770358,29632.07358,29.63207358
0.099137931,0.070689655,0.299137931,0.03362069,0.073275862,0.161206897,0.106034483,0.05,0.065517241,0.006896552,0.002586207,0.031896552,1482.125299,31020.8825,31.0208825
0.027027027,0.097461097,0.318591319,0.017199017,0.097461097,0.162162162,0.07043407,0.05978706,0.101556102,0.004095004,0.013104013,0.031122031,1270.648706,26594.67741,26.59467741
0.036770584,0.121502798,0.283772982,0.014388489,0.100719424,0.107913669,0.036770584,0.10871303,0.126298961,0.002398082,0.03117506,0.029576339,1375.252861,28784.04238,28.78404238
0.056219255,0.05059733,0.31623331,0.038650738,0.107519325,0.108222066,0.096978215,0.080112439,0.105411103,0.009135629,0.014054814,0.016865777,1448.645274,30320.14559,30.32014559
0.074458874,0.049350649,0.328138528,0.025974026,0.078787879,0.122943723,0.107359307,0.101298701,0.060606061,0.005194805,0.018181818,0.027705628,1415.487494,29626.15324,29.62615324
0.01038961,0.114285714,0.357575758,0.00952381,0.063203463,0.056277056,0.096969697,0.127272727,0.122943723,0.01038961,0.013852814,0.017316017,1182.50958,24749.92552,24.74992552
0.054852321,0.064978903,0.383966245,0.024472574,0.056540084,0.140084388,0.019409283,0.069198312,0.097046414,0.016033755,0.02278481,0.050632911,1357.96483,28422.2039,28.4222039
0.069614299,0.156161806,0.284101599,0.013170273,0.063029163,0.097836312,0.108184384,0.062088429,0.04233302,0.016933208,0.015992474,0.070555033,1292.885292,27060.08917,27.06008917
0.059121622,0.067567568,0.383445946,0.019425676,0.08277027,0.057432432,0.048986486,0.086148649,0.097972973,0.013513514,0.025337838,0.058277027,1383.395084,28954.4591,28.9544591
0.079937304,0.12460815,0.284482759,0.040752351,0.130094044,0.050940439,0.035266458,0.088557994,0.084639498,0.00862069,0.029780564,0.042319749,1559.742279,32645.40591,32.64540591
0.054954205,0.120732723,0.237302248,0.04662781,0.039966694,0.104912573,0.144879267,0.054121565,0.114071607,0.014154871,0.019983347,0.048293089,1391.24878,29118.83697,29.11883697
0.040197461,0.054301834,0.302538787,0.021156559,0.074047955,0.133991537,0.098025388,0.110719323,0.124118477,0.011283498,0.005641749,0.023977433,1378.691426,28856.01155,28.85601155
0.024732069,0.11788953,0.3215169,0.051937345,0.049464138,0.112118714,0.124484749,0.032976092,0.070898599,0.004946414,0.026380874,0.062654575,1246.8795,26097.18793,26.09718793
0.066322136,0.143841516,0.316968131,0.030146425,0.055124892,0.109388458,0.109388458,0.036175711,0.058570198,0.007751938,0.006890612,0.059431525,1305.740213,27329.14265,27.32914265
0.089035449,0.089859852,0.234954658,0.024732069,0.062654575,0.163231657,0.135201979,0.038746908,0.093157461,0.012366035,0.002473207,0.05358615,1456.531798,30485.21052,30.48521052
0.038793103,0.111206897,0.310344828,0.056896552,0.093103448,0.142241379,0.095689655,0.056896552,0.052586207,0.015517241,0.006034483,0.020689655,1343.018194,28109.37079,28.10937079
0.0256,0.1336,0.3232,0.048,0.0904,0.088,0.0912,0.0576,0.08,0.016,0.0104,0.036,1293.016872,27062.84314,27.06284314
0.078504673,0.101869159,0.296261682,0.020560748,0.063551402,0.162616822,0.151401869,0.030841121,0.023364486,0.017757009,0.035514019,0.017757009,1236.782636,25885.86057,25.88586057
0.056118472,0.139516758,0.268901013,0.043647701,0.089633671,0.152766952,0.053000779,0.107560405,0.040530008,0.012470772,0.007014809,0.028838659,1427.926525,29886.50216,29.88650216
0.006622517,0.074319352,0.312729948,0.036791759,0.108903606,0.100073584,0.128771155,0.111111111,0.070640177,0.011037528,0.008094187,0.030905077,1278.197291,26752.66931,26.75266931
0.047763457,0.117513268,0.235784685,0.023502654,0.097801365,0.084912813,0.13115997,0.122062168,0.082638362,0.015921152,0.023502654,0.017437453,1365.903875,28588.36811,28.58836811
0.076576577,0.117117117,0.322072072,0.009009009,0.048048048,0.084084084,0.132882883,0.048798799,0.08033033,0.006756757,0.018018018,0.056306306,1288.049364,26958.87319,26.95887319
0.072254335,0.050096339,0.328516378,0.026974952,0.088631985,0.100192678,0.124277457,0.097302505,0.062620424,0.001926782,0.014450867,0.032755299,1416.990984,29657.6213,29.6576213
0.067119155,0.134992459,0.2239819,0.00678733,0.082202112,0.116138763,0.070135747,0.122926094,0.111613876,0.00678733,0.003770739,0.053544495,1468.351598,30732.59894,30.73259894
0.033065237,0.09025916,0.345844504,0.027703307,0.064343164,0.141197498,0.048257373,0.126005362,0.064343164,0.004468275,0.033065237,0.021447721,1296.682456,27139.5638,27.1395638
0.061788618,0.086178862,0.260162602,0.03902439,0.052845528,0.081300813,0.145528455,0.063414634,0.129268293,0.017886179,0.02601626,0.036585366,1412.707628,29567.97066,29.56797066
0.090818363,0.046906188,0.289421158,0.033932136,0.113772455,0.062874251,0.060878244,0.072854291,0.168662675,0.007984032,0.001996008,0.0499002,1669.595176,34944.62704,34.94462704
0.064894449,0.120406568,0.308053167,0.025801407,0.115715403,0.121188428,0.110242377,0.049257232,0.033620016,0.012509773,0.007036747,0.031274433,1322.666047,27683.40036,27.68340036
0.032570423,0.097711268,0.303697183,0.013204225,0.077464789,0.134683099,0.133802817,0.086267606,0.051056338,0.001760563,0.007042254,0.060739437,1238.636593,25924.6639,25.9246639
0.040419162,0.120508982,0.346556886,0.017215569,0.066616766,0.121257485,0.121257485,0.041916168,0.049401198,0.002994012,0.023203593,0.048652695,1170.619441,24501.06491,24.50106491
0.0075,0.090833333,0.219166667,0.0225,0.108333333,0.068333333,0.13,0.1325,0.118333333,0.005833333,0.031666667,0.065,1364.08671,28550.33485,28.55033485
0.066471163,0.072336266,0.399804497,0.004887586,0.035190616,0.094819159,0.149560117,0.065493646,0.046920821,0.007820137,0.010752688,0.045943304,1184.524945,24792.10709,24.79210709
0.07615894,0.044701987,0.29884106,0.043046358,0.081953642,0.11589404,0.125827815,0.079470199,0.095198675,0.002483444,0.012417219,0.024006623,1496.233723,31316.17181,31.31617181
0.051082251,0.110822511,0.316883117,0.033766234,0.045887446,0.078787879,0.150649351,0.036363636,0.104761905,0.01038961,0.025108225,0.035497835,1266.034413,26498.10027,26.49810027
0.022727273,0.058712121,0.291666667,0.014204545,0.089962121,0.145833333,0.046401515,0.104166667,0.152462121,0.017045455,0.034090909,0.022727273,1352.912707,28316.46296,28.31646296
0.034965035,0.09965035,0.355769231,0.056818182,0.123251748,0.076923077,0.02972028,0.081293706,0.045454545,0.007867133,0.026223776,0.062062937,1422.466453,29772.22286,29.77222286
0.095372993,0.128423041,0.241737488,0.034938621,0.028328612,0.106704438,0.143531634,0.109537299,0.029272899,0.003777148,0.016997167,0.061378659,1452.997949,30411.24707,30.41124707
0.041336851,0.09762533,0.306068602,0.038698329,0.038698329,0.092348285,0.071240106,0.129287599,0.07651715,0.014951627,0.034300792,0.058927001,1376.957046,28819.71097,28.81971097
0.097481722,0.109666937,0.292445167,0.047928513,0.043054427,0.160032494,0.038180341,0.028432169,0.096669374,0.01056052,0.028432169,0.047116166,1518.37807,31779.653,31.779653
0.068251534,0.084355828,0.339723926,0.024539877,0.102760736,0.097392638,0.129601227,0.056748466,0.049079755,0.002300613,0.030674847,0.014570552,1306.174766,27338.23785,27.33823785
0.020865533,0.06877898,0.307573416,0.048686244,0.082689335,0.108191654,0.054868624,0.108964451,0.138330757,0.002318393,0.018547141,0.040185471,1448.02389,30307.14002,30.30714002
0.060805861,0.063003663,0.301831502,0.044688645,0.032967033,0.145787546,0.101831502,0.084249084,0.115018315,0.001465201,0.00952381,0.038827839,1450.865974,30366.62484,30.36662484
0.086145648,0.154529307,0.261101243,0.05062167,0.038188277,0.078152753,0.061278863,0.073712256,0.134991119,0.002664298,0.024866785,0.03374778,1536.500867,32158.96315,32.15896315
0.042158516,0.099494098,0.242833052,0.02613828,0.112141653,0.05311973,0.155986509,0.091905565,0.102023609,0.008431703,0.018549747,0.047217538,1386.137273,29011.85313,29.01185313
0.048695652,0.085217391,0.365217391,0.039130435,0.066086957,0.086956522,0.073043478,0.092173913,0.074782609,0.004347826,0.006086957,0.05826087,1383.495444,28956.55964,28.95655964
0.067769898,0.128447597,0.371946414,0.00394011,0.034672971,0.096926714,0.101654846,0.09929078,0.035460993,0.013396375,0.01891253,0.027580772,1192.142336,24951.53908,24.95153908
0.07239459,0.093078759,0.278440732,0.035003978,0.025457438,0.14956245,0.08194113,0.062848051,0.135242641,0.00318218,0.023866348,0.038981702,1447.194932,30289.78993,30.28978993
0.024390244,0.06097561,0.320121951,0.037347561,0.09070122,0.085365854,0.104420732,0.116615854,0.108231707,0.016768293,0.00304878,0.032012195,1373.276878,28742.68506,28.74268506
0.010342084,0.098647574,0.385043755,0.013524264,0.032617343,0.139220366,0.100238663,0.057279236,0.126491647,0.010342084,0.000795545,0.025457438,1113.435175,23304.19821,23.30419821
0.052293578,0.062385321,0.349541284,0.058715596,0.108256881,0.15412844,0.022018349,0.043119266,0.075229358,0.018348624,0.032110092,0.023853211,1444.80589,30239.78728,30.23978728
0.070108349,0.086042065,0.295729764,0.026768642,0.10707457,0.056086679,0.112810707,0.066284257,0.098789038,0.01402167,0.015933716,0.050350542,1443.810768,30218.95936,30.21895936
0.071090047,0.055924171,0.342180095,0.006635071,0.05971564,0.125118483,0.108056872,0.034123223,0.102369668,0.015165877,0.012322275,0.067298578,1328.773764,27811.23489,27.81123489
0.01048218,0.053459119,0.303983229,0.017819706,0.072327044,0.151991614,0.144654088,0.087002096,0.073375262,0.018867925,0.004192872,0.061844864,1214.912218,25428.11272,25.42811272
0.041879469,0.105209397,0.325842697,0.058222676,0.056179775,0.121552605,0.099080695,0.102145046,0.032686415,0.020429009,0.012257406,0.024514811,1335.044701,27942.48559,27.94248559
0.008498584,0.062322946,0.369216242,0.031161473,0.130311615,0.172804533,0.036827195,0.087818697,0.024551464,0.020774315,0.019830028,0.035882908,1243.8137,26033.02074,26.03302074
0.057880677,0.095280499,0.340160285,0.03205699,0.091718611,0.074799644,0.078361532,0.091718611,0.088156723,0.016918967,0.016918967,0.016028495,1378.392933,28849.7641,28.8497641
0.088502269,0.127080182,0.335098336,0.04387292,0.078668684,0.071860817,0.136157337,0.036308623,0.054462935,0.006807867,0.006807867,0.014372163,1373.51933,28747.75958,28.74775958
0.043043043,0.102102102,0.396396396,0.021021021,0.079079079,0.15015015,0.036036036,0.035035035,0.035035035,0.017017017,0.023023023,0.062062062,1217.325532,25478.62338,25.47862338
0.037519142,0.091117917,0.320061256,0.007656968,0.057427259,0.126339969,0.112557427,0.075038285,0.100306279,0.016845329,0.013016845,0.042113323,1230.649581,25757.49573,25.75749573
0.049861496,0.047091413,0.409972299,0.01754386,0.041551247,0.09787627,0.06278855,0.072022161,0.126500462,0.007386888,0.035087719,0.032317636,1289.249586,26983.99384,26.98399384
0.060097834,0.093640811,0.330538085,0.020964361,0.048916841,0.115303983,0.125786164,0.07617051,0.053109713,0.015373864,0.015373864,0.044723969,1274.649,26678.40358,26.67840358
0.077073171,0.058536585,0.380487805,0.004878049,0.148292683,0.082926829,0.029268293,0.077073171,0.077073171,0.012682927,0.037073171,0.014634146,1398.47337,29270.04764,29.27004764
0.009441385,0.065302911,0.3815893,0.020456334,0.127458694,0.069236821,0.085759245,0.056648308,0.114870181,0.014948859,0.017309205,0.036978757,1233.371823,25814.47226,25.81447226
0.023622047,0.132983377,0.229221347,0.011373578,0.130358705,0.063867017,0.160979878,0.042869641,0.116360455,0.019247594,0.008748906,0.060367454,1269.112909,26562.53318,26.56253318
0.06741573,0.104634831,0.332865169,0.007724719,0.058286517,0.131320225,0.118679775,0.076544944,0.02738764,0.00491573,0.021067416,0.049157303,1245.881466,26076.29908,26.07629908
0.090468498,0.099353796,0.216478191,0.048465267,0.108239095,0.147011309,0.084006462,0.047657512,0.111470113,0.012924071,0.016155089,0.017770598,1591.358832,33307.14034,33.30714034
0.052631579,0.114709852,0.324561404,0.030364372,0.083670715,0.060728745,0.109986505,0.056680162,0.111336032,0.006072874,0.020242915,0.029014845,1335.171655,27945.14274,27.94514274
0.03500473,0.072847682,0.352885525,0.017029328,0.037842952,0.152317881,0.140964995,0.110690634,0.041627247,0.015137181,0.009460738,0.014191107,1165.651149,24397.07854,24.39707854
0.031774051,0.056487202,0.240953222,0.026478376,0.045013239,0.13945278,0.110326567,0.133274492,0.144748455,0.013239188,0.00353045,0.054721977,1437.487481,30086.61299,30.08661299
0.04549147,0.090170593,0.227457352,0.049553209,0.0528026,0.159220146,0.12997563,0.132412673,0.067424858,0.008123477,0.002437043,0.03493095,1446.104635,30266.97001,30.26697001
0.011254019,0.03778135,0.392282958,0.006430868,0.030546624,0.153536977,0.081993569,0.120578778,0.135048232,0.01607717,0.000803859,0.013665595,1185.922123,24821.35003,24.82135003
0.007390983,0.120473023,0.274205469,0.04804139,0.059866962,0.124907613,0.107169254,0.109386548,0.065779749,0.011086475,0.016999261,0.054693274,1288.29338,26963.98044,26.96398044
0.062413315,0.105409154,0.32038835,0.045769764,0.10332871,0.061719834,0.126907074,0.045769764,0.072122053,0.012482663,0.022884882,0.020804438,1367.917806,28630.51969,28.63051969
0.017269737,0.106907895,0.328125,0.011513158,0.085526316,0.118421053,0.143914474,0.037006579,0.070723684,0.007401316,0.03125,0.041940789,1108.82319,23207.66937,23.20766937
0.030815109,0.123260437,0.258449304,0.042743539,0.052683897,0.142147117,0.060636183,0.102385686,0.112326044,0.014910537,0.021868787,0.03777336,1385.787087,29004.52373,29.00452373
0.083191851,0.046689304,0.286078098,0.004244482,0.079796265,0.098471986,0.120543294,0.070458404,0.132427844,0.015280136,0.001697793,0.061120543,1466.774409,30699.58838,30.69958838
0.030956848,0.090994371,0.360225141,0.02532833,0.038461538,0.151031895,0.087242026,0.121013133,0.019699812,0.003752345,0.004690432,0.066604128,1241.476207,25984.09702,25.98409702
0.040229885,0.087027915,0.32183908,0.038587849,0.032840722,0.112479475,0.151067323,0.087848933,0.027093596,0.015599343,0.026272578,0.0591133,1241.232275,25978.99151,25.97899151
0.022997621,0.054718477,0.290245837,0.035685964,0.128469469,0.109436955,0.106264869,0.060269627,0.099920698,0.00555115,0.024583664,0.06185567,1380.952954,28903.34532,28.90334532
0.018918919,0.042342342,0.368468468,0.013513514,0.124324324,0.120720721,0.01981982,0.114414414,0.121621622,0.017117117,0.007207207,0.031531532,1355.645701,28373.66452,28.37366452
0.016405136,0.091298146,0.29957204,0.029957204,0.115549215,0.129101284,0.042796006,0.076319544,0.124108417,0.002853067,0.019971469,0.052068474,1374.717064,28772.82816,28.77282816
0.080597015,0.08358209,0.258208955,0.017910448,0.07761194,0.085820896,0.106716418,0.102985075,0.108208955,0.006716418,0.024626866,0.047014925,1486.85556,31119.88687,31.11988687
0.034224599,0.087700535,0.304812834,0.027807487,0.099465241,0.06631016,0.110160428,0.124064171,0.071657754,0.022459893,0.016042781,0.035294118,1337.778452,27999.703,27.999703
0.080226904,0.137763371,0.319286872,0.013776337,0.071312804,0.098055105,0.087520259,0.031604538,0.078606159,0.013776337,0.004051864,0.064019449,1344.084118,28131.6806,28.1316806
0.083807974,0.141578519,0.204231082,0.044751831,0.07078926,0.144833198,0.079739626,0.108218063,0.060211554,0.003254679,0.011391375,0.04719284,1555.085743,32547.94459,32.54794459
0.046846847,0.128828829,0.233333333,0.031531532,0.071171171,0.137837838,0.152252252,0.05045045,0.069369369,0.012612613,0.010810811,0.054954955,1312.517696,27470.99538,27.47099538
0.02994012,0.177644711,0.250499002,0.0499002,0.069860279,0.167664671,0.070858283,0.076846307,0.047904192,0.001996008,0.026946108,0.02994012,1303.50571,27282.3745,27.2823745
0.04264214,0.056856187,0.308528428,0.026755853,0.142140468,0.140468227,0.137123746,0.035953177,0.06187291,0.015886288,0.013377926,0.018394649,1300.556422,27220.64591,27.22064591
0.030564263,0.062695925,0.334639498,0.021943574,0.09169279,0.047021944,0.142633229,0.11677116,0.094827586,0.011755486,0.018808777,0.026645768,1291.769439,27036.73435,27.03673435
0.058823529,0.076989619,0.353806228,0.053633218,0.062283737,0.154844291,0.128027682,0.037197232,0.020761246,0.006920415,0.010380623,0.03633218,1311.072851,27440.75477,27.44075477
0.032226563,0.135742188,0.283203125,0.046875,0.0703125,0.16796875,0.140625,0.051757813,0.030273438,0.002929688,0.005859375,0.032226563,1241.736837,25989.55201,25.98955201
0.073630137,0.096746575,0.27140411,0.019691781,0.139554795,0.093321918,0.058219178,0.051369863,0.122431507,0.018835616,0.023972603,0.030821918,1485.228698,31085.83664,31.08583664
0.084797555,0.073338426,0.359816654,0.03132162,0.05500382,0.0710466,0.080213904,0.119174943,0.05118411,0.013750955,0.009167303,0.05118411,1452.838828,30407.91668,30.40791668
0.076502732,0.058287796,0.289617486,0.005464481,0.142076503,0.128415301,0.052823315,0.10291439,0.079234973,0.009107468,0.031876138,0.023679417,1471.01978,30788.444,30.788444
0.023007395,0.041906327,0.280197206,0.022185703,0.139687757,0.119967132,0.116680362,0.109285127,0.11010682,0.003286771,0.02136401,0.01232539,1370.174588,28677.75413,28.67775413
0.089143866,0.123565755,0.361871139,0.024713151,0.07678729,0.060017652,0.07325684,0.079435128,0.022947926,0.002647838,0.031774051,0.053839365,1373.713803,28751.82989,28.75182989
0.025714286,0.12,0.377142857,0.007619048,0.111428571,0.119047619,0.096190476,0.034285714,0.05047619,0.012380952,0.004761905,0.040952381,1128.256743,23614.41362,23.61441362
0.027355623,0.107142857,0.361702128,0.003799392,0.05775076,0.135258359,0.123860182,0.034194529,0.094224924,0.003039514,0.012158055,0.039513678,1113.039997,23295.92714,23.29592714
0.096007605,0.051330798,0.257604563,0.019011407,0.070342205,0.116920152,0.164448669,0.052281369,0.114068441,0.013307985,0.025665399,0.019011407,1444.969633,30243.21442,30.24321442
0.054636952,0.083393242,0.332135155,0.042415528,0.103522646,0.116462976,0.069734004,0.038102085,0.095614666,0.008626887,0.012940331,0.042415528,1416.360805,29644.43164,29.64443164
0.081239531,0.060301508,0.378559464,0.051088777,0.051926298,0.165829146,0.027638191,0.081239531,0.021775544,0.004187605,0.024288107,0.051926298,1462.804447,30616.49708,30.61649708
0.080398162,0.133996937,0.349157734,0.013016845,0.028330781,0.081929556,0.093415008,0.120214395,0.035987749,0.006891271,0.010719755,0.045941807,1310.155148,27421.54725,27.42154725
0.085087719,0.109649123,0.309649123,0.006140351,0.097368421,0.063157895,0.110526316,0.106140351,0.085964912,0.004385965,0.005263158,0.016666667,1403.612574,29377.61118,29.37761118
0.047463175,0.089198036,0.371522095,0.05400982,0.071194763,0.049918167,0.141571195,0.06710311,0.036824877,0.01309329,0.024549918,0.033551555,1287.638747,26950.27897,26.95027897
0.071253071,0.132678133,0.335790336,0.018018018,0.117936118,0.155610156,0.02047502,0.060606061,0.042588043,0.006552007,0.016380016,0.022113022,1357.683681,28416.31944,28.41631944
0.027494108,0.114689709,0.28358209,0.015710919,0.06205813,0.135113904,0.145326002,0.068342498,0.120188531,0.011783189,0.005498822,0.010212097,1207.902849,25281.40663,25.28140663
0.055100521,0.049143708,0.356664185,0.039463887,0.106478034,0.046909903,0.094564408,0.106478034,0.106478034,0.005956813,0.017870439,0.014892033,1447.742996,30301.2609,30.3012609
0.090531561,0.121262458,0.279900332,0.041528239,0.070598007,0.117109635,0.079734219,0.063953488,0.083887043,0.010797342,0.008305648,0.032392027,1498.437593,31362.29882,31.36229882
0.0651341,0.103448276,0.253831418,0.026819923,0.049808429,0.101532567,0.152298851,0.126436782,0.048850575,0.012452107,0.005747126,0.053639847,1388.092274,29052.77129,29.05277129
0.088065844,0.119341564,0.35308642,0.012345679,0.041152263,0.106995885,0.040329218,0.125102881,0.046090535,0.01563786,0.011522634,0.040329218,1382.706311,28940.0431,28.9400431
0.063368056,0.060763889,0.246527778,0.026909722,0.114583333,0.083333333,0.142361111,0.032986111,0.112847222,0.019097222,0.030381944,0.066840278,1443.426657,30210.91993,30.21091993
0.108655617,0.070902394,0.359116022,0.049723757,0.144567219,0.097605893,0.035911602,0.05893186,0.041436464,0.011970534,0.007366483,0.013812155,1592.294787,33326.72989,33.32672989
0.031398668,0.1132255,0.340627973,0.055185538,0.112274025,0.075166508,0.026641294,0.077069458,0.128449096,0.017126546,0.004757374,0.018078021,1438.273806,30103.07076,30.10307076
0.027420737,0.150814053,0.269065981,0.045415596,0.097686375,0.089117395,0.051413882,0.107112254,0.083119109,0.010282776,0.010282776,0.058269066,1412.903065,29572.06115,29.57206115
0.040950041,0.081081081,0.278460278,0.052416052,0.121212121,0.153153153,0.096642097,0.113841114,0.027846028,0.010647011,0.001638002,0.022113022,1432.773242,29987.94395,29.98794395
0.072891073,0.106470106,0.343980344,0.032760033,0.073710074,0.099099099,0.018837019,0.099099099,0.062244062,0.00982801,0.02047502,0.060606061,1460.470551,30567.64863,30.56764863
0.070097604,0.07364685,0.291038154,0.008873114,0.047914818,0.05501331,0.126885537,0.103815439,0.13487134,0.010647737,0.028393966,0.04880213,1398.664183,29274.04136,29.27404136
0.095490716,0.105216622,0.227232538,0.029177719,0.139699381,0.162687887,0.034482759,0.053934571,0.104332449,0.018567639,0.014146773,0.015030946,1591.193456,33303.67903,33.30367903
0.049407115,0.04743083,0.334980237,0.0256917,0.127470356,0.145256917,0.051383399,0.130434783,0.058300395,0.010869565,0.004940711,0.013833992,1429.992804,29929.74938,29.92974938
0.015673981,0.137147335,0.354231975,0.040752351,0.056426332,0.105015674,0.096394984,0.035266458,0.0830721,0.014890282,0.004702194,0.056426332,1193.281314,24975.37789,24.97537789
0.036036036,0.089089089,0.258258258,0.006006006,0.093093093,0.168168168,0.078078078,0.033033033,0.136136136,0.009009009,0.034034034,0.059059059,1312.996915,27481.02543,27.48102543
0.099913867,0.055986219,0.368647717,0.036175711,0.03875969,0.120585702,0.055986219,0.130060293,0.040482343,0.006890612,0.013781223,0.032730405,1501.75483,31431.72858,31.43172858
0.081833061,0.087561375,0.311783961,0.051554828,0.066284779,0.099836334,0.133387889,0.06710311,0.068739771,0.012274959,0.007364975,0.012274959,1438.954705,30117.32197,30.11732197
0.104932735,0.047533632,0.284304933,0.056502242,0.139910314,0.061883408,0.087892377,0.042152466,0.077130045,0.009865471,0.030493274,0.057399103,1667.983737,34910.89962,34.91089962
0.078253707,0.07907743,0.257825371,0.052718287,0.142504119,0.073311367,0.101317957,0.036243822,0.105436573,0.014003295,0.010708402,0.048599671,1590.419613,33287.48249,33.28748249
0.093587522,0.152512998,0.329289428,0.016464471,0.032062392,0.059792028,0.141247834,0.063258232,0.042461005,0.01559792,0.006065858,0.047660312,1289.474287,26988.69683,26.98869683
0.014693172,0.066551426,0.260155575,0.038893691,0.102852204,0.147796024,0.07951599,0.135695765,0.106309421,0.001728608,0.027657736,0.018150389,1403.918702,29384.01843,29.38401843
0.038961039,0.115027829,0.243970315,0.03432282,0.070500928,0.163265306,0.091836735,0.12987013,0.044526902,0.020408163,0.019480519,0.027829314,1349.090114,28236.45609,28.23645609
0.010676157,0.131672598,0.317912218,0.045077106,0.065243179,0.143534994,0.080664294,0.058125741,0.037959668,0.018979834,0.041518387,0.048635824,1182.038432,24740.06439,24.74006439
0.006498781,0.127538587,0.232331438,0.030056864,0.09829407,0.1226645,0.089358245,0.11941511,0.121852153,0.006498781,0.01056052,0.03493095,1345.631457,28164.06639,28.16406639
0.03425656,0.096209913,0.340379009,0.038629738,0.102040816,0.060495627,0.131924198,0.082361516,0.053206997,0.014577259,0.029154519,0.016763848,1260.025899,26372.34207,26.37234207
0.094401756,0.075740944,0.306256861,0.03183315,0.042810099,0.20856202,0.043907794,0.128430296,0.037321625,0.003293085,0.006586169,0.020856202,1499.721829,31389.17788,31.38917788
0.087336245,0.091703057,0.293449782,0.033187773,0.059388646,0.091703057,0.089082969,0.070742358,0.111790393,0.008733624,0.028820961,0.034061135,1479.806111,30972.34191,30.97234191
0.07014157,0.036036036,0.30952381,0.027027027,0.093951094,0.121621622,0.103603604,0.074002574,0.109395109,0.006435006,0.024453024,0.023809524,1451.711962,30384.33136,30.38433136
0.043341214,0.102442868,0.305752561,0.038613081,0.074074074,0.081954295,0.081954295,0.119779354,0.097714736,0.015760441,0.009456265,0.029156816,1403.330916,29371.71606,29.37171606
0.073294019,0.074136479,0.240101095,0.042122999,0.092670598,0.168491997,0.149115417,0.059814659,0.02021904,0.01095198,0.01095198,0.058129739,1439.803713,30135.0917,30.1350917
0.016420361,0.079638752,0.285714286,0.024630542,0.119047619,0.126436782,0.075533662,0.125615764,0.115763547,0.005747126,0.013136289,0.012315271,1361.23488,28490.64603,28.49064603
0.036923077,0.122307692,0.224615385,0.043076923,0.090769231,0.153846154,0.050769231,0.121538462,0.111538462,0.002307692,0.003076923,0.039230769,1501.487146,31426.12596,31.42612596
0.007454739,0.145899894,0.274760383,0.056443024,0.091586794,0.139510117,0.063897764,0.116080937,0.054313099,0.019169329,0.017039404,0.013844515,1306.350058,27341.90671,27.34190671
0.024711697,0.042009885,0.366556837,0.016474465,0.059308072,0.136738056,0.131795717,0.07907743,0.10708402,0.004942339,0.019769357,0.011532125,1196.042167,25033.16256,25.03316256
0.094736842,0.170334928,0.240191388,0.036363636,0.077511962,0.067942584,0.036363636,0.043062201,0.116746411,0.007655502,0.036363636,0.072727273,1553.985169,32524.90959,32.52490959
0.044035228,0.097678143,0.325860689,0.009607686,0.122497998,0.068855084,0.049639712,0.128903122,0.082465973,0.009607686,0.008807046,0.052041633,1391.688126,29128.03248,29.12803248
0.018257261,0.142738589,0.380912863,0.021576763,0.074688797,0.093775934,0.038174274,0.069709544,0.113692946,0.004149378,0.025726141,0.01659751,1192.220782,24953.18097,24.95318097
0.054832714,0.058550186,0.392193309,0.028810409,0.089219331,0.172862454,0.053903346,0.04739777,0.045539033,0.006505576,0.00464684,0.045539033,1324.747214,27726.9592,27.7269592
0.090471607,0.063522618,0.401347449,0.021174206,0.034648701,0.06641001,0.042348412,0.062560154,0.156881617,0.011549567,0.013474495,0.035611165,1453.726626,30426.49829,30.42649829
0.037282519,0.072908036,0.383595692,0.004971002,0.125932063,0.056338028,0.037282519,0.091963546,0.130903065,0.017398509,0.005799503,0.035625518,1341.632989,28080.37846,28.08037846
0.013032146,0.12858384,0.260642919,0.017376195,0.134665508,0.054735013,0.099044309,0.104257168,0.111207646,0.019113814,0.005212858,0.052128584,1325.038547,27733.0568,27.7330568
0.033992095,0.041106719,0.382608696,0.051383399,0.124110672,0.094071146,0.068774704,0.041897233,0.083003953,0.007114625,0.02687747,0.045059289,1383.07052,28947.66597,28.94766597
0.051030422,0.05986261,0.31501472,0.02060844,0.133464181,0.138370952,0.033366045,0.07360157,0.106967615,0.008832188,0.016683023,0.042198234,1452.5055,30400.94011,30.40094011
0.06185567,0.04873477,0.3552015,0.022492971,0.087160262,0.076850984,0.126522962,0.094657919,0.090909091,0.017806935,0.002811621,0.014995314,1359.876334,28462.21168,28.46221168
0.067687349,0.121676068,0.301369863,0.049153908,0.083803384,0.050765512,0.124093473,0.068493151,0.057211926,0.012892828,0.004029009,0.058823529,1431.293969,29956.98277,29.95698277
0.015281757,0.153772684,0.260744986,0.045845272,0.092645654,0.069723018,0.17574021,0.06112703,0.048710602,0.018147087,0.033428844,0.024832856,1183.49607,24770.57275,24.77057275
0.03653356,0.090059473,0.337298216,0.052676296,0.142735769,0.059473237,0.024638912,0.039932031,0.148683093,0.011894647,0.019541206,0.03653356,1485.883457,31099.54077,31.09954077
0.013923014,0.099099099,0.276822277,0.012285012,0.136773137,0.128583129,0.094185094,0.073710074,0.075348075,0.006552007,0.022932023,0.05978706,1269.479558,26570.20714,26.57020714
0.038038038,0.173173173,0.338338338,0.036036036,0.03003003,0.085085085,0.141141141,0.112112112,0.02002002,0.003003003,0.003003003,0.02002002,1171.591789,24521.41614,24.52141614
0.041520056,0.092892329,0.308937368,0.022519353,0.09007741,0.105559465,0.114707952,0.038001407,0.105559465,0.011259676,0.019000704,0.049964814,1298.434418,27176.23237,27.17623237
0.04670913,0.078556263,0.40552017,0.023354565,0.072186837,0.066878981,0.031847134,0.091295117,0.050955414,0.023354565,0.030785563,0.078556263,1311.046171,27440.19636,27.44019636
0.051673945,0.074235808,0.326783115,0.031295488,0.052401747,0.103347889,0.091703057,0.081513828,0.090247453,0.016011645,0.024745269,0.056040757,1359.394138,28452.11931,28.45211931
0.071227741,0.050609185,0.272727273,0.024367385,0.103092784,0.106841612,0.096532334,0.095595127,0.12371134,0.012183693,0.014995314,0.028116214,1510.662087,31618.15749,31.61815749
0.088210348,0.089906701,0.348600509,0.016115352,0.12553011,0.05682782,0.117896522,0.067854114,0.022052587,0.016115352,0.006785411,0.044105174,1377.318146,28827.26881,28.82726881
0.053685168,0.148316652,0.272975432,0.01910828,0.055505005,0.080072793,0.027297543,0.13921747,0.148316652,0.016378526,0.020018198,0.01910828,1431.114805,29953.23288,29.95323288
0.062447257,0.109704641,0.389873418,0.016877637,0.025316456,0.148523207,0.118987342,0.04556962,0.054852321,0.016033755,0.000843882,0.010970464,1160.084629,24280.57129,24.28057129
0.033557047,0.106543624,0.310402685,0.05033557,0.034395973,0.052852349,0.098154362,0.057885906,0.148489933,0.018456376,0.031040268,0.057885906,1360.371255,28472.57038,28.47257038
0.079295154,0.10660793,0.39030837,0.026431718,0.036123348,0.055506608,0.14185022,0.070484581,0.01938326,0.014096916,0.005286344,0.054625551,1264.418037,26464.26952,26.46426952
0.07295082,0.131967213,0.352459016,0.009016393,0.026229508,0.100819672,0.078688525,0.131967213,0.032786885,0.001639344,0.016393443,0.045081967,1288.854595,26975.72667,26.97572667
0.011578947,0.071578947,0.477894737,0.067368421,0.035789474,0.087368421,0.078947368,0.047368421,0.028421053,0.002105263,0.009473684,0.082105263,1207.326714,25269.34813,25.26934813
0.085397096,0.076857387,0.314261315,0.009393681,0.080273271,0.139197267,0.157130658,0.033304868,0.036720751,0.007685739,0.034158839,0.025619129,1267.765656,26534.33518,26.53433518
0.075253256,0.039797395,0.324891462,0.008683068,0.025325615,0.102026049,0.127351664,0.104920405,0.123733719,0.009406657,0.022431259,0.03617945,1376.826012,28816.96844,28.81696844
0.088586031,0.046848382,0.379897785,0.037478705,0.127768313,0.055366269,0.062180579,0.108177172,0.023850085,0.016183986,0.009369676,0.044293015,1519.845539,31810.36714,31.81036714
0.060827251,0.065693431,0.290348743,0.02027575,0.081103001,0.120843471,0.086780211,0.083536091,0.133819951,0.00567721,0.00486618,0.04622871,1458.721721,30531.04562,30.53104562
0.056501548,0.139318885,0.273219814,0.017027864,0.119195046,0.065789474,0.092105263,0.112229102,0.063467492,0.00619195,0.005417957,0.049535604,1399.042097,29281.95109,29.28195109
0.098507463,0.089552239,0.278606965,0.010945274,0.062686567,0.073631841,0.127363184,0.091542289,0.110447761,0.018905473,0.011940299,0.025870647,1451.429766,30378.42501,30.37842501
