name,id,id2,o2,temp,co2,fr_c,wvp,bp,vo2,data_auc,timediff,vo2_auc,place,date,type.x,type.y,smr,smr_total,smr_timediff,smr_auc,Age,Place,Gender,species,time_swum,weight,rmr,lengths,strokes,distance,speed,cot
April,April2014-03-07,April_41705_AMR1,0.203641054,22.60457292,-4.76E-05,293.1877305,2.637406146,102.0454153,2.151013838,165.4135013,77,2.14822729,UWW,07/03/14,AMR1,1,0.536767675,73.12429203,136,0.537678618,7,UWW,Female,ASL,83,56,0.48233,,,,,
April,April2014-03-07,April_41705_AMR2,0.206825982,22.64199045,-4.76E-05,293.266753,2.624198363,102.0424683,0.980346221,143.4518602,146,0.982546988,UWW,07/03/14,AMR2,0,0.536767675,73.12429203,136,0.537678618,7,UWW,Female,ASL,36,56,0.48233,,,,,
April,April2014-03-14,April_41712_AMR1,0.205249691,23.40058824,-4.67E-05,292.9705795,2.730120212,101.6620228,1.559118952,158.1745906,101,1.566085055,UWW,14/03/14,AMR1,1,0.767740417,88.17566922,115,0.76674495,7,UWW,Female,ASL,92,56,0.48233,11,NA,176,1.913043478,3.758263228
April,April2014-03-14,April_41712_AMR2,0.206058066,23.44609855,-4.63E-05,292.9385359,2.749482426,101.657507,1.262069616,156.52964,124,1.262335806,UWW,14/03/14,AMR2,0,0.767740417,88.17566922,115,0.76674495,7,UWW,Female,ASL,69,56,0.48233,10,NA,160,2.31884058,4.903987014
April,April2014-03-15,April_41713_AMR1,0.206124126,22.9235,-3.24E-05,293.0613074,2.706835887,101.7805297,1.238280192,143.9392798,116,1.24085586,UWW,15/03/14,AMR1,1,0.685510701,122.7019408,179,0.685485703,7,UWW,Female,ASL,99,56,0.48233,11,NA,176,1.777777778,3.729933886
April,April2014-03-15,April_41713_AMR2,0.206217307,22.89369792,-2.99E-05,292.929224,2.727415274,101.7666976,1.203276513,138.474205,115,1.204123522,UWW,15/03/14,AMR2,0,0.685510701,122.7019408,179,0.685485703,7,UWW,Female,ASL,97,56,0.48233,8,NA,128,1.319587629,5.04509456
April,April2014-03-19,April_41717_AMR1,0.204838048,23.37939894,0.000102842,292.9989743,2.78453066,102.2054074,1.710234711,128.5404239,75,1.713872319,UWW,19/03/14,AMR1,1,0.889977409,179.7660994,202,0.889931185,7,UWW,Female,ASL,134,56,0.48233,10,NA,160,1.194029851,2.62310508
April,April2014-03-21,April_41719_AMR1,0.20679871,24.89151318,1.65E-05,294.7020106,2.147868503,102.2188596,0.995242457,143.3570127,144,0.99553481,UWW,21/03/14,AMR1,1,0.617332041,74.3553462,120,0.619627885,7,UWW,Female,ASL,127,56,0.48233,NA,NA,NA,,
April,April2014-03-21,April_41719_AMR2,0.205527221,25.29101187,1.36E-05,294.6515541,2.163659996,102.2163834,1.465729064,98.31318961,67,1.467361039,UWW,21/03/14,AMR2,0,0.617332041,74.3553462,120,0.619627885,7,UWW,Female,ASL,130,56,0.48233,NA,NA,NA,,
April,April2014-03-26,April_41724_AMR1,0.204946695,24.00038697,-7.03E-05,295.2436456,1.977643017,102.0532818,1.683533898,175.4638781,104,1.687152674,UWW,26/03/14,AMR1,1,0.632366802,76.31262838,121,0.630682879,7,UWW,Female,ASL,127,56,0.48233,11,NA,176,1.385826772,1.696337977
April,April2014-03-26,April_41724_AMR2,0.205147993,24.04469944,7.34E-06,295.1424524,1.99434146,102.0547641,1.608148859,228.6960662,142,1.610535677,UWW,26/03/14,AMR2,0,0.632366802,76.31262838,121,0.630682879,7,UWW,Female,ASL,105,56,0.48233,10,NA,160,1.523809524,4.338212745
April,April2014-03-27,April_41725_AMR1,0.206350823,23.83021897,6.92E-06,235.6066152,2.135546126,102.1910184,0.928396171,107.1238007,115,0.93151131,UWW,27/03/14,AMR1,1,0.552240429,109.8857808,199,0.552189853,7,UWW,Female,ASL,125,56,0.48233,10,NA,160,1.28,1.377587484
April,April2014-03-27,April_41725_AMR2,0.205678619,23.54447173,1.41E-05,235.8251644,2.071911309,102.19012,1.128277294,127.5456056,113,1.128722174,UWW,27/03/14,AMR2,0,0.552240429,109.8857808,199,0.552189853,7,UWW,Female,ASL,149,56,0.48233,8,NA,128,0.859060403,0.849210567
April,April2014-03-29,April_41727_AMR1,0.207170794,26.37407176,7.28E-06,291.2329515,3.32515287,101.894195,0.847174112,73.0067581,86,0.848915792,UWW,29/03/14,AMR1,1,0.612822483,82.07088792,134,0.612469313,7,UWW,Female,ASL,126,56,0.48233,,,,,
April,April2014-11-06,April_41949_AMR1,0.205060942,22.48223962,1.71E-05,293.6410351,2.425054789,101.8160568,1.632674507,173.0854194,106,1.632881315,UWW,06/11/14,AMR1,1,0.929604713,104.0359003,112,0.928891967,7,UWW,Female,ASL,84,58,0.48233,8,28,228,2.714285714,2.979081481
April,April2014-11-06,April_41949_AMR2,0.205420355,22.26624419,1.69E-05,293.8208142,2.423262031,101.7940395,1.500977345,154.7458364,103,1.502386761,UWW,06/11/14,AMR2,0,0.929604713,104.0359003,112,0.928891967,7,UWW,Female,ASL,72,58,0.4592,7,25,199.5,2.770833333,4.064577178
April,April2014-11-12,April_41955_AMR1,0.205189677,21.96618039,-6.42E-05,294.0652853,2.325038722,101.9547997,1.587246158,161.8815828,102,1.587074341,UWW,12/11/14,AMR1,1,0.575644585,84.6325057,147,0.575731331,7,UWW,Female,ASL,106,60,0.4592,NA,NA,NA,,
April,April2014-11-12,April_41955_AMR2,0.204698087,22.94364691,-2.87E-05,293.9023907,2.375004444,101.9558392,1.767440313,142.1232597,80,1.776540746,UWW,12/11/14,AMR2,0,0.575644585,84.6325057,147,0.575731331,7,UWW,Female,ASL,105,60,0.4592,NA,NA,NA,,
April,April2014-12-04,April_41977_AMR1,0.205173197,-5,2.13E-05,291.8707331,2.652749793,101.9111823,1.581371303,210.5732949,133,1.583257857,UWW,04/12/14,AMR1,1,0.759637368,125.4817669,165,0.760495557,7,UWW,Female,ASL,99,59,0.4592,9,27,256.5,2.590909091,3.288057521
April,April2014-12-04,April_41977_AMR2,0.204422228,-5,2.14E-05,291.9637196,2.652505792,101.8984311,1.856893247,207.6374668,112,1.853905953,UWW,04/12/14,AMR2,0,0.759637368,125.4817669,165,0.760495557,7,UWW,Female,ASL,100,59,0.4592,10,29,285,2.85,3.887895716
April,April2014-12-05,April_41978_AMR1,0.204126398,-5,-5.80E-05,291.0547647,2.797954582,101.1678086,1.958431451,227.471871,116,1.960964405,UWW,05/12/14,AMR1,1,0.914356313,114.2023213,125,0.913618571,7,UWW,Female,ASL,105,59,0.4592,10,NA,285,2.714285714,2.192070187
April,April2014-12-05,April_41978_AMR2,0.204160029,-5,-0.000143421,291.1242575,2.815346378,101.1510782,1.946837154,205.0849563,105,1.95319006,UWW,05/12/14,AMR2,0,0.914356313,114.2023213,125,0.913618571,7,UWW,Female,ASL,93,59,0.4592,9,NA,256.5,2.758064516,3.538116578
April,April2014-12-09,April_41982_AMR1,0.204364229,23.78994265,-3.98E-05,290.650495,2.658450724,101.3213658,1.869361989,207.8907055,111,1.872889239,UWW,09/12/14,AMR1,1,0.989907022,119.8599319,121,0.99057795,7,UWW,Female,ASL,91,59,0.4592,8,24,228,2.505494505,3.301698351
April,April2014-12-09,April_41982_AMR2,0.20403783,23.65857637,-7.58E-05,291.0085857,2.628124155,101.3474245,1.990924623,195.2582446,98,1.992431067,UWW,09/12/14,AMR2,0,0.989907022,119.8599319,121,0.99057795,7,UWW,Female,ASL,96,59,0.4592,9,23,256.5,2.671875,2.911350497
Bella,Bella2014-11-06,Bella_41949_AMR1,0.204333749,22.3277522,1.71E-05,293.676484,2.40805556,101.8419815,1.900245645,258.8304712,136,1.90316523,UWW,06/11/14,AMR1,1,0.920027789,127.808601,139,0.919486338,17,UWW,Female,AFS,76,78,0.48899,9,22,203.4,2.676315789,4.776740518
Bella,Bella2014-11-06,Bella_41949_AMR2,0.203069578,22.21439114,1.71E-05,293.6500755,2.433941723,101.8279672,2.364012471,245.7071171,104,2.362568433,UWW,06/11/14,AMR2,0,0.920027789,127.808601,139,0.919486338,17,UWW,Female,AFS,64,78,0.48899,9,20,203.4,3.178125,7.231532759
Bella,Bella2014-11-07,Bella_41950_AMR1,0.203686991,22.31869263,1.43E-05,293.4915546,2.494633369,101.9212598,2.13624738,306.074343,143,2.140380021,UWW,07/11/14,AMR1,1,0.80635956,141.9771082,176,0.806688115,17,UWW,Female,AFS,87,78,0.48899,11,23,248.6,2.857471264,4.821709271
Bella,Bella2014-11-07,Bella_41950_AMR2,0.203310801,22.22919441,1.46E-05,293.4970279,2.514157767,101.9156502,2.274249791,373.7168548,164,2.27876131,UWW,07/11/14,AMR2,0,0.80635956,141.9771082,176,0.806688115,17,UWW,Female,AFS,74,78,0.48899,10,23,226,3.054054054,6.317574844
Bella,Bella2014-12-03,Bella_41976_AMR1,0.202826283,-5,-0.000150024,291.4620606,2.66052486,101.9835721,2.434814738,287.541738,118,2.43679439,UWW,03/12/14,AMR1,1,1.056941251,126.8526167,120,1.057105139,17,UWW,Female,AFS,101,72,0.48899,12,25,271.2,2.685148515,2.880206802
Bella,Bella2014-12-03,Bella_41976_AMR2,0.203494402,-5,-0.000150641,291.5418668,2.685070623,101.9707107,2.192113996,304.4595521,139,2.19035649,UWW,03/12/14,AMR2,0,1.056941251,126.8526167,120,1.057105139,17,UWW,Female,AFS,83,72,0.48899,10,21,226,2.722891566,4.354080883
Bella,Bella2014-12-04,Bella_41977_AMR1,0.203705917,-5,0.000133813,291.8369715,2.660618817,101.522434,2.117334512,337.091195,159,2.120070409,UWW,04/12/14,AMR1,1,0.818395544,99.81535839,122,0.818158675,17,UWW,Female,AFS,99,72,0.48899,14,27,316.4,3.195959596,2.690572437
Bella,Bella2014-12-04,Bella_41977_AMR2,0.203520034,-5,4.36E-06,291.8473118,2.695158401,101.5120447,2.184494277,314.313057,144,2.182729562,UWW,04/12/14,AMR2,0,0.818395544,99.81535839,122,0.818158675,17,UWW,Female,AFS,101,72,0.48899,12,23,271.2,2.685148515,3.207949975
Bella,Bella2014-12-05,Bella_41978_AMR1,0.203605435,-5,-2.59E-05,291.4964357,2.790108822,101.4902597,2.151529069,256.192128,119,2.152875025,UWW,05/12/14,AMR1,1,0.907726061,170.6145605,188,0.907524258,17,UWW,Female,AFS,101,72,0.48899,12,26,271.2,2.685148515,4.088718282
Bella,Bella2014-12-05,Bella_41978_AMR2,0.20311344,-5,-9.58E-06,291.4217719,2.780870768,101.4929053,2.330148509,268.5825715,115,2.335500622,UWW,05/12/14,AMR2,0,0.907726061,170.6145605,188,0.907524258,17,UWW,Female,AFS,91,72,0.48899,11,23,248.6,2.731868132,5.577093329
Bella,Bella2014-12-10,Bella_41983_AMR1,0.203136463,23.4472527,-1.76E-05,292.1872329,2.601993624,101.6436642,2.327864907,302.4153917,130,2.326272244,UWW,10/12/14,AMR1,1,0.799473905,106.183143,133,0.798369496,17,UWW,Female,AFS,97,69,0.48899,12,29,271.2,2.795876289,4.441538623
Bella,Bella2014-12-12,Bella_41985_AMR1,0.203981252,21.9865907,-2.78E-05,292.7207057,2.416512493,101.1164652,2.02297,261.1011464,129,2.024039894,UWW,12/12/14,AMR1,1,0.750753025,136.0008367,181,0.751385838,17,UWW,Female,AFS,93,69,0.48899,11,23,248.6,2.67311828,4.984657228
Bella,Bella2014-12-12,Bella_41985_AMR2,0.203319566,22.1062458,1.18E-05,292.4831801,2.460788455,101.1099575,2.262917746,295.0563544,130,2.269664265,UWW,12/12/14,AMR2,0,0.750753025,136.0008367,181,0.751385838,17,UWW,Female,AFS,97,69,0.48899,10,23,226,2.329896907,6.204203599
Bella,Bella2014-12-13,Bella_41986_AMR1,0.204372995,21.55057326,-6.72E-05,341.9112846,2.401934088,101.3178316,2.195342251,239.4350248,109,2.196651604,UWW,13/12/14,AMR1,1,1.062779954,134.8606198,127,1.061894644,17,UWW,Female,AFS,108,69,0.48899,NA,NA,NA,,
Bella,Bella2014-12-13,Bella_41986_AMR2,0.204609305,21.37756063,-4.90E-05,341.8694253,2.387247815,101.3143216,2.09398794,320.866834,153,2.097168849,UWW,13/12/14,AMR2,0,1.062779954,134.8606198,127,1.061894644,17,UWW,Female,AFS,108,69,0.48899,NA,NA,NA,,
Groucho,Groucho2014-03-08,Groucho_41706_AMR1,0.198861531,22.412625,-3.53E-05,293.2820244,2.633640302,102.0331281,3.895522574,659.4051822,169,3.901805812,UWW,08/03/14,AMR1,1,2.059009598,241.4461147,117,2.063642006,14,UWW,Male,AFS,47,182,0.95311,7,NA,117.6,2.50212766,9.104084871
Groucho,Groucho2014-03-09,Groucho_41707_AMR1,0.200086218,22.53819724,-1.43E-05,293.311912,2.622602575,102.2041208,3.450188932,548.9607456,159,3.452583306,UWW,09/03/14,AMR1,1,1.809022928,231.6459712,128,1.80973415,14,UWW,Male,AFS,49,182,0.95311,7,NA,117.6,2.4,8.086548881
Groucho,Groucho2014-03-10,Groucho_41708_AMR1,0.20029879,22.47501727,-4.72E-05,293.3657804,2.630879088,102.2131112,3.373879831,469.1462985,139,3.375153227,UWW,10/03/14,AMR1,1,2.050549683,250.5695684,122,2.053848921,14,UWW,Male,AFS,62,182,0.95311,NA,NA,NA,,
Groucho,Groucho2014-03-13,Groucho_41711_AMR1,0.197620127,23.05652965,1.06E-05,317.2963391,2.76552489,101.8529441,4.609700108,917.2316433,199,4.609204238,UWW,13/03/14,AMR1,1,1.82349575,290.0257063,159,1.824061046,14,UWW,Male,AFS,65,182,0.95311,9,28,151.2,2.326153846,8.289998004
Groucho,Groucho2014-03-13,Groucho_41711_AMR2,0.196463427,22.87648986,2.93E-05,341.9939335,2.752414895,101.8480388,5.554284464,656.6527383,118,5.564853715,UWW,13/03/14,AMR2,0,1.82349575,290.0257063,159,1.824061046,14,UWW,Male,AFS,58,182,0.95311,9,27,151.2,2.606896552,10.70836037
Groucho,Groucho2014-03-21,Groucho_41719_AMR2,0.199377195,24.21846071,6.90E-05,354.3635626,1.976400737,101.8863476,4.476076091,910.216942,203,4.4838273,UWW,21/03/14,AMR2,1,2.462391252,296.0240397,120,2.466866998,14,UWW,Male,AFS,62,182,0.95311,9,NA,151.2,2.438709677,6.893059395
Groucho,Groucho2014-03-22,Groucho_41720_AMR1,0.19655738,23.54604149,-0.000420011,295.5493348,1.885592363,102.0074354,4.765916877,666.9873328,140,4.764195234,UWW,22/03/14,AMR1,1,2.236256558,367.060937,164,2.238176445,14,UWW,Male,AFS,70,182,0.95311,10,0,168,2.4,7.167060116
Groucho,Groucho2014-03-22,Groucho_41720_AMR2,0.197033104,23.5326038,-0.000420424,295.6343425,1.862973136,101.9993376,4.594638327,579.5161723,126,4.599334701,UWW,22/03/14,AMR2,0,2.236256558,367.060937,164,2.238176445,14,UWW,Male,AFS,66,182,0.95311,10,0,168,2.545454545,7.073559121
Groucho,Groucho2014-03-23,Groucho_41721_AMR1,0.199561363,23.82886913,1.34E-05,354.2240283,2.031151313,102.0247873,4.39513366,786.2620307,179,4.392525311,UWW,23/03/14,AMR1,1,1.627181407,177.0343092,109,1.624167974,14,UWW,Male,AFS,64,182,0.95311,10,24,168,2.625,6.624863505
Groucho,Groucho2014-03-23,Groucho_41721_AMR2,0.197618233,23.78496977,1.27E-05,354.5349984,2.00144338,102.01675,5.250585925,449.3913746,85,5.286957348,UWW,23/03/14,AMR2,0,1.627181407,177.0343092,109,1.624167974,14,UWW,Male,AFS,78,182,0.95311,11,24,184.8,2.369230769,6.666296861
Groucho,Groucho2014-03-24,Groucho_41722_AMR1,0.193866232,24.10614098,-1.94E-05,295.5603054,1.973455682,101.5313563,5.743744401,609.9790581,106,5.754519416,UWW,24/03/14,AMR1,1,2.48238693,395.2423078,159,2.485800678,14,UWW,Male,AFS,73,182,0.95311,11,35,184.8,2.531506849,7.772753159
Groucho,Groucho2014-03-24,Groucho_41722_AMR2,0.196497161,25.33725902,-1.95E-05,294.5382477,2.198426964,101.5389112,4.768913372,897.5120434,188,4.774000231,UWW,24/03/14,AMR2,0,2.48238693,395.2423078,159,2.485800678,14,UWW,Male,AFS,65,182,0.95311,10,28,168,2.584615385,7.200811256
Groucho,Groucho2014-03-28,Groucho_41726_AMR1,0.198949083,22.73509728,2.34E-05,314.9301186,1.985375102,101.8835167,4.147506812,792.276306,191,4.148043487,UWW,28/03/14,AMR1,1,1.808979755,237.3813621,131,1.812071466,14,UWW,Male,AFS,84,180,0.95311,12,NA,201.6,2.4,4.172565698
Groucho,Groucho2014-03-29,Groucho_41727_AMR1,0.198148736,25.20475779,-0.000419466,291.9205818,3.096212216,101.6536396,4.13220913,954.7739938,231,4.133220752,UWW,29/03/14,AMR1,1,1.580528783,181.9763087,115,1.582402684,14,UWW,Male,AFS,85,180,0.95311,13,NA,218.4,2.569411765,3.780883929
Groucho,Groucho2014-03-30,Groucho_41728_AMR1,0.199084577,23.31230508,2.20E-05,292.7977412,2.806819241,101.8895672,3.806043735,898.2251468,236,3.806038757,UWW,30/03/14,AMR1,1,1.42793189,171.4596166,120,1.428830138,14,UWW,Male,AFS,90,180,0.95311,12,39,201.6,2.24,3.636938425
Groucho,Groucho2014-03-30,Groucho_41728_AMR2,0.197914286,23.47721448,2.21E-05,292.6746183,2.833416268,101.9270611,4.226011022,946.1952702,224,4.224086028,UWW,30/03/14,AMR2,0,1.42793189,171.4596166,120,1.428830138,14,UWW,Male,AFS,81,180,0.95311,11,36,184.8,2.281481481,5.275627863
Groucho,Groucho2014-11-08,Groucho_41951_AMR1,0.201403876,22.16433875,1.12E-05,391.3986145,2.461619778,102.3883922,3.959533757,580.9124468,147,3.951785353,UWW,08/11/14,AMR1,1,1.612682072,330.4690902,205,1.612044343,14,UWW,Male,AFS,98,180,1.0038,13,39,218.4,2.228571429,4.121383726
Groucho,Groucho2014-11-08,Groucho_41951_AMR2,0.200239783,21.93625676,1.06E-05,391.1159677,2.473968705,102.3826763,4.520828219,733.8963051,162,4.530224106,UWW,08/11/14,AMR2,0,1.612682072,330.4690902,205,1.612044343,14,UWW,Male,AFS,94,180,1.0038,13,39,218.4,2.323404255,5.131745076
Groucho,Groucho2014-11-09,Groucho_41952_AMR1,0.20106777,22.46766345,1.24E-05,391.788741,2.329931457,102.2665743,4.127837069,685.1512877,166,4.127417396,UWW,09/11/14,AMR1,1,1.585613435,331.5933213,209,1.586570915,14,UWW,Male,AFS,109,180,1.0038,15,32,252,2.311926606,3.472950434
Groucho,Groucho2014-11-09,Groucho_41952_AMR2,0.197555045,22.46274899,1.27E-05,392.0043561,2.308778486,102.2837611,5.837030967,289.7008852,50,5.794017704,UWW,09/11/14,AMR2,0,1.585613435,331.5933213,209,1.586570915,14,UWW,Male,AFS,110,180,1.0038,15,32,252,2.290909091,5.697160174
Groucho,Groucho2014-11-10,Groucho_41953_AMR1,0.202306009,22.16414172,-0.000147272,405.7919271,2.472562756,102.17156,3.754718929,751.157129,200,3.755785645,UWW,10/11/14,AMR1,1,1.441088108,179.5132032,124,1.447687122,14,UWW,Male,AFS,116,180,1.0038,NA,NA,NA,,
Groucho,Groucho2014-11-10,Groucho_41953_AMR2,0.201334946,22.1980759,-0.000145825,342.6375199,2.489348461,102.1686095,3.497573368,737.8395282,211,3.496869802,UWW,10/11/14,AMR2,0,1.441088108,179.5132032,124,1.447687122,14,UWW,Male,AFS,94,180,1.0038,NA,NA,NA,,
Groucho,Groucho2014-12-01,Groucho_41974_AMR1,0.201221068,-5,2.04E-05,340.7912115,2.469754337,101.8122431,3.527331839,NA,163,NA,UWW,01/12/14,AMR1,1,1.354817152,NA,101,NA,14,UWW,Male,AFS,100,182,0.95311,13,27,218.4,2.184,1.949734287
Groucho,Groucho2014-12-01,Groucho_41974_AMR2,0.198214878,-5,0.000163466,340.4673918,2.548138836,101.7980356,4.793057969,NA,134,NA,UWW,01/12/14,AMR2,0,1.354817152,NA,101,NA,14,UWW,Male,AFS,90,182,0.95311,13,28,218.4,2.426666667,4.501515148
Groucho,Groucho2014-12-06,Groucho_41979_AMR1,0.200088056,-5,1.84E-05,340.6269469,2.590545791,100.9601659,4.004596364,793.1465882,198,4.00579085,UWW,06/12/14,AMR1,1,1.856977224,337.7659593,182,1.855856919,14,UWW,Male,AFS,94,174,1.0038,13,28,218.4,2.323404255,3.950374667
Groucho,Groucho2014-12-06,Groucho_41979_AMR2,0.19860706,-5,1.84E-05,340.5204053,2.632277092,100.9610343,4.626171451,768.1960182,166,4.627686857,UWW,06/12/14,AMR2,0,1.856977224,337.7659593,182,1.855856919,14,UWW,Male,AFS,104,174,1.0038,14,31,235.2,2.261538462,4.085854628
Groucho,Groucho2014-12-07,Groucho_41980_AMR1,0.201377693,-5,-0.000143203,340.8613474,2.620814053,101.1127888,3.45904092,827.6297421,239,3.46288595,UWW,07/12/14,AMR1,1,1.605564937,226.7190173,141,1.607936293,14,UWW,Male,AFS,111,174,1.0038,15,32,252,2.27027027,1.533557026
Groucho,Groucho2014-12-07,Groucho_41980_AMR2,0.200126655,-5,-0.00015044,341.106812,2.635718726,101.0962218,3.99364687,730.2797343,183,3.990599641,UWW,07/12/14,AMR2,0,1.605564937,226.7190173,141,1.607936293,14,UWW,Male,AFS,109,174,1.0038,15,33,252,2.311926606,2.379356847
Groucho,Groucho2014-12-11,Groucho_41984_AMR2,0.196345078,23.54960419,-0.00012674,291.9936166,2.680677785,100.7537541,4.784559377,728.6729166,152,4.793900767,UWW,11/12/14,AMR2,1,2.222654383,469.3160636,211,2.224246747,14,UWW,Male,AFS,105,179,1.0038,15,32,252,2.4,3.789510456
Groucho,Groucho2014-12-12,Groucho_41985_AMR1,0.196997228,21.76187639,-4.45E-05,341.9071509,2.432149622,101.0892936,5.327902032,764.0952641,143,5.343323525,UWW,12/12/14,AMR1,1,1.979457153,312.4567595,158,1.977574427,14,UWW,Male,AFS,109,179,1.0038,15,NA,252,2.311926606,3.787054645
Groucho,Groucho2014-12-12,Groucho_41985_AMR2,0.196738445,21.61469748,-0.000101414,341.8005638,2.438368524,101.0885132,5.434554226,644.103175,118,5.458501483,UWW,12/12/14,AMR2,0,1.979457153,312.4567595,158,1.977574427,14,UWW,Male,AFS,105,179,1.0038,14,NA,235.2,2.24,4.464279543
Groucho,Groucho2014-12-13,Groucho_41986_AMR1,0.199147689,21.88406595,-9.70E-05,342.0193329,2.419266877,101.3192717,4.420140631,575.6305934,130,4.427927641,UWW,13/12/14,AMR1,1,1.504057889,248.2434725,165,1.504505894,14,UWW,Male,AFS,120,179,1.0038,NA,NA,NA,,
Groucho,Groucho2014-12-13,Groucho_41986_AMR2,0.197428427,21.89630842,-2.50E-05,341.8331277,2.437097473,101.3145382,5.142100266,756.2975975,147,5.144881616,UWW,13/12/14,AMR2,0,1.504057889,248.2434725,165,1.504505894,14,UWW,Male,AFS,137,179,1.0038,NA,NA,NA,,
Malie,Malie2014-05-19,Malie_41778_AMR1,0.203782805,17.79344913,0.000181695,394.8620731,1.802438851,102.4041911,2.826909939,455.4194118,161,2.828691999,Taronga,19/05/14,AMR1,1,1.573850322,192.0369473,122,1.574073338,12,Taronga,Male,ASL,45,169,0.9606,NA,NA,NA,,
Malie,Malie2014-05-21,Malie_41780_AMR1,0.204992117,19.26551033,5.28E-05,393.8829448,1.817332237,102.1786427,2.223357781,429.9111691,193,2.227519011,Taronga,21/05/14,AMR1,1,1.267293964,173.5969155,137,1.26713077,12,Taronga,Male,ASL,60,169,0.9606,4,15,121.6,2.026666667,4.870966578
Malie,Malie2014-05-22,Malie_41781_AMR1,0.203572708,17.77172741,6.32E-05,394.6873552,1.830076643,102.1071024,2.929166857,383.1567743,131,2.924860873,Taronga,22/05/14,AMR1,1,1.203908887,164.8988401,137,1.203641169,12,Taronga,Male,ASL,51,169,0.9606,3,NA,91.2,1.788235294,9.919892417
Malie,Malie2014-05-22,Malie_41781_AMR2,0.201863393,19.2170517,4.83E-05,396.1505968,1.993877813,102.0700415,3.783845761,513.5880795,136,3.776382937,Taronga,22/05/14,AMR2,0,1.203908887,164.8988401,137,1.203641169,12,Taronga,Male,ASL,78,169,0.9606,4,NA,121.6,1.558974359,8.445901095
Malie,Malie2014-05-24,Malie_41783_AMR1,0.201968836,20.4175,-3.97E-06,313.2064489,2.009826876,101.355168,2.899254228,314.2138951,108,2.909387917,Taronga,24/05/14,AMR1,1,1.392219261,196.3926295,141,1.392855528,12,Taronga,Male,ASL,53,169,0.9606,3,18,91.2,1.720754717,9.486886311
Malie,Malie2014-05-24,Malie_41783_AMR2,0.202757771,20.48735158,-1.88E-06,393.0452823,2.019628557,101.3567566,3.316431965,398.6592087,120,3.322160073,Taronga,24/05/14,AMR2,0,1.392219261,196.3926295,141,1.392855528,12,Taronga,Male,ASL,69,169,0.9606,4,24,121.6,1.762318841,7.39529652
Malie,Malie2014-05-25,Malie_41784_AMR1,0.203359726,18.91529787,-0.000149684,393.5696652,1.907203918,101.633009,3.025452597,398.8391499,132,3.021508711,Taronga,25/05/14,AMR1,1,1.213969123,144.135774,119,1.211224992,12,Taronga,Male,ASL,66,169,0.9606,4,27,121.6,1.842424242,6.670904947
Malie,Malie2014-05-28,Malie_41787_AMR1,0.201814664,20.46838762,-1.23E-05,394.8720322,1.812694734,101.1921993,3.795128307,466.0772158,123,3.789245657,Taronga,28/05/14,AMR1,1,1.463266081,181.4863309,124,1.463599442,12,Taronga,Male,ASL,72,169,0.9606,4,NA,121.6,1.688888889,8.103673692
Malie,Malie2014-05-28,Malie_41787_AMR2,0.202904769,20.4553631,-1.83E-05,394.7977355,1.812305199,101.2019962,3.258933443,443.8080331,136,3.263294361,Taronga,28/05/14,AMR2,0,1.463266081,181.4863309,124,1.463599442,12,Taronga,Male,ASL,70,169,0.9606,4,NA,121.6,1.737142857,6.701251331
Malie,Malie2014-05-30,Malie_41789_AMR1,0.203393695,17.1577188,6.26E-05,394.958716,1.808489124,102.4701536,3.019648282,341.9864801,113,3.026429027,Taronga,30/05/14,AMR1,1,1.759735116,355.4588985,202,1.759697517,12,Taronga,Male,ASL,70,169,0.9606,4,NA,121.6,1.737142857,6.73915121
Malie,Malie2014-06-02,Malie_41792_AMR1,0.203235913,16.96277377,1.21E-05,395.8328348,1.795785733,101.4443605,3.10392765,378.7228558,122,3.104285704,Taronga,02/06/14,AMR1,1,1.405356684,174.1509503,124,1.404443147,12,Taronga,Male,ASL,67,169,0.9606,4,NA,121.6,1.814925373,6.586707818
Malie,Malie2014-06-03,Malie_41793_AMR1,0.203454008,15.93667223,1.72E-05,395.2659897,1.682528414,101.5595151,2.992327077,394.7363868,132,2.990427173,Taronga,03/06/14,AMR1,1,1.674568722,202.7523031,121,1.675638869,12,Taronga,Male,ASL,69,169,0.9606,4,NA,121.6,1.762318841,5.530315186
Malie,Malie2014-06-04,Malie_41794_AMR1,0.20366341,15.34152365,-1.32E-05,394.6116265,1.635002906,102.1322554,2.884178251,352.7135722,122,2.891094854,Taronga,04/06/14,AMR1,1,1.404606739,169.9506343,121,1.404550696,12,Taronga,Male,ASL,46,169,0.9606,3,NA,91.2,1.982608696,9.634037269
Malie,Malie2014-11-14,Malie_41957_AMR1,0.201880062,26.00932904,-0.000100307,342.7764198,2.411952662,100.9435586,3.267576738,355.9058484,109,3.26519127,Taronga,14/11/14,AMR1,1,1.735481294,208.4893847,120,1.737411539,12,Taronga,Male,ASL,63,160,0.916984471,4,31,120,1.904761905,7.221539609
Malie,Malie2014-11-14,Malie_41957_AMR2,0.202777674,26.12446143,-9.98E-05,342.9840831,2.383002709,100.9322049,2.884966864,426.7143356,148,2.88320497,Taronga,14/11/14,AMR2,0,1.735481294,208.4893847,120,1.737411539,12,Taronga,Male,ASL,68,160,0.916984471,5,27,150,2.205882353,4.426005526
Malie,Malie2014-11-15,Malie_41958_AMR1,0.203052859,21.67042257,7.62E-05,393.2790813,1.976283064,100.8053466,3.173731816,286.3102817,90,3.181225353,Taronga,15/11/14,AMR1,1,1.771696424,584.9410153,426,1.373100975,12,Taronga,Male,ASL,64,160,0.916984471,NA,NA,NA,,
Malie,Malie2014-11-15,Malie_41958_AMR2,0.20314702,21.99088621,5.97E-05,393.1156101,2.01292983,100.8304274,3.126831562,285.2311136,91,3.134407842,Taronga,15/11/14,AMR2,0,1.771696424,584.9410153,426,1.373100975,12,Taronga,Male,ASL,66,160,0.916984471,NA,NA,NA,,
Malie,Malie2014-11-17,Malie_41960_AMR1,0.203734641,23.38128897,-5.64E-06,342.88684,1.898754757,101.2286628,2.475250017,413.2390569,167,2.474485371,Taronga,17/11/14,AMR1,1,1.492226824,189.7771486,127,1.494308257,12,Taronga,Male,ASL,54,160,0.916984471,3,20,90,1.666666667,7.934203692
Malie,Malie2014-11-17,Malie_41960_AMR2,0.203220185,23.75206463,9.82E-06,343.0414564,1.880972714,101.22409,2.697288652,318.0805118,118,2.695597558,Taronga,17/11/14,AMR2,0,1.492226824,189.7771486,127,1.494308257,12,Taronga,Male,ASL,54,160,0.916984471,3,19,90,1.666666667,8.85936467
Malie,Malie2014-11-20,Malie_41963_AMR1,0.201431501,24.34022545,5.51E-05,340.1475756,2.338157987,101.2272124,3.433317886,305.9448148,89,3.437582188,Taronga,20/11/14,AMR1,1,1.846713014,228.8502989,124,1.845566927,12,Taronga,Male,ASL,71,158,0.916984471,4,25,120,1.690140845,6.905286499
Malie,Malie2014-11-20,Malie_41963_AMR2,0.20172024,24.76250264,8.30E-05,340.3672527,2.402800714,101.2358104,3.313307974,377.5752934,114,3.312063977,Taronga,20/11/14,AMR2,0,1.846713014,228.8502989,124,1.845566927,12,Taronga,Male,ASL,77,158,0.916984471,5,30,150,1.948051948,4.662396171
Malie,Malie2014-11-21,Malie_41964_AMR1,0.201674632,29.41435494,-0.000141047,342.8956117,2.380808081,100.5655444,3.357033456,415.408484,124,3.350068419,Taronga,21/11/14,AMR1,1,1.814678904,218.5033839,120,1.820861532,12,Taronga,Male,ASL,85,158,0.916984471,5,32,150,1.764705882,3.88874325
Malie,Malie2014-11-21,Malie_41964_AMR2,0.202024178,30.13112241,-0.000140299,342.9610845,2.402306743,100.5606175,3.207881829,371.7478172,116,3.204722562,Taronga,21/11/14,AMR2,0,1.814678904,218.5033839,120,1.820861532,12,Taronga,Male,ASL,91,158,0.916984471,4,35,120,1.318681319,3.546674213
Malie,Malie2014-11-22,Malie_41965_AMR1,0.202000282,23.98958952,-4.76E-05,341.5514236,2.097283786,101.4505934,3.205068711,292.2236918,91,3.21124936,Taronga,22/11/14,AMR1,1,1.819489473,218.1345295,120,1.817787746,12,Taronga,Male,ASL,58,155,0.697957065,3,24,90,1.551724138,10.12887224
Malie,Malie2014-11-22,Malie_41965_AMR2,0.201963323,23.34812848,7.65E-06,341.5296739,2.063485501,101.4559157,3.220419908,301.6445279,94,3.20898434,Taronga,22/11/14,AMR2,0,1.819489473,218.1345295,120,1.817787746,12,Taronga,Male,ASL,65,158,0.916984471,3,31,90,1.384615385,9.083263193
Malie,Malie2014-11-23,Malie_41966_AMR1,0.203095722,26.56244514,-0.000137378,341.4576672,2.341325994,101.0028781,2.737104815,348.1513715,127,2.741349382,Taronga,23/11/14,AMR1,1,1.607921948,215.415576,134,1.607578926,12,Taronga,Male,ASL,56,155,0.697957065,3,NA,90,1.607142857,9.074990362
Malie,Malie2014-11-25,Malie_41968_AMR1,0.200846769,25.00718519,4.16E-06,341.3688284,2.298863341,101.1788783,3.692418664,398.6585673,108,3.691283031,Taronga,25/11/14,AMR1,1,1.752248404,222.4262604,127,1.751387877,12,Taronga,Male,ASL,99,155,0.697957065,6.5,35,195,1.96969697,2.855862818
Malie,Malie2014-11-25,Malie_41968_AMR2,0.200143276,24.89427938,3.42E-05,341.4981329,2.288645599,101.2014904,3.992000853,414.8327141,104,3.988776097,Taronga,25/11/14,AMR2,0,1.752248404,222.4262604,127,1.751387877,12,Taronga,Male,ASL,106,155,0.697957065,6,37,180,1.698113208,3.028471604
Malie,Malie2014-11-26,Malie_41969_AMR1,0.202469679,23,1.56E-05,341.4224498,2.193472896,101.7960939,3.004040333,405.3426368,135,3.002538051,Taronga,26/11/14,AMR1,1,1.634019191,258.2789555,158,1.634676934,12,Taronga,Male,ASL,81,153,0.697957065,5,35,150,1.851851852,4.897135335
Malie,Malie2014-11-26,Malie_41969_AMR2,0.202662236,23,-0.000103606,341.2632602,2.222768166,101.7854039,2.920684461,359.1557132,123,2.919965148,Taronga,26/11/14,AMR2,0,1.634019191,258.2789555,158,1.634676934,12,Taronga,Male,ASL,58,153,0.697957065,4,25,120,2.068965517,7.649833199
Malie,Malie2014-11-27,Malie_41970_AMR1,0.200462548,-5,2.24E-05,293.2778718,2.035544246,102.0044756,3.311157737,387.6239292,117,3.313025036,Taronga,27/11/14,AMR1,1,1.78605895,208.9364376,117,1.785781518,12,Taronga,Male,ASL,89,153,0.697957065,5,30,150,1.685393258,3.387875674
Malie,Malie2014-11-27,Malie_41970_AMR2,0.200481949,-5,4.54E-05,292.9602912,2.065848649,102.0131722,3.302198962,420.2553394,127,3.309097161,Taronga,27/11/14,AMR2,0,1.78605895,208.9364376,117,1.785781518,12,Taronga,Male,ASL,105,153,0.697957065,6,38,180,1.714285714,1.083160093
Mav,Mav2014-05-19,Mav_41778_AMR1,0.204096264,18.31391803,7.69E-05,295.1280154,1.792421611,102.3845852,1.998643972,146.1736324,73,2.002378526,Taronga,19/05/14,AMR1,1,1.404842313,169.8714364,121,1.403896168,13,Taronga,Male,NZFS,55,111,0.6428,NA,NA,NA,,
Mav,Mav2014-05-20,Mav_41779_AMR1,0.20402137,18.73303774,1.58E-05,295.5058871,1.867013431,102.0795566,2.027251143,171.0468652,84,2.036272204,Taronga,20/05/14,AMR1,1,1.079963609,126.1415101,117,1.078132565,13,Taronga,Male,NZFS,50,111,0.6428,4,NA,60,1.2,14.7986371
Mav,Mav2014-05-26,Mav_41785_AMR2,0.203529847,19.00178224,2.80E-05,297.0403658,2.021441211,102.1241328,2.220433785,210.6394626,95,2.217257501,Taronga,26/05/14,AMR2,1,1.080121891,494.3980375,458,1.079471698,13,Taronga,Male,NZFS,49,112,0.6428,4,NA,60,1.224489796,18.98268473
Mav,Mav2014-06-02,Mav_41792_AMR1,0.203733392,17.00167292,-0.000128752,295.589974,1.811586374,101.4456191,2.134038845,204.8938614,96,2.134311057,Taronga,02/06/14,AMR1,1,0.814399186,97.75151336,120,0.814595945,13,Taronga,Male,NZFS,53,112,0.6428,NA,NA,NA,,
Mav,Mav2014-06-03,Mav_41793_AMR1,0.203681965,15.60772727,1.71E-05,296.3817513,1.580697423,101.577956,2.158837158,194.5072662,90,2.161191847,Taronga,03/06/14,AMR1,1,1.059577299,128.2810617,121,1.060174064,13,Taronga,Male,NZFS,55,112,0.6428,NA,NA,NA,,
Mav,Mav2014-06-04,Mav_41794_AMR1,0.204346729,16.23981618,7.55E-05,295.9010114,1.699424045,102.1413569,1.909482379,156.1937645,82,1.904802006,Taronga,04/06/14,AMR1,1,1.372580359,271.2975603,198,1.370189699,13,Taronga,Male,NZFS,55,112,0.6428,NA,NA,NA,,
Mav,Mav2014-11-15,Mav_41958_AMR1,0.203692679,20.6075892,2.17E-07,344.613849,1.953867896,100.7807535,2.505550013,398.7713503,159,2.507995914,Taronga,15/11/14,AMR1,1,1.047386245,124.8202484,119,1.04890965,13,Taronga,Male,NZFS,55,149,0.776123578,3,NA,NA,,
Mav,Mav2014-11-15,Mav_41958_AMR2,0.204083605,20.66208654,0.000136935,344.3856545,2.002063867,100.7748267,2.335844046,241.7508028,103,2.347095173,Taronga,15/11/14,AMR2,0,1.047386245,124.8202484,119,1.04890965,13,Taronga,Male,NZFS,45,149,0.776123578,2,NA,NA,,
Mav,Mav2014-11-17,Mav_41960_AMR2,0.203100632,23.6601968,6.19E-05,343.0370208,1.833279368,101.1970549,2.747264235,445.2731204,162,2.748599509,Taronga,17/11/14,AMR2,1,1.552254019,185.9842953,120,1.549869127,13,Taronga,Male,NZFS,49,149,0.776123578,3,16,90,1.836734694,9.975976011
Mav,Mav2014-11-18,Mav_41961_AMR1,0.202620495,24.07603818,-9.96E-05,343.941694,2.073468081,101.4862514,2.961036388,325.7655915,110,2.961505377,Taronga,18/11/14,AMR1,1,1.327582368,162.2162949,122,1.329641762,13,Taronga,Male,NZFS,58,149,0.776123578,3,19,90,1.551724138,10.51869737
Mav,Mav2014-11-18,Mav_41961_AMR2,0.203437814,24.01211844,-0.000147515,343.8853144,2.078443675,101.4870099,2.610207736,308.1023495,118,2.61103686,Taronga,18/11/14,AMR2,0,1.327582368,162.2162949,122,1.329641762,13,Taronga,Male,NZFS,54,149,0.776123578,3,19,90,1.666666667,9.312533126
Mav,Mav2014-11-19,Mav_41962_AMR1,0.203162155,22.49077138,1.47E-05,343.1068945,2.073605141,101.9976265,2.721940374,293.6010249,108,2.718528008,Taronga,19/11/14,AMR1,1,1.290689444,151.9330945,118,1.287568597,13,Taronga,Male,NZFS,61,153,0.776123578,3,NA,90,1.475409836,8.904571732
Mav,Mav2014-11-19,Mav_41962_AMR2,0.203622433,23.14556674,1.48E-05,342.5828493,2.124804423,102.0185405,2.521445239,244.9200964,97,2.524949447,Taronga,19/11/14,AMR2,0,1.290689444,151.9330945,118,1.287568597,13,Taronga,Male,NZFS,59,153,0.776123578,3,NA,90,1.525423729,8.221595914
Mav,Mav2014-11-21,Mav_41964_AMR1,0.20278806,29.30255534,4.97E-06,343.8294582,2.213271319,100.5846509,2.888865242,292.1212292,101,2.892289398,Taronga,21/11/14,AMR1,1,1.500064788,182.9790744,122,1.499828479,13,Taronga,Male,NZFS,57,155,0.776123578,2.8,21,84,1.473684211,10.24450598
Mav,Mav2014-11-21,Mav_41964_AMR2,0.203743599,28.85777211,-4.66E-05,342.9040168,2.343596441,100.585613,2.471357683,329.0315769,133,2.473921631,Taronga,21/11/14,AMR2,0,1.500064788,182.9790744,122,1.499828479,13,Taronga,Male,NZFS,58,155,0.776123578,2.8,19,84,1.448275862,8.211906206
Mav,Mav2014-11-24,Mav_41967_AMR1,0.202453087,26.12377019,1.77E-05,340.9322855,2.421219649,101.2902988,3.006514034,387.5900917,129,3.004574354,Taronga,24/11/14,AMR1,1,1.467888231,176.1353858,120,1.467794882,13,Taronga,Male,NZFS,57,157,0.850203034,NA,NA,NA,,
Mav,Mav2014-11-24,Mav_41967_AMR2,0.203786391,25.90744258,4.81E-06,341.1691012,2.373319866,101.2877272,2.440816924,204.6138507,84,2.435879175,Taronga,24/11/14,AMR2,0,1.467888231,176.1353858,120,1.467794882,13,Taronga,Male,NZFS,44,157,0.850203034,NA,NA,NA,,
Mav,Mav2014-11-25,Mav_41968_AMR1,0.202593012,25.50562778,3.06E-05,341.7237023,1.92504629,101.2569904,2.953740606,319.0762416,108,2.954409645,Taronga,25/11/14,AMR1,1,1.496934772,174.769014,117,1.493752256,13,Taronga,Male,NZFS,67,159,0.850203034,3,22,90,1.343283582,8.371122258
Mav,Mav2014-11-25,Mav_41968_AMR2,0.203678284,25.19314903,1.63E-05,341.8851903,1.94718774,101.2522041,2.49195727,357.0289212,143,2.496705743,Taronga,25/11/14,AMR2,0,1.496934772,174.769014,117,1.493752256,13,Taronga,Male,NZFS,67,159,0.850203034,3.5,30,105,1.567164179,5.515648959
Mav,Mav2014-11-26,Mav_41969_AMR1,0.203026145,23,0.000164888,334.4351625,1.927726802,101.7456938,2.709979073,327.2048601,121,2.704172397,Taronga,26/11/14,AMR1,1,1.691310063,202.3023144,119,1.700019449,13,Taronga,Male,NZFS,56,161,0.850203034,3,22,90,1.607142857,8.14546237
Mav,Mav2014-11-26,Mav_41969_AMR2,0.202667712,23,0.000171589,335.4420842,2.04418277,101.7389391,2.86864388,281.7537604,98,2.875038372,Taronga,26/11/14,AMR2,0,1.691310063,202.3023144,119,1.700019449,13,Taronga,Male,NZFS,59,161,0.850203034,3,24,90,1.525423729,8.464062132
Maxine,Maxine2014-05-02,Maxine_41761_AMR1,0.203779353,19.4977204,2.04E-05,294.5261047,2.174634295,101.1794874,2.109566353,335.2688682,159,2.108609234,DMM,02/05/14,AMR1,1,0.809811545,98.44543048,121,0.813598599,17,DMM,Female,ASL,97,70,0.5624,9,NA,245.3,2.528865979,3.704080587
Maxine,Maxine2014-05-03,Maxine_41762_AMR1,0.203055558,14.50561152,-0.000162507,296.2163369,1.606256407,100.2854577,2.38903766,323.0117791,135,2.392679845,DMM,03/05/14,AMR1,1,1.027865832,123.314964,120,1.0276247,17,DMM,Female,ASL,109,70,0.5624,11,NA,298.9,2.742201835,1.987046632
Maxine,Maxine2014-05-05,Maxine_41764_AMR1,0.20464368,12.52803006,-0.000422741,296.9441825,1.363397618,102.0091767,1.805851081,227.8828067,126,1.808593704,DMM,05/05/14,AMR1,1,0.719531835,82.7489432,115,0.719556028,17,DMM,Female,ASL,60,70,0.5624,NA,NA,NA,,
Maxine,Maxine2014-05-05,Maxine_41764_AMR2,0.204425689,23.40427704,2.04E-05,408.4982963,1.585478731,102.0514946,2.616918848,353.2924435,135,2.616981063,DMM,05/05/14,AMR2,0,0.719531835,82.7489432,115,0.719556028,17,DMM,Female,ASL,114,70,0.5624,NA,NA,NA,,
Maxine,Maxine2014-05-06,Maxine_41765_AMR1,0.203791668,13.873478,0.000319499,296.9010402,1.381240625,102.3026398,2.12192251,278.660776,131,2.127181496,DMM,06/05/14,AMR1,1,1.242090565,151.7057349,122,1.243489631,17,DMM,Female,ASL,112,70,0.5624,NA,NA,NA,,
Maxine,Maxine2014-05-07,Maxine_41766_AMR1,0.20284512,18.60295781,8.29E-05,296.223979,1.626706783,102.2834574,2.467400676,350.6226923,142,2.469173889,DMM,07/05/14,AMR1,1,0.997318659,120.0672074,120,1.000560062,17,DMM,Female,ASL,124,70,0.5624,13,NA,352.5,2.842741935,0.820842001
Maxine,Maxine2014-05-10,Maxine_41769_AMR1,0.201627106,17.21794073,0.000626362,295.8860173,1.765706748,102.72862,2.913539885,303.8587222,104,2.921718483,DMM,10/05/14,AMR1,1,1.436590703,205.6485485,143,1.438101738,17,DMM,Female,ASL,118,70,0.5624,12,51,325.7,2.760169492,1.532113344
Maxine,Maxine2014-05-11,Maxine_41770_AMR1,0.203389477,19.69271141,0.000190687,296.539626,1.843414906,102.5019579,2.268225448,270.1405137,119,2.27008835,DMM,11/05/14,AMR1,1,0.817776681,99.9701254,122,0.819427257,17,DMM,Female,ASL,73,70,0.5624,7,NA,191.7,2.626027397,7.479899644
Maxine,Maxine2014-05-12,Maxine_41771_AMR1,0.203332409,18.81964583,0.000185329,296.7055943,1.845638978,102.9256342,2.291109014,219.9252009,96,2.29088751,DMM,12/05/14,AMR1,1,0.861174003,98.25028505,114,0.861844606,17,DMM,Female,ASL,94,70,0.5624,,,,,
Maxine,Maxine2014-05-12,Maxine_41771_AMR2,0.201892151,19.0755459,0.000192324,296.7027324,1.836486156,102.9290636,2.823308488,344.4230596,122,2.823139833,DMM,12/05/14,AMR2,0,0.861174003,98.25028505,114,0.861844606,17,DMM,Female,ASL,129,70,0.5624,14,NA,379.3,2.940310078,1.645503644
Maxine,Maxine2014-05-13,Maxine_41772_AMR1,0.203721859,19.86300525,0.000569109,296.6380893,1.83986581,103.0030939,2.14578107,326.5119305,152,2.148104806,DMM,13/05/14,AMR1,1,1.106974449,148.0890531,134,1.105142188,17,DMM,Female,ASL,129,70,0.5624,13,NA,352.5,2.73255814,-0.353576194
Maxine,Maxine2014-10-20,Maxine_41932_AMR1,0.202724152,21.42485612,-0.000105809,295.0187323,2.029670919,102.5667636,2.501621303,277.9662614,111,2.504200553,DMM,20/10/14,AMR1,1,0.737214391,88.79309053,120,0.739942421,17,DMM,Female,ASL,98,68,0.4121,9,NA,245.3,2.503061224,5.46123313
Maxine,Maxine2014-10-21,Maxine_41933_AMR1,0.205091083,17.90592058,-9.37E-05,295.7248102,1.748552405,103.1123251,1.63245834,291.9750843,179,1.631145723,DMM,21/10/14,AMR1,1,0.564259659,67.78810336,120,0.564900861,17,DMM,Female,ASL,85,68,0.4121,9,NA,245.3,2.885882353,3.835301717
Maxine,Maxine2014-10-25,Maxine_41937_AMR1,0.204463422,20.91804824,0.000118455,294.6923745,2.072907501,101.8486608,1.85803749,315.9293734,170,1.858408079,DMM,25/10/14,AMR1,1,0.595198549,75.56668239,127,0.595013247,17,DMM,Female,ASL,65,68,0.4121,4,NA,111.3,1.712307692,12.1137034
Maxine,Maxine2014-10-28,Maxine_41940_AMR1,0.206153451,24.36286087,-1.08E-05,294.3708442,2.209712932,101.5851483,1.232989725,141.702232,115,1.232193322,DMM,28/10/14,AMR1,1,0.816976451,97.11597568,119,0.816100636,17,DMM,Female,ASL,60,68,0.4121,,,,,
Maxine,Maxine2014-10-31,Maxine_41943_AMR1,0.20207307,23.71736662,0.0001757,293.9304067,2.385704197,101.7269339,2.730698188,366.2101527,134,2.732911588,DMM,31/10/14,AMR1,1,0.687078291,71.49409955,104,0.687443265,17,DMM,Female,ASL,130,68,0.4121,11,NA,298.9,2.299230769,2.567830523
Maxine,Maxine2014-11-01,Maxine_41944_AMR1,0.204318851,22.10750284,2.55E-05,294.1327165,2.281468962,101.3702015,1.907261597,336.1102864,176,1.909717537,DMM,01/11/14,AMR1,1,0.738187779,129.2927935,175,0.738815963,17,DMM,Female,ASL,90,68,0.4121,9,NA,245.3,2.725555556,4.812123643
Miri,Miri2014-05-02,Miri_41761_AMR2,0.204523447,18.81112833,1.98E-05,294.6644914,2.094362341,101.1676977,1.835817729,234.8260173,128,1.83457826,DMM,02/05/14,AMR2,1,0.804945132,88.42277751,110,0.803843432,5,DMM,Female,ASL,85,44,0.46286,9,NA,241.2,2.837647059,5.39714344
Miri,Miri2014-05-05,Miri_41764_AMR1,0.204376479,12.11843797,-0.000422769,297.079895,1.305522445,101.9965159,1.90631138,255.2227586,134,1.904647452,DMM,05/05/14,AMR1,1,0.571385812,67.96699295,119,0.571151201,5,DMM,Female,ASL,83,44,0.46286,NA,NA,NA,,
Miri,Miri2014-05-06,Miri_41765_AMR1,0.205009377,13.1022967,0.000901597,297.1493027,1.334567225,102.278304,1.670918255,242.7181739,145,1.67391844,DMM,06/05/14,AMR1,1,0.642451759,82.8517946,129,0.642261974,5,DMM,Female,ASL,96,44,0.46286,NA,NA,NA,,
Miri,Miri2014-05-07,Miri_41766_AMR1,0.204164043,14.03637073,0.000159848,296.5486532,1.511064102,102.2611612,1.981478196,242.5849104,122,1.988400905,DMM,07/05/14,AMR1,1,0.751009254,84.82168386,113,0.75063437,5,DMM,Female,ASL,82,44,0.46286,8,35,280,3.414634146,6.022753089
Miri,Miri2014-05-08,Miri_41767_AMR1,0.204569249,16.1193438,0.000962465,296.7087969,1.466148958,102.5386756,1.831602945,244.1609747,133,1.835796802,DMM,08/05/14,AMR1,1,0.566295207,68.39098448,121,0.565214748,5,DMM,Female,ASL,80,44,0.46286,7,26,245,3.0625,7.415897248
Miri,Miri2014-05-10,Miri_41769_AMR1,0.205104933,15.68987685,7.07E-05,296.1994118,1.619207026,102.7185242,1.629581057,265.3459285,163,1.627889132,DMM,10/05/14,AMR1,1,0.565337101,75.67925409,134,0.564770553,5,DMM,Female,ASL,76,44,0.46286,5,20,175,2.302631579,9.533286103
Miri,Miri2014-05-11,Miri_41770_AMR1,0.203803482,18.66282222,0.000195764,296.5179194,1.846954969,102.5013466,2.113982756,303.2027518,143,2.120298963,DMM,11/05/14,AMR1,1,0.801865959,118.6266266,148,0.801531261,5,DMM,Female,ASL,73,44,0.46286,7,NA,245,3.356164384,9.087789688
Miri,Miri2014-05-12,Miri_41771_AMR1,0.204205556,17.37695274,0.000287627,296.9106528,1.747198109,102.9191783,1.968343593,257.9303723,131,1.96893414,DMM,12/05/14,AMR1,1,0.814782439,146.6979597,180,0.814988665,5,DMM,Female,ASL,81,44,0.46286,7,NA,245,3.024691358,8.20053763
Miri,Miri2014-05-13,Miri_41772_AMR1,0.204250988,17.07915047,0.000230301,296.6807433,1.805768285,102.9830082,1.949607657,249.1197813,128,1.946248292,DMM,13/05/14,AMR1,1,0.646704163,86.04362326,133,0.646944536,5,DMM,Female,ASL,73,45,0.46286,7,NA,245,3.356164384,8.259821403
Miri,Miri2014-10-20,Miri_41932_AMR2,0.203984614,25.0016495,-0.000101084,295.1263803,1.950193926,102.5628702,2.037576493,245.8100837,121,2.031488295,DMM,20/10/14,AMR2,1,0.812603609,82.87729261,102,0.812522477,5,DMM,Female,ASL,80,45,0.46286,NA,NA,NA,,
Miri,Miri2014-10-21,Miri_41933_AMR1,0.204621608,18.09139939,-4.42E-05,295.7243563,1.777980882,103.125142,1.805777776,238.3960242,132,1.806030486,DMM,21/10/14,AMR1,1,0.773443974,89.65951408,116,0.772926846,5,DMM,Female,ASL,68,45,0.37546,NA,NA,NA,,
Miri,Miri2014-10-25,Miri_41937_AMR1,0.204463422,20.91804824,0.000118455,294.6923745,2.072907501,101.8486608,1.85803749,315.9293734,170,1.858408079,DMM,25/10/14,AMR1,1,0.578185002,69.24162989,120,0.577013582,5,DMM,Female,ASL,76,45,0.37546,6,NA,164.9,2.169736842,11.27313226
Miri,Miri2014-10-28,Miri_41940_AMR1,0.205164689,23.52412064,4.24E-06,294.0056223,2.332620159,101.566174,1.595463764,356.2682673,223,1.597615549,DMM,28/10/14,AMR1,1,0.833527617,100.825601,121,0.83326943,5,DMM,Female,ASL,86,45,0.37546,6,NA,164.9,1.91744186,6.034540976
Miri,Miri2014-10-29,Miri_41941_AMR1,0.204936065,23.61486756,-4.40E-05,293.6667057,2.334809381,101.8070347,1.678266674,225.2272846,134,1.680800631,DMM,29/10/14,AMR1,1,0.396386804,50.42320616,127,0.397033119,5,DMM,Female,ASL,72,45,0.37546,NA,NA,NA,,
Miri,Miri2014-10-30,Miri_41942_AMR1,0.20435688,23.37702488,0.000284598,294.3119478,2.241213296,101.9978165,1.893988422,395.9189212,209,1.894348905,DMM,30/10/14,AMR1,1,0.682985671,92.27360575,135,0.683508191,5,DMM,Female,ASL,95,45,0.37546,8,79,280,2.947368421,5.395273685
Miri,Miri2014-10-31,Miri_41943_AMR1,0.204498621,22.32603899,5.54E-05,294.0679702,2.306878085,101.7350111,1.841206346,320.7817011,174,1.843572995,DMM,31/10/14,AMR1,1,0.581694783,73.89501812,127,0.581850536,5,DMM,Female,ASL,83,45,0.37546,7,73,245,2.951807229,7.158174515
Miri,Miri2014-11-01,Miri_41944_AMR1,0.204387908,21.81431564,-1.09E-05,294.1564712,2.277359824,101.3484707,1.882489699,269.553183,143,1.884987294,DMM,01/11/14,AMR1,1,0.595688814,81.03256317,136,0.59582767,5,DMM,Female,ASL,89,45,0.37546,6,NA,210,2.359550562,8.280940588
Miri,Miri2014-11-01,Miri_41944_AMR2,0.204589208,22.08852806,1.62E-05,293.9894571,2.313304461,101.3505088,1.806371133,361.1723291,200,1.805861645,DMM,01/11/14,AMR2,0,0.595688814,81.03256317,136,0.59582767,5,DMM,Female,ASL,84,45,0.37546,6,NA,210,2.5,8.198574676
Portia,Portia2014-03-08,Portia_41706_AMR2,0.205231322,22.61984491,-3.42E-05,293.0931583,2.661499017,102.0342285,1.566198824,252.3785852,161,1.567568852,UWW,08/03/14,AMR2,1,0.821737889,110.1764945,134,0.822212645,24,UWW,Female,ASL,78,74,0.57676,5,NA,113,1.448717949,6.776199034
Portia,Portia2014-03-09,Portia_41707_AMR2,0.205997183,22.59614865,-2.40E-05,293.2666543,2.645695916,102.1805212,1.285952649,190.3049615,148,1.285844334,UWW,09/03/14,AMR2,1,0.809512209,109.3679495,135,0.810132959,24,UWW,Female,ASL,64,74,0.57676,3,NA,67.8,1.059375,10.48312981
Portia,Portia2014-03-10,Portia_41708_AMR1,0.20515546,22.31610107,-4.64E-05,293.6015629,2.553653847,102.2164438,1.597287986,208.0954427,130,1.600734175,UWW,10/03/14,AMR1,1,0.827539542,97.81209001,118,0.828916017,24,UWW,Female,ASL,75,74,0.57676,4.5,NA,101.7,1.356,7.492743623
Portia,Portia2014-03-13,Portia_41711_AMR1,0.205692538,22.23541538,-0.000420225,293.1017622,2.657361822,102.0969011,1.397205922,181.5211019,130,1.396316169,UWW,13/03/14,AMR1,1,0.616666901,83.97402347,136,0.617456055,24,UWW,Female,ASL,83,74,0.57676,5,NA,113,1.361445783,6.289817773
Portia,Portia2014-03-13,Portia_41711_AMR2,0.205907237,22.38840741,-0.000420259,293.1303659,2.660165284,102.0979761,1.318429895,191.7068163,145,1.322115975,UWW,13/03/14,AMR2,0,0.616666901,83.97402347,136,0.617456055,24,UWW,Female,ASL,79,74,0.57676,5,NA,113,1.430379747,6.075954434
Portia,Portia2014-03-20,Portia_41718_AMR1,0.204431226,23.96193686,5.62E-05,294.6185866,2.198683438,102.1760171,1.870067782,254.5866152,136,1.871960406,UWW,20/03/14,AMR1,1,0.762727013,115.1980988,151,0.762901317,24,UWW,Female,ASL,102,74,0.57676,NA,NA,NA,,
Portia,Portia2014-03-21,Portia_41719_AMR1,0.204442566,24.0444884,1.05E-05,295.0179441,2.045798139,101.8944729,1.868329383,289.8084627,155,1.869732017,UWW,21/03/14,AMR1,1,0.808336377,127.7026587,158,0.808244675,24,UWW,Female,ASL,109,74,0.57676,7,NA,158.2,1.451376147,4.383429893
Portia,Portia2014-03-21,Portia_41719_AMR2,0.205097218,23.94738402,2.09E-05,295.0819143,2.025610796,101.8892155,1.626761934,252.3023272,155,1.627756949,UWW,21/03/14,AMR2,0,0.808336377,127.7026587,158,0.808244675,24,UWW,Female,ASL,101,74,0.57676,6,NA,135.6,1.342574257,4.526116081
Portia,Portia2014-03-22,Portia_41720_AMR1,0.205347224,23.62012956,2.32E-05,295.3129505,1.97838352,102.0380414,1.53542518,244.1550808,159,1.535566546,UWW,22/03/14,AMR1,1,0.530593411,63.74586352,120,0.531215529,24,UWW,Female,ASL,112,74,0.57676,6,NA,135.6,1.210714286,3.653513207
Portia,Portia2014-03-22,Portia_41720_AMR2,0.206008659,23.48264088,2.62E-05,295.3372934,1.951253595,102.0358156,1.290618941,186.9660807,145,1.289421246,UWW,22/03/14,AMR2,0,0.530593411,63.74586352,120,0.531215529,24,UWW,Female,ASL,108,74,0.57676,6,NA,135.6,1.255555556,2.577479168
Portia,Portia2014-03-23,Portia_41721_AMR1,0.205320538,23.58931984,1.39E-05,295.3770076,1.924746604,101.9845358,1.545550813,236.5725284,153,1.546225676,UWW,23/03/14,AMR1,1,0.593333881,102.1724979,172,0.59402615,24,UWW,Female,ASL,115,74,0.57676,6,NA,135.6,1.179130435,4.695037333
Portia,Portia2014-03-23,Portia_41721_AMR2,0.205337346,23.49222351,1.39E-05,295.5875439,1.873863625,101.9815782,1.540859033,185.5050066,120,1.545875055,UWW,23/03/14,AMR2,0,0.593333881,102.1724979,172,0.59402615,24,UWW,Female,ASL,128,74,0.57676,6,NA,135.6,1.059375,3.580985428
Portia,Portia2014-03-24,Portia_41722_AMR1,0.204696267,24.02153571,7.09E-07,295.1095815,2.027117555,101.5289612,1.775210796,268.3203283,151,1.776955817,UWW,24/03/14,AMR1,1,0.697834227,86.46408401,124,0.697291,24,UWW,Female,ASL,111,74,0.57676,,,,,
Portia,Portia2014-03-27,Portia_41725_AMR1,0.205004247,23.82209314,1.98E-05,295.1137542,2.012306151,101.8083806,1.661197211,256.2718172,154,1.664102709,UWW,27/03/14,AMR1,1,0.395220739,47.38782979,120,0.394898582,24,UWW,Female,ASL,114,72,0.57676,6,NA,135.6,1.189473684,5.824875723
Portia,Portia2014-03-27,Portia_41725_AMR2,0.205196907,23.68588006,1.99E-05,295.2915129,1.985625053,101.8046603,1.591032912,196.0086986,123,1.593566656,UWW,27/03/14,AMR2,0,0.395220739,47.38782979,120,0.394898582,24,UWW,Female,ASL,133,72,0.57676,8,NA,180.8,1.359398496,2.857911164
Portia,Portia2014-03-28,Portia_41726_AMR1,0.204671618,24.6949543,1.70E-05,294.0047054,2.375575971,101.8399859,1.777908287,194.0909636,109,1.780651042,UWW,28/03/14,AMR1,1,1.013213629,150.0169286,148,1.013627896,24,UWW,Female,ASL,124,72,0.57676,7,NA,158.2,1.275806452,0.123772333
Portia,Portia2014-03-28,Portia_41726_AMR2,0.204260361,25.52514103,1.74E-05,293.3943115,2.611033403,101.837003,1.925304946,179.520655,93,1.930329624,UWW,28/03/14,AMR2,0,1.013213629,150.0169286,148,1.013627896,24,UWW,Female,ASL,131,72,0.57676,6,NA,135.6,1.035114504,-0.20142596
Portia,Portia2014-03-29,Portia_41727_AMR1,0.204097824,25.54944073,1.62E-05,291.599376,3.211641094,101.6267859,1.972690741,258.9910857,131,1.977031189,UWW,29/03/14,AMR1,1,1.166151227,143.1438485,123,1.163771126,24,UWW,Female,ASL,110,72,0.57676,6,NA,135.6,1.232727273,0.373084917
Portia,Portia2014-03-30,Portia_41728_AMR1,0.204480307,23.13575472,1.70E-05,292.7019089,2.857411736,101.8881144,1.840100657,195.0131346,106,1.839746553,UWW,30/03/14,AMR1,1,1.043942673,176.363323,169,1.043569959,24,UWW,Female,ASL,123,72,0.57676,5,NA,113,0.918699187,2.083523854
Portia,Portia2014-11-09,Portia_41952_AMR1,0.205550142,22.38490499,1.44E-05,294.5968201,2.134304029,102.3002711,1.456763291,238.9580899,164,1.457061524,UWW,09/11/14,AMR1,1,0.482495649,57.00446315,118,0.483088671,24,UWW,Female,ASL,107,74,0.51172,8,19,180.8,1.689719626,3.03392226
Portia,Portia2014-11-09,Portia_41952_AMR2,0.205199252,22.38489394,1.26E-05,294.7678729,2.075176438,102.2739853,1.587357249,187.7845619,118,1.591394592,UWW,09/11/14,AMR2,0,0.482495649,57.00446315,118,0.483088671,24,UWW,Female,ASL,115,74,0.51172,8,23,180.8,1.572173913,3.076799943
Portia,Portia2014-11-10,Portia_41953_AMR1,0.205048689,22.24463406,1.74E-05,293.9392539,2.359616547,102.1905279,1.638646772,181.3929955,111,1.634171131,UWW,10/11/14,AMR1,1,0.368400042,44.59760476,121,0.368575246,24,UWW,Female,ASL,114,74,0.51172,8,26,180.8,1.585964912,4.391205383
Portia,Portia2014-11-10,Portia_41953_AMR2,0.205405939,22.20200814,1.67E-05,293.8174072,2.37673487,102.177627,1.506242094,184.3660766,122,1.511197349,UWW,10/11/14,AMR2,0,0.368400042,44.59760476,121,0.368575246,24,UWW,Female,ASL,125,74,0.51172,8,31,180.8,1.4464,3.199160352
Portia,Portia2014-12-06,Portia_41979_AMR1,0.205362269,-5,1.82E-05,340.7677806,2.646894388,100.9781878,1.765779189,204.4880502,116,1.762828019,UWW,06/12/14,AMR1,1,0.82186548,145.450061,177,0.821751757,24,UWW,Female,ASL,99,70,0.51172,7,23,158.2,1.597979798,5.457620701
Portia,Portia2014-12-06,Portia_41979_AMR2,0.205740164,-5,1.85E-05,340.6240506,2.646772135,100.9734722,1.603561102,194.1926997,121,1.604898344,UWW,06/12/14,AMR2,0,0.82186548,145.450061,177,0.821751757,24,UWW,Female,ASL,119,70,0.51172,8,24,180.8,1.519327731,2.406746559
Portia,Portia2014-12-07,Portia_41980_AMR1,0.206286341,-5,-0.000149699,292.0035373,2.649471648,101.1040545,1.174055268,186.8177635,159,1.174954488,UWW,07/12/14,AMR1,1,0.495641369,60.00185955,121,0.495883137,24,UWW,Female,ASL,122,70,0.51172,8,25,180.8,1.481967213,0.74868295
Portia,Portia2014-12-07,Portia_41980_AMR2,0.204858442,-5,-0.000149435,291.692919,2.667119542,101.102,1.6961409,166.068547,98,1.69457701,UWW,07/12/14,AMR2,0,0.495641369,60.00185955,121,0.495883137,24,UWW,Female,ASL,140,70,0.51172,9,28,203.4,1.452857143,1.508831617
Portia,Portia2014-12-11,Portia_41984_AMR1,0.204958007,24.82221719,-0.000123491,291.8702122,2.707145498,100.6659606,1.659800746,146.4623653,88,1.66434506,UWW,11/12/14,AMR1,1,0.574895532,96.00249063,167,0.574865213,24,UWW,Female,ASL,100,70,0.51172,,,,,
Portia,Portia2014-12-11,Portia_41984_AMR2,0.205184031,24.95131801,-0.000122296,291.9555062,2.701498579,100.6815082,1.578125321,164.4582686,104,1.581329506,UWW,11/12/14,AMR2,0,0.574895532,96.00249063,167,0.574865213,24,UWW,Female,ASL,109,71,0.51172,7,NA,158.2,1.451376147,4.788671568
Portia,Portia2014-12-12,Portia_41985_AMR1,0.20489117,22.58634483,-0.000130935,292.813659,2.354146503,101.0988474,1.69017625,166.1537323,98,1.695446248,UWW,12/12/14,AMR1,1,0.859121658,89.23102605,104,0.857990635,24,UWW,Female,ASL,114,71,0.51172,7,26,158.2,1.387719298,-0.529423365
Portia,Portia2014-12-12,Portia_41985_AMR2,0.205404389,22.83098695,-0.000126431,292.8466566,2.411986632,101.1130734,1.501874787,115.4332573,77,1.499133212,UWW,12/12/14,AMR2,0,0.859121658,89.23102605,104,0.857990635,24,UWW,Female,ASL,109,71,0.51172,8,24,180.8,1.658715596,-0.625849232
Rocky,Rocky2014-05-02,Rocky_41761_AMR1,0.202214472,20.214315,2.04E-05,392.0291094,2.271130068,101.1744682,3.573566608,571.7831498,160,3.573644686,DMM,02/05/14,AMR1,1,1.312231692,196.7604011,150,1.311736007,9,DMM,Male,ASL,127,108,0.70461,11,NA,227.5,1.791338583,2.983886722
Rocky,Rocky2014-05-03,Rocky_41762_AMR1,0.201163623,19.59266389,1.86E-05,295.6288414,1.762275821,100.3330025,3.079077556,591.2089719,192,3.079213395,DMM,03/05/14,AMR1,1,1.348684543,598.2209748,566,1.056927517,9,DMM,Male,ASL,120,108,0.70461,NA,NA,NA,,
Rocky,Rocky2014-05-05,Rocky_41764_AMR1,0.202908231,19.07686786,-0.000422614,419.9025901,1.484448519,102.0472583,3.464056243,425.492759,123,3.459290724,DMM,05/05/14,AMR1,1,1.160864108,148.5660088,128,1.160671943,9,DMM,Male,ASL,120,108,0.70461,NA,NA,NA,,
Rocky,Rocky2014-05-06,Rocky_41765_AMR2,0.201915128,18.11644399,0.000581114,396.2364028,1.651782897,102.3134725,3.757613669,556.3477462,148,3.759106393,DMM,06/05/14,AMR2,1,1.061591303,1262.202561,1159,1.089044487,9,DMM,Male,ASL,120,108,0.70461,NA,NA,NA,,
Rocky,Rocky2014-05-07,Rocky_41766_AMR1,0.203672442,14.11887768,-0.000421831,396.7487775,1.43856973,102.2613916,2.894392873,458.2483541,158,2.900306039,DMM,07/05/14,AMR1,1,1.08515345,123.7208622,114,1.085270721,9,DMM,Male,ASL,122,108,0.70461,11,31,227.5,1.864754098,1.301766988
Rocky,Rocky2014-05-08,Rocky_41767_AMR1,0.203537678,15.95474197,0.000939336,395.0766141,1.5505141,102.5254308,2.947388855,495.4606318,168,2.949170427,DMM,08/05/14,AMR1,1,1.055083466,126.4701036,120,1.05391753,9,DMM,Male,ASL,126,108,0.70461,12,28,247.5,1.964285714,1.393781846
Rocky,Rocky2014-05-11,Rocky_41770_AMR1,0.202276014,17.29698406,0.000544374,417.486013,1.785100202,102.4793062,3.76092332,567.0618636,151,3.75537658,DMM,11/05/14,AMR1,1,1.217848289,138.6878028,114,1.216559674,9,DMM,Male,ASL,126,108,0.70461,13,NA,267.5,2.123015873,1.940256166
Rocky,Rocky2014-05-12,Rocky_41771_AMR1,0.203336346,18.06632393,0.000297437,393.8629797,1.844990903,102.909114,3.03835685,538.1031796,177,3.040130958,DMM,12/05/14,AMR1,1,1.139958096,141.2726297,124,1.139295401,9,DMM,Male,ASL,129,108,0.70461,13,NA,267.5,2.073643411,1.014786981
Rocky,Rocky2014-05-13,Rocky_41772_AMR1,0.202174804,17.7587224,0.000276806,426.1954436,1.838379434,102.9962217,3.957255124,502.1295425,127,3.953775925,DMM,13/05/14,AMR1,1,1.230508565,158.8360404,129,1.231287135,9,DMM,Male,ASL,134,108,0.70461,11,NA,227.5,1.697761194,2.692557842
Rocky,Rocky2014-10-20,Rocky_41932_AMR1,0.20116877,18.1783848,-0.000142675,394.0470756,1.822653024,102.559648,4.102905229,689.9266195,168,4.106706069,DMM,20/10/14,AMR1,1,1.405890753,148.9493227,106,1.40518229,9,DMM,Male,ASL,133,110,0.84765,13,NA,267.5,2.011278195,0.392964436
Rocky,Rocky2014-10-21,Rocky_41933_AMR1,0.201653739,18.20293103,6.21E-05,393.0872399,1.845527446,103.1552452,3.85934335,628.0166727,163,3.852863023,DMM,21/10/14,AMR1,1,1.213014318,146.6174161,121,1.211714183,9,DMM,Male,ASL,125,110,0.84765,16,NA,327.5,2.62,2.07970452
Rocky,Rocky2014-10-25,Rocky_41937_AMR1,0.202095363,20.75092812,0.000140197,441.4624322,2.113970131,101.8668419,4.083304579,646.4347837,158,4.091359391,DMM,25/10/14,AMR1,1,1.139180702,128.7246011,113,1.139155762,9,DMM,Male,ASL,92,110,0.84765,12,NA,247.5,2.690217391,5.864852738
Rocky,Rocky2014-10-28,Rocky_41940_AMR1,0.202667831,23.13285139,-2.72E-05,391.2602088,2.355159365,101.5404036,3.33897255,695.4972056,208,3.343736565,DMM,28/10/14,AMR1,1,1.075242494,138.5901273,129,1.074342072,9,DMM,Male,ASL,114,110,0.84765,13,NA,267.5,2.346491228,3.127066205
Rocky,Rocky2014-10-29,Rocky_41941_AMR1,0.202814317,22.42621028,5.72E-05,391.8895226,2.29801137,101.7874851,3.277734246,688.7931187,210,3.279967232,DMM,29/10/14,AMR1,1,1.119318365,136.5589831,122,1.119335927,9,DMM,Male,ASL,109,110,0.84765,14,NA,287.5,2.637614679,2.77182484
Rocky,Rocky2014-10-30,Rocky_41942_AMR1,0.202299518,21.79412046,0.000206614,392.1519786,2.216884747,102.001007,3.530337603,678.8103239,192,3.535470437,DMM,30/10/14,AMR1,1,1.196659622,177.1318143,148,1.196836583,9,DMM,Male,ASL,120,110,0.84765,17,54,347.5,2.895833333,2.495448246
Rocky,Rocky2014-10-31,Rocky_41943_AMR1,0.201641466,24.52027925,0.000297592,390.5493157,2.502380828,101.7174656,3.837272356,781.6778047,204,3.831753945,DMM,31/10/14,AMR1,1,1.479685454,179.0854029,121,1.480044652,9,DMM,Male,ASL,142,110,0.84765,24,NA,487.5,3.433098592,-0.304807287
Rocky,Rocky2014-11-01,Rocky_41944_AMR1,0.202124644,22.2239313,-2.49E-06,392.6825441,2.244681845,101.4255922,3.623811404,663.578951,183,3.626114487,DMM,01/11/14,AMR1,1,1.070934846,130.4781405,122,1.069492955,9,DMM,Male,ASL,142,110,0.84765,14,NA,287.5,2.024647887,1.278291773
Ronnie,Ronnie2014-05-19,Ronnie_41778_AMR1,0.206039624,18.24398889,0.000106407,295.8592656,1.747398326,102.4063975,1.281496076,115.3216756,90,1.281351951,Taronga,19/05/14,AMR1,1,0.640355964,97.37837648,152,0.640647214,8,Taronga,Male,NZFS,45,47,0.41408,NA,NA,NA,,
Ronnie,Ronnie2014-05-21,Ronnie_41780_AMR1,0.206416439,19.76898892,4.72E-05,295.498788,1.852135293,102.1830369,1.140050412,143.8242557,126,1.141462347,Taronga,21/05/14,AMR1,1,0.463362715,61.61972541,133,0.463306206,8,Taronga,Male,NZFS,46,47,0.41408,6,NA,67.2,1.460869565,19.3234006
Ronnie,Ronnie2014-05-22,Ronnie_41781_AMR1,0.206181071,18.81522591,4.64E-05,296.2095396,1.93700383,102.0862701,1.230406358,148.5276981,121,1.227501637,Taronga,22/05/14,AMR1,1,0.528550617,53.53062172,101,0.530006156,8,Taronga,Male,NZFS,44,47,0.41408,5,NA,56,1.272727273,24.19945128
Ronnie,Ronnie2014-05-25,Ronnie_41784_AMR1,0.207112182,18.74936298,6.54E-06,295.3610666,1.861808544,101.6118071,0.880921414,97.08602249,110,0.882600204,Taronga,25/05/14,AMR1,1,0.771760215,94.17961381,122,0.771964048,8,Taronga,Male,NZFS,35,47,0.41408,NA,NA,NA,,
Ronnie,Ronnie2014-05-25,Ronnie_41784_AMR2,0.205770427,18.91083846,6.28E-06,295.3090912,1.878239532,101.6201767,1.378997082,107.5918893,78,1.379383196,Taronga,25/05/14,AMR2,0,0.771760215,94.17961381,122,0.771964048,8,Taronga,Male,NZFS,45,47,0.41408,NA,NA,NA,,
Ronnie,Ronnie2014-05-29,Ronnie_41788_AMR1,0.206190394,16.71693802,1.51E-05,295.6873768,1.769030228,102.1024067,1.224755995,118.6927982,97,1.223637095,Taronga,29/05/14,AMR1,1,0.582511824,75.81254148,130,0.583173396,8,Taronga,Male,NZFS,50,47,0.41408,NA,NA,NA,,
Ronnie,Ronnie2014-05-29,Ronnie_41788_AMR2,0.206322139,17.33224857,1.47E-05,295.5099264,1.806728532,102.0975929,1.174939674,123.2709858,105,1.174009388,Taronga,29/05/14,AMR2,0,0.582511824,75.81254148,130,0.583173396,8,Taronga,Male,NZFS,51,47,0.41408,3.5,NA,54.4,1.066666667,23.0137919
Ronnie,Ronnie2014-05-30,Ronnie_41789_AMR1,0.206645205,16.89965185,1.69E-05,295.6972436,1.81819571,102.4635417,1.055819364,85.52226501,81,1.055830432,Taronga,30/05/14,AMR1,1,0.682229392,77.17113884,113,0.682930432,8,Taronga,Male,NZFS,40,47,0.41408,NA,NA,NA,,
Ronnie,Ronnie2014-06-04,Ronnie_41794_AMR1,0.206004877,14.50801293,1.33E-05,296.3793853,1.537573432,102.12206,1.296570913,120.4778177,93,1.295460405,Taronga,04/06/14,AMR1,1,0.430506085,53.80917969,125,0.430473438,8,Taronga,Male,NZFS,44,47,0.41408,NA,NA,NA,,
Ronnie,Ronnie2014-06-04,Ronnie_41794_AMR2,0.206319833,14.92128119,1.31E-05,296.2743286,1.570881013,102.1305927,1.178998548,127.0177086,108,1.176089894,Taronga,04/06/14,AMR2,0,0.430506085,53.80917969,125,0.430473438,8,Taronga,Male,NZFS,50,47,0.41408,NA,NA,NA,,
Ronnie,Ronnie2014-11-14,Ronnie_41957_AMR1,0.205789631,24.87337963,-9.96E-05,294.1356542,2.259776329,100.9905094,1.366174598,117.673491,86,1.368296407,Taronga,14/11/14,AMR1,1,0.868962999,122.5628055,141,0.869239755,8,Taronga,Male,NZFS,43,54,0.417965953,2.5,18,75,1.744186047,17.42601264
Ronnie,Ronnie2014-11-14,Ronnie_41957_AMR2,0.205647622,25.05512,-0.000100097,294.1904659,2.226669553,100.9813042,1.419135904,84.16140569,59,1.426464503,Taronga,14/11/14,AMR2,0,0.868962999,122.5628055,141,0.869239755,8,Taronga,Male,NZFS,46,54,0.417965953,2,17,60,1.304347826,22.25541556
Ronnie,Ronnie2014-11-15,Ronnie_41958_AMR2,0.204729228,22.3588066,7.22E-05,294.9853727,1.90873872,100.812798,1.762575084,149.6341592,85,1.760401873,Taronga,15/11/14,AMR2,1,0.70850889,85.83266642,121,0.70936088,8,Taronga,Male,NZFS,47,54,0.417965953,NA,NA,NA,,
Ronnie,Ronnie2014-11-19,Ronnie_41962_AMR2,0.205265252,22.38373548,1.47E-05,293.3487095,2.146595785,101.9844725,1.555829242,144.7072678,93,1.555992127,Taronga,19/11/14,AMR2,1,0.804241109,95.66776585,119,0.803930805,8,Taronga,Male,NZFS,45,54,0.417965953,3,NA,90,2,16.39179815
Ronnie,Ronnie2014-11-20,Ronnie_41963_AMR2,0.204094811,23.90467956,-4.32E-05,291.228614,2.161660337,101.2740249,1.97144627,142.341448,72,1.976964555,Taronga,20/11/14,AMR2,1,0.656874198,78.16950129,119,0.656886565,8,Taronga,Male,NZFS,60,54,0.417965953,3,22,90,1.5,20.24999006
Ronnie,Ronnie2014-11-22,Ronnie_41965_AMR1,0.205537422,23.96494581,-0.000150141,292.5595914,1.917316986,101.4460222,1.451256649,117.6795355,81,1.452833772,Taronga,22/11/14,AMR1,1,0.708756679,119.748314,169,0.708569905,8,Taronga,Male,NZFS,70,54,0.417965953,3,20,90,1.285714286,13.68840516
Ronnie,Ronnie2014-11-22,Ronnie_41965_AMR2,0.205291312,24.49549235,-0.000140676,292.4304354,1.952616851,101.4491222,1.54154166,120.4376896,78,1.544072944,Taronga,22/11/14,AMR2,0,0.708756679,119.748314,169,0.708569905,8,Taronga,Male,NZFS,60,54,0.417965953,3,23,90,1.5,15.92484036
Ronnie,Ronnie2014-11-23,Ronnie_41966_AMR1,0.205456054,26.94988278,-0.000137317,292.0268038,2.419505498,101.001118,1.478867011,123.0595549,83,1.482645239,Taronga,23/11/14,AMR1,1,0.74156492,95.01344555,128,0.742292543,8,Taronga,Male,NZFS,58,54,0.417965953,3,NA,90,1.551724138,14.24748304
Ronnie,Ronnie2014-11-23,Ronnie_41966_AMR2,0.204256731,26.93137828,-0.000147453,291.9040079,2.47074833,100.9949197,1.916065299,204.9166655,107,1.915109023,Taronga,23/11/14,AMR2,0,0.74156492,95.01344555,128,0.742292543,8,Taronga,Male,NZFS,89,54,0.417965953,4,NA,120,1.348314607,10.65953627
Ronnie,Ronnie2014-11-26,Ronnie_41969_AMR1,0.204035497,23,-0.000151423,342.2464087,1.935156017,101.7700697,2.342085248,160.1817994,68,2.355614697,Taronga,26/11/14,AMR1,1,1.048451239,148.8677954,142,1.048364756,8,Taronga,Male,NZFS,67,55,0.398556483,4,18,120,1.791044776,16.26981296
Ronnie,Ronnie2014-11-27,Ronnie_41970_AMR1,0.204017358,-5,-6.44E-05,293.8097442,1.891386907,102.0503372,2.017124795,184.2618052,91,2.024855002,Taronga,27/11/14,AMR1,1,0.737182943,86.53846274,117,0.739644981,8,Taronga,Male,NZFS,68,55,0.398556483,4,29,120,1.764705882,13.92318329
Ronnie,Ronnie2014-11-28,Ronnie_41971_AMR1,0.204967265,22.66524528,-0.000145392,290.9428766,1.928924645,102.2054676,1.65167249,175.067649,106,1.651581594,Taronga,28/11/14,AMR1,1,0.782469673,89.95613373,115,0.78222725,8,Taronga,Male,NZFS,70,55,0.398556483,4,18,120,1.714285714,9.963687461
Ronnie,Ronnie2014-11-28,Ronnie_41971_AMR2,0.204049932,22.55111905,-0.000144455,290.3498814,1.873168595,102.2076085,1.981879187,132.8956258,67,1.983516803,Taronga,28/11/14,AMR2,0,0.782469673,89.95613373,115,0.78222725,8,Taronga,Male,NZFS,75,55,0.398556483,4,23,120,1.6,12.21814819
Sly,Sly2014-03-07,Sly_41705_AMR2,0.200464121,22.334657,-4.66E-05,293.5463098,2.59997786,102.0503088,3.314082581,274.7284233,83,3.309981004,UWW,07/03/14,AMR2,1,1.256107037,117.94455,94,1.254729255,11,UWW,Male,NZFS,118,112,0.682018638,10,NA,226,1.915254237,0.504928859
Sly,Sly2014-03-11,Sly_41709_AMR1,0.203560799,25.48216933,-3.34E-05,293.1198879,2.682851291,102.1989714,2.179501975,516.9897415,237,2.181391314,UWW,11/03/14,AMR1,1,0.978472645,117.4869125,120,0.979057604,11,UWW,Male,NZFS,148,112,0.682018638,15,NA,339,2.290540541,-1.259843945
Sly,Sly2014-03-11,Sly_41709_AMR2,0.201510825,25.59289486,-1.59E-05,293.1219879,2.688626544,102.1926231,2.92803382,511.070608,174,2.937187402,UWW,11/03/14,AMR2,0,0.978472645,117.4869125,120,0.979057604,11,UWW,Male,NZFS,133,112,0.682018638,11,NA,248.6,1.869172932,1.12943223
Sly,Sly2014-03-13,Sly_41711_AMR1,0.20183165,22.74887535,-4.17E-05,342.2624834,2.669422538,101.8464653,3.282989222,467.6599161,142,3.293379691,UWW,13/03/14,AMR1,1,0.915709425,113.695699,124,0.916900798,11,UWW,Male,NZFS,149,112,0.682018638,13,32,293.8,1.971812081,1.003793957
Sly,Sly2014-03-13,Sly_41711_AMR2,0.200779128,22.67877011,-3.83E-05,342.1744563,2.669469862,101.847417,3.72987841,518.7969919,139,3.73235246,UWW,13/03/14,AMR2,0,0.915709425,113.695699,124,0.916900798,11,UWW,Male,NZFS,167,112,0.682018638,14,29,316.4,1.894610778,0.503412165
Sly,Sly2014-03-14,Sly_41712_AMR1,0.20342843,22.81968478,-4.83E-05,342.0070687,2.685718315,101.9537121,2.59962255,476.9889332,183,2.606496903,UWW,14/03/14,AMR1,1,1.137931885,161.2870655,142,1.135824405,11,UWW,Male,NZFS,165,110,0.682018638,13,NA,293.8,1.780606061,-1.924408637
Sly,Sly2014-03-14,Sly_41712_AMR2,0.202690925,22.77387324,-3.54E-05,342.1798036,2.654889161,101.9621249,2.914944481,537.387768,184,2.920585696,UWW,14/03/14,AMR2,0,1.137931885,161.2870655,142,1.135824405,11,UWW,Male,NZFS,170,110,0.682018638,14,NA,316.4,1.861176471,-1.629022828
Sly,Sly2014-03-19,Sly_41717_AMR1,0.201735793,26.14856823,-4.52E-05,292.6814156,2.842690212,102.4261126,2.841825308,557.4989706,196,2.844382503,UWW,19/03/14,AMR1,1,1.027450521,110.3766546,107,1.03155752,11,UWW,Male,NZFS,186,104,0.704248622,15,NA,339,1.822580645,-4.586257138
Sly,Sly2014-03-19,Sly_41717_AMR2,0.202150446,25.72595662,-4.26E-05,292.5990747,2.866001101,102.4252955,2.689455695,483.8100489,180,2.687833605,UWW,19/03/14,AMR2,0,1.027450521,110.3766546,107,1.03155752,11,UWW,Male,NZFS,181,104,0.704248622,14,NA,316.4,1.748066298,-4.656197186
Sly,Sly2014-03-20,Sly_41718_AMR1,0.199899716,23.76856416,3.16E-05,295.0288666,2.041085989,102.1812507,3.537708782,584.1541362,165,3.540328098,UWW,20/03/14,AMR1,1,1.358238238,168.4290088,124,1.358298458,11,UWW,Male,NZFS,184,104,0.704248622,NA,NA,NA,,
Sly,Sly2014-03-21,Sly_41719_AMR1,0.202452931,24.9939233,1.32E-05,295.1623157,2.001827976,102.1828098,2.602385573,549.3233647,211,2.603428269,UWW,21/03/14,AMR1,1,0.930818639,130.2470147,140,0.930335819,11,UWW,Male,NZFS,176,104,0.704248622,15,NA,339,1.926136364,-1.412727993
Sly,Sly2014-03-21,Sly_41719_AMR2,0.202278174,25.0579179,1.35E-05,295.1617706,2.00306129,102.1744916,2.665598613,539.0303367,202,2.668467013,UWW,21/03/14,AMR2,0,0.930818639,130.2470147,140,0.930335819,11,UWW,Male,NZFS,193,104,0.704248622,17,NA,384.2,1.990673575,-2.195413033
Sly,Sly2014-03-22,Sly_41720_AMR1,0.199846088,23.37806636,4.05E-05,294.9626371,2.120650701,101.7922183,3.556219071,310.2050573,87,3.565575371,UWW,22/03/14,AMR1,1,1.061215301,127.0764748,120,1.058970623,11,UWW,Male,NZFS,172,104,0.704248622,15,43,339,1.970930233,-1.368612469
Sly,Sly2014-03-22,Sly_41720_AMR2,0.2004477,23.53974673,3.29E-05,294.7743154,2.126128545,101.7987621,3.334024735,560.5125899,168,3.336384464,UWW,22/03/14,AMR2,0,1.061215301,127.0764748,120,1.058970623,11,UWW,Male,NZFS,169,104,0.704248622,13,39,293.8,1.738461538,-1.719399675
Sly,Sly2014-03-25,Sly_41723_AMR1,0.20184087,23.54537428,2.44E-05,295.3074631,1.948148982,101.9617402,2.827659114,686.5816501,243,2.825438889,UWW,25/03/14,AMR1,1,1.249318699,172.5364029,138,1.250263789,11,UWW,Male,NZFS,175,104,0.704248622,16,NA,361.6,2.066285714,-2.860939121
Sly,Sly2014-03-25,Sly_41723_AMR2,0.200255469,23.2240252,2.79E-05,295.6097987,1.8635501,101.9842453,3.41483444,433.6417933,127,3.41450231,UWW,25/03/14,AMR2,0,1.249318699,172.5364029,138,1.250263789,11,UWW,Male,NZFS,119,104,0.704248622,10,NA,226,1.899159664,3.262851056
Sly,Sly2014-03-26,Sly_41724_AMR1,0.199242211,24.49798128,3.83E-05,295.117623,2.062146924,102.0331119,3.780097916,283.4349794,75,3.779133059,UWW,26/03/14,AMR1,1,1.248265848,151.2656127,121,1.250129031,11,UWW,Male,NZFS,180,104,0.704248622,15,NA,339,1.883333333,-3.047439227
Sly,Sly2014-03-26,Sly_41724_AMR2,0.201510271,24.39493914,-5.45E-05,353.9775419,2.074746472,102.0538945,3.536598338,510.1712309,144,3.54285577,UWW,26/03/14,AMR2,0,1.248265848,151.2656127,121,1.250129031,11,UWW,Male,NZFS,153,104,0.704248622,12,NA,271.2,1.77254902,-1.038728095
Sly,Sly2014-03-27,Sly_41725_AMR1,0.20183367,24.07838615,-5.04E-05,353.7940276,2.125504062,101.8084738,3.392539253,509.3161439,150,3.395440959,UWW,27/03/14,AMR1,1,1.19308193,149.7164953,125,1.197731962,11,UWW,Male,NZFS,181,104,0.704248622,15,NA,339,1.872928177,-3.095646181
Sly,Sly2014-03-27,Sly_41725_AMR2,0.202240433,23.97835237,1.91E-05,353.914478,2.086237884,101.8056043,3.214044754,528.3127002,164,3.221418904,UWW,27/03/14,AMR2,0,1.19308193,149.7164953,125,1.197731962,11,UWW,Male,NZFS,167,102,0.588607722,14,NA,316.4,1.894610778,-2.272756327
Sly,Sly2014-03-28,Sly_41726_AMR1,0.203498953,24.12699898,-0.000270605,353.1920202,2.283640206,101.4962985,2.651679686,520.3381565,196,2.654786513,UWW,28/03/14,AMR1,1,1.152262083,145.2129232,126,1.152483518,11,UWW,Male,NZFS,174,102,0.588607722,13,NA,293.8,1.688505747,-3.929955568
Sly,Sly2014-03-28,Sly_41726_AMR2,0.20205671,23.83860076,-0.000419255,353.7579521,2.133061566,101.5192858,3.29394824,518.5673356,157,3.30297666,UWW,28/03/14,AMR2,0,1.152262083,145.2129232,126,1.152483518,11,UWW,Male,NZFS,182,102,0.588607722,16,NA,361.6,1.986813187,-2.854416219
Sly,Sly2014-03-29,Sly_41727_AMR1,0.203376237,27.17638258,-1.44E-05,367.9917014,3.589467351,101.8845337,2.821766693,446.2249135,158,2.824208313,UWW,29/03/14,AMR1,1,1.372026912,2023.043182,1329,1.522229633,11,UWW,Male,NZFS,154,102,0.588607722,NA,NA,NA,,
Sly,Sly2014-03-29,Sly_41727_AMR2,0.202464065,26.968131,3.93E-06,367.8502804,3.622916844,101.8796914,3.238129271,444.5333175,137,3.244768741,UWW,29/03/14,AMR2,0,1.372026912,2023.043182,1329,1.522229633,11,UWW,Male,NZFS,174,102,0.588607722,NA,NA,NA,,
Sly,Sly2014-11-05,Sly_41948_AMR1,0.202320423,23.28067344,1.81E-05,392.1235484,2.261540478,102.3586331,3.522849157,450.8182808,128,3.522017818,UWW,05/11/14,AMR1,1,1.505840137,160.820428,107,1.502994654,11,UWW,Male,NZFS,101,156,0.842099431,9,31,203.4,2.013861386,2.13705149
Sly,Sly2014-11-05,Sly_41948_AMR2,0.201394862,23.20447308,1.80E-05,392.0634251,2.303629589,102.350952,3.974354916,485.6464509,122,3.980708614,UWW,05/11/14,AMR2,0,1.505840137,160.820428,107,1.502994654,11,UWW,Male,NZFS,120,156,0.842099431,11,42,248.6,2.071666667,0.923277372
Sly,Sly2014-11-07,Sly_41950_AMR1,0.203622136,22.41130545,1.06E-05,440.0440294,2.507070798,101.9420489,3.237549243,511.4290249,158,3.236892563,UWW,07/11/14,AMR1,1,1.250010602,136.2739188,109,1.250219439,11,UWW,Male,NZFS,123,158,0.842099431,11,34,248.6,2.021138211,0.528370944
Sly,Sly2014-11-07,Sly_41950_AMR2,0.203228725,22.53094216,6.63E-06,439.8929114,2.532432947,101.9409661,3.453103055,452.8240019,131,3.45667177,UWW,07/11/14,AMR2,0,1.250010602,136.2739188,109,1.250219439,11,UWW,Male,NZFS,119,158,0.842099431,11,33,248.6,2.08907563,1.140259299
Sly,Sly2014-11-12,Sly_41955_AMR1,0.202110505,23.43286932,6.42E-05,342.2485921,2.589320832,101.8318761,3.162901718,556.7848352,176,3.1635502,UWW,12/11/14,AMR1,1,1.11141841,100.9482356,91,1.10932127,11,UWW,Male,NZFS,137,158,0.842099431,12,NA,271.2,1.979562044,-0.920872014
Sly,Sly2014-11-12,Sly_41955_AMR2,0.201805458,23.08182209,0.000107922,342.2170357,2.601210604,101.7982561,3.292991589,536.8163578,163,3.293351888,UWW,12/11/14,AMR2,0,1.11141841,100.9482356,91,1.10932127,11,UWW,Male,NZFS,126,158,0.842099431,11,NA,248.6,1.973015873,0.093682331
Sly,Sly2014-12-02,Sly_41975_AMR1,0.200852009,-5,1.87E-05,338.5646915,2.507410542,101.7035985,3.660031699,659.1838284,180,3.66213238,UWW,02/12/14,AMR1,1,1.489302557,181.6578163,122,1.488998494,11,UWW,Male,NZFS,135,152,0.651420789,13,34,293.8,2.176296296,-0.064444277
Sly,Sly2014-12-02,Sly_41975_AMR2,0.200614092,-5,-0.000110588,338.956666,2.545555356,101.6999586,3.763411313,753.746709,200,3.768733545,UWW,02/12/14,AMR2,0,1.489302557,181.6578163,122,1.488998494,11,UWW,Male,NZFS,132,152,0.651420789,11,29,248.6,1.883333333,0.346756996
Sly,Sly2014-12-04,Sly_41977_AMR1,0.203658332,-5,2.11E-05,340.7263401,2.697906875,101.9482609,2.492120381,431.9290017,173,2.496699432,UWW,04/12/14,AMR1,1,1.059569036,142.0877887,134,1.060356632,11,UWW,Male,NZFS,109,152,0.651420789,9,22,203.4,1.866055046,1.79777351
Sly,Sly2014-12-04,Sly_41977_AMR2,0.203401778,-5,2.07E-05,340.6924587,2.717290718,101.9416516,2.601212083,400.2478113,154,2.599011762,UWW,04/12/14,AMR2,0,1.059569036,142.0877887,134,1.060356632,11,UWW,Male,NZFS,95,152,0.651420789,8,18,180.8,1.903157895,3.082424593
Sly,Sly2014-12-05,Sly_41978_AMR1,0.200802979,-5,-0.000142807,339.9366118,2.802142015,101.1463695,3.695454551,577.4355334,156,3.70150983,UWW,05/12/14,AMR1,1,1.55138242,220.4065451,142,1.552158768,11,UWW,Male,NZFS,135,152,0.651420789,12,NA,271.2,2.008888889,0.548609182
Sly,Sly2014-12-05,Sly_41978_AMR2,0.200758798,-5,-0.000142652,339.8907391,2.813424873,101.147349,3.713625562,509.500771,137,3.71898373,UWW,05/12/14,AMR2,0,1.55138242,220.4065451,142,1.552158768,11,UWW,Male,NZFS,96,152,0.651420789,9,NA,203.4,2.11875,3.950299825
Sly,Sly2014-12-06,Sly_41979_AMR1,0.202333055,-5,-0.000107995,340.4900136,2.678311611,101.1636255,3.052589048,501.1199993,164,3.055609752,UWW,06/12/14,AMR1,1,0.906284156,96.06806607,106,0.90630251,11,UWW,Male,NZFS,135,152,0.651420789,12,42,271.2,2.008888889,0.663093777
Sly,Sly2014-12-06,Sly_41979_AMR2,0.202472236,-5,-0.000146943,340.4856087,2.705787612,101.1482431,2.992922236,663.4933784,222,2.988708912,UWW,06/12/14,AMR2,0,0.906284156,96.06806607,106,0.90630251,11,UWW,Male,NZFS,137,152,0.651420789,13,40,293.8,2.144525547,0.427770178
Sly,Sly2014-12-09,Sly_41982_AMR1,0.200567208,23.91755006,-2.17E-06,338.9657702,2.649864999,101.3200459,3.783008674,610.5681349,161,3.792348664,UWW,09/12/14,AMR1,1,1.345907556,159.8189127,119,1.343016073,11,UWW,Male,NZFS,164,152,0.65185648,14,51,316.4,1.929268293,-1.605587687
Sly,Sly2014-12-09,Sly_41982_AMR2,0.201842485,23.66054006,-3.93E-05,338.723362,2.671327035,101.2937583,3.245623676,405.2584923,125,3.242067939,UWW,09/12/14,AMR2,0,1.345907556,159.8189127,119,1.343016073,11,UWW,Male,NZFS,73,152,0.65185648,6,25,135.6,1.857534247,6.523911484
Sly,Sly2014-12-11,Sly_41984_AMR1,0.202038054,27.89545888,-2.16E-05,338.7381553,3.170029411,100.9678393,3.161439577,530.9102199,168,3.16017988,UWW,11/12/14,AMR1,1,1.323464588,152.2355509,115,1.323787399,11,UWW,Male,NZFS,114,151,0.65185648,10,30,226,1.98245614,1.175741893
Sly,Sly2014-12-11,Sly_41984_AMR2,0.200847499,27.95120964,-3.29E-05,339.6038288,3.092378641,100.9656469,3.672999647,609.8034675,166,3.673514864,UWW,11/12/14,AMR2,0,1.323464588,152.2355509,115,1.323787399,11,UWW,Male,NZFS,116,151,0.65185648,11,36,248.6,2.143103448,1.745486345
Sly,Sly2014-12-12,Sly_41985_AMR1,0.200173489,21.65644737,-3.38E-05,292.7740441,2.424394069,101.0802502,3.410897624,674.6269766,198,3.407206953,UWW,12/12/14,AMR1,1,1.486111906,151.5758416,102,1.486037662,11,UWW,Male,NZFS,140,151,0.65185648,13,NA,293.8,2.098571429,-1.82384611
Sly,Sly2014-12-12,Sly_41985_AMR2,0.199006479,21.86712304,-0.00013687,292.6504683,2.44977868,101.0776838,3.833686137,634.0819105,165,3.84292067,UWW,12/12/14,AMR2,0,1.486111906,151.5758416,102,1.486037662,11,UWW,Male,NZFS,115,151,0.65185648,11,NA,248.6,2.16173913,0.994617829
Teiko,Teiko2014-03-06,Teiko_41704_AMR1,0.206414116,23.07980123,-1.77E-05,293.0184574,2.686148889,101.9125398,1.131013614,110.1581769,97,1.135651308,UWW,06/03/14,AMR1,1,0.590843139,72.08538175,122,0.590863785,16,UWW,Female,ASL,96,74,0.45586,9,NA,144,1.5,2.17979964
Teiko,Teiko2014-03-06,Teiko_41704_AMR2,0.205018209,23.01073929,6.89E-06,293.1076048,2.657152283,101.9082218,1.645029466,177.3210161,108,1.64186126,UWW,06/03/14,AMR2,0,0.590843139,72.08538175,122,0.590863785,16,UWW,Female,ASL,92,74,0.45586,10,NA,160,1.739130435,4.874224192
Teiko,Teiko2014-03-09,Teiko_41707_AMR1,0.205681445,22.42965563,-2.26E-05,293.2020425,2.636385762,101.9889937,1.401825161,211.6580081,151,1.401708663,UWW,09/03/14,AMR1,1,0.507148995,62.89078684,124,0.507183765,16,UWW,Female,ASL,99,74,0.45586,12,NA,192,1.939393939,3.098556413
Teiko,Teiko2014-03-09,Teiko_41707_AMR2,0.204938797,22.49565981,-9.10E-06,293.1923934,2.650308513,102.0009172,1.674432032,211.2146349,126,1.676306627,UWW,09/03/14,AMR2,0,0.507148995,62.89078684,124,0.507183765,16,UWW,Female,ASL,98,74,0.45586,12,NA,192,1.959183673,4.306476232
Teiko,Teiko2014-03-10,Teiko_41708_AMR1,0.205304168,22.35890301,-4.56E-05,293.4547847,2.581783355,102.0390458,1.542048471,183.7158586,119,1.543830745,UWW,10/03/14,AMR1,1,0.921835092,117.1705187,127,0.92260251,16,UWW,Female,ASL,113,74,0.45586,12,NA,192,1.699115044,-0.011362649
Teiko,Teiko2014-03-10,Teiko_41708_AMR2,0.204634601,22.34428683,-4.45E-05,293.3048539,2.613293282,102.0383234,1.787163683,227.3399145,127,1.790078067,UWW,10/03/14,AMR2,0,0.921835092,117.1705187,127,0.92260251,16,UWW,Female,ASL,122,74,0.45586,12,NA,192,1.573770492,-0.056753127
Teiko,Teiko2014-03-11,Teiko_41709_AMR1,0.205511568,24.46363133,2.61E-05,293.3228691,2.590620914,102.0274709,1.464592599,247.7479905,169,1.465964441,UWW,11/03/14,AMR1,1,0.771328454,104.0210171,135,0.770526053,16,UWW,Female,ASL,103,74,0.45586,11,NA,176,1.708737864,2.09310247
Teiko,Teiko2014-03-12,Teiko_41710_AMR1,0.205575852,22.55751429,-4.36E-05,292.7070101,2.800258679,101.7878812,1.437688624,90.6024036,63,1.438133391,UWW,12/03/14,AMR1,1,0.506906216,64.39701941,127,0.507063145,16,UWW,Female,ASL,106,74,0.45586,8,NA,128,1.20754717,4.372264275
Teiko,Teiko2014-03-20,Teiko_41718_AMR1,0.205762163,24.38227148,1.21E-05,294.8472661,2.11299605,102.4222674,1.379707421,140.947936,102,1.381842509,UWW,20/03/14,AMR1,1,0.772739807,112.9901726,146,0.773905292,16,UWW,Female,ASL,118,74,0.45586,11,NA,176,1.491525424,0.697662447
Teiko,Teiko2014-03-20,Teiko_41718_AMR2,0.205533326,24.20024214,1.02E-05,294.9965755,2.061731657,102.416508,1.465226179,158.5096762,108,1.467682187,UWW,20/03/14,AMR2,0,0.772739807,112.9901726,146,0.773905292,16,UWW,Female,ASL,126,74,0.45586,12,NA,192,1.523809524,0.273511811
Teiko,Teiko2014-03-23,Teiko_41721_AMR1,0.204236167,24.32966806,-7.05E-05,294.9370855,2.062383282,101.6851864,1.944357986,186.4018811,96,1.941686261,UWW,23/03/14,AMR1,1,1.074102697,123.6203933,115,1.074959942,16,UWW,Female,ASL,125,74,0.45586,NA,NA,NA,,
Teiko,Teiko2014-03-23,Teiko_41721_AMR2,0.204240737,24.29242381,-6.96E-05,294.9923816,2.045994485,101.6904099,1.943149383,162.0864534,83,1.952848837,UWW,23/03/14,AMR2,0,1.074102697,123.6203933,115,1.074959942,16,UWW,Female,ASL,120,74,0.45586,NA,NA,NA,,
Teiko,Teiko2014-03-24,Teiko_41722_AMR1,0.205552254,24.10289606,1.73E-05,294.6470853,2.138542542,101.5263667,1.456310686,184.9647054,127,1.456415003,UWW,24/03/14,AMR1,1,0.749510793,125.1923791,167,0.749654965,16,UWW,Female,ASL,113,74,0.45586,11,NA,176,1.557522124,2.308832773
Teiko,Teiko2014-03-24,Teiko_41722_AMR2,0.2049426,24.18134078,1.72E-05,294.6508047,2.131004152,101.5302412,1.681402102,180.2871602,107,1.68492673,UWW,24/03/14,AMR2,0,0.749510793,125.1923791,167,0.749654965,16,UWW,Female,ASL,103,74,0.45586,11,NA,176,1.708737864,4.090140844
Teiko,Teiko2014-03-25,Teiko_41723_AMR1,0.20503153,23.34967814,7.30E-06,294.8243357,1.978643587,102.0361585,1.649245585,163.0644546,99,1.647115703,UWW,25/03/14,AMR1,1,0.587270031,72.17775745,123,0.586811036,16,UWW,Female,ASL,131,74,0.45586,10,NA,160,1.221374046,1.437384243
Teiko,Teiko2014-03-25,Teiko_41723_AMR2,0.205821552,23.55552277,7.59E-06,295.2975687,2.000449751,102.0461383,1.35976698,149.3851496,110,1.358046815,UWW,25/03/14,AMR2,0,0.587270031,72.17775745,123,0.586811036,16,UWW,Female,ASL,131,74,0.45586,10,NA,160,1.221374046,-0.029568149
Teiko,Teiko2014-03-26,Teiko_41724_AMR1,0.205386764,24.4951841,8.06E-06,294.668118,2.157762157,102.1234896,1.517705493,144.6198088,95,1.522313777,UWW,26/03/14,AMR1,1,0.50055462,63.57239974,127,0.500570077,16,UWW,Female,ASL,132,74,0.45586,11,NA,176,1.333333333,1.718965929
Teiko,Teiko2014-03-26,Teiko_41724_AMR2,0.205737474,24.49010297,-0.000421295,294.6860676,2.138789623,102.1260332,1.38802599,139.5230776,100,1.395230776,UWW,26/03/14,AMR2,0,0.50055462,63.57239974,127,0.500570077,16,UWW,Female,ASL,135,74,0.45586,12,NA,192,1.422222222,0.805884062
Teiko,Teiko2014-03-27,Teiko_41725_AMR1,0.205175813,23.67278339,1.03E-05,235.7620619,2.062472488,102.1798333,1.276572399,140.8770257,110,1.280700234,UWW,27/03/14,AMR1,1,0.581177159,75.16915199,129,0.582706605,16,UWW,Female,ASL,132,74,0.45586,11,NA,176,1.333333333,-0.14627762
Teiko,Teiko2014-03-27,Teiko_41725_AMR2,0.206042802,23.60084746,1.09E-05,295.0181004,2.023870147,102.1655109,1.276587824,135.4450671,106,1.277783652,UWW,27/03/14,AMR2,0,0.581177159,75.16915199,129,0.582706605,16,UWW,Female,ASL,136,74,0.45586,11,NA,176,1.294117647,-0.517031748
Teiko,Teiko2014-03-30,Teiko_41728_AMR1,0.205566024,25.79447802,-0.000421755,292.1815589,3.023682993,102.0796632,1.439326264,157.0082503,109,1.440442663,UWW,30/03/14,AMR1,1,0.748246037,94.36897268,126,0.748960101,16,UWW,Female,ASL,144,74,0.45586,12,NA,192,1.333333333,-2.588706605
Teiko,Teiko2014-03-30,Teiko_41728_AMR2,0.205670386,26.06303839,-0.000420732,292.0033712,3.052182825,102.0791681,1.400140056,145.6403525,104,1.400388004,UWW,30/03/14,AMR2,0,0.748246037,94.36897268,126,0.748960101,16,UWW,Female,ASL,139,74,0.45586,13,NA,208,1.496402878,-1.996400349
Teiko,Teiko2014-11-04,Teiko_41947_AMR1,0.205379646,23.52923748,1.82E-05,294.2784817,2.251516934,102.5533223,1.518396128,187.1997174,123,1.521948922,UWW,04/11/14,AMR1,2,0.794977091,128.8028238,162,0.795079159,16,UWW,Female,ASL,65,66,0.46918,8,23,140,2.153846154,7.615862428
Teiko,Teiko2014-11-04,Teiko_41947_AMR2,0.205242557,23.34470138,1.76E-05,294.2329381,2.276849348,102.5507642,1.568516385,159.0933779,101,1.575181959,UWW,04/11/14,AMR2,0,0.794977091,128.8028238,162,0.795079159,16,UWW,Female,ASL,73,66,0.46918,9,28,157.5,2.157534247,6.537774179
Teiko,Teiko2014-11-05,Teiko_41948_AMR1,0.205428455,23.56907759,1.77E-05,294.4487093,2.21056458,102.3371118,1.501177738,103.8291557,69,1.504770372,UWW,05/11/14,AMR1,1,0.780793054,103.7372354,133,0.779979214,16,UWW,Female,ASL,70,68,0.46918,8,25,140,2,6.439559286
Teiko,Teiko2014-11-05,Teiko_41948_AMR2,0.204780225,23.3279287,1.84E-05,294.3881789,2.228162815,102.3378248,1.740116524,189.8580241,109,1.741816735,UWW,05/11/14,AMR2,0,0.780793054,103.7372354,133,0.779979214,16,UWW,Female,ASL,98,68,0.46918,11,35,192.5,1.964285714,3.668870442
Teiko,Teiko2014-11-11,Teiko_41954_AMR1,0.204712907,22.64581953,1.51E-05,293.7746729,2.387055265,101.9669508,1.761268433,165.6448791,94,1.762179565,UWW,11/11/14,AMR1,1,0.673006567,77.93840706,116,0.67188282,16,UWW,Female,ASL,97,68,0.46918,NA,NA,NA,,
Teiko,Teiko2014-11-11,Teiko_41954_AMR2,0.205359854,22.26828571,-9.20E-05,293.9492375,2.345650961,101.9620947,1.523863221,170.5744075,112,1.522985781,UWW,11/11/14,AMR2,0,0.673006567,77.93840706,116,0.67188282,16,UWW,Female,ASL,99,68,0.46918,NA,NA,NA,,
Teiko,Teiko2014-12-01,Teiko_41974_AMR1,0.203524352,-5,-7.40E-06,291.431805,2.354768277,101.5048424,2.18052145,185.4889855,85,2.182223359,UWW,01/12/14,AMR1,1,1.086688741,141.3176852,130,1.087059117,16,UWW,Female,ASL,119,66,0.46918,14,40,245,2.058823529,0.770404855
Teiko,Teiko2014-12-01,Teiko_41974_AMR2,0.203928727,-5,-0.00011896,291.5550184,2.35186907,101.511894,2.034227139,183.6319081,90,2.040354535,UWW,01/12/14,AMR2,0,1.086688741,141.3176852,130,1.087059117,16,UWW,Female,ASL,100,66,0.46918,12,30,210,2.1,2.775049548
Teiko,Teiko2014-12-02,Teiko_41975_AMR1,0.20553376,-5,-2.56E-05,292.4189396,2.448195755,101.9287705,1.452470274,108.9201093,75,1.452268124,UWW,02/12/14,AMR1,1,0.87139765,125.334686,144,0.870379764,16,UWW,Female,ASL,72,66,0.46918,8,NA,140,1.944444444,6.036569376
Teiko,Teiko2014-12-02,Teiko_41975_AMR2,0.205894997,-5,-2.61E-05,292.1795855,2.486387411,101.9047747,1.318564938,135.8418289,103,1.318852708,UWW,02/12/14,AMR2,0,0.87139765,125.334686,144,0.870379764,16,UWW,Female,ASL,71,66,0.46918,8,NA,140,1.971830986,5.260706399
Teiko,Teiko2014-12-07,Teiko_41980_AMR1,0.204319678,-5,-0.000119897,291.9529165,2.698654227,100.944863,1.894252072,197.0261246,104,1.894481968,UWW,07/12/14,AMR1,1,0.977619488,124.1732236,127,0.977741918,16,UWW,Female,ASL,84,67,0.46918,11,NA,192.5,2.291666667,4.600853598
Teiko,Teiko2014-12-07,Teiko_41980_AMR2,0.203957128,-5,-0.000101205,291.8452546,2.708553586,100.9489914,2.025905788,178.9484187,88,2.033504758,UWW,07/12/14,AMR2,0,0.977619488,124.1732236,127,0.977741918,16,UWW,Female,ASL,94,67,0.46918,11,NA,192.5,2.04787234,4.150933424
Teiko,Teiko2014-12-08,Teiko_41981_AMR1,0.205497248,-5,-0.000141766,291.5389403,2.721185397,101.4849561,1.461105686,149.1281499,102,1.462040685,UWW,08/12/14,AMR1,1,0.882421352,130.6647913,148,0.882870212,16,UWW,Female,ASL,106,67,0.46918,11,NA,192.5,1.816037736,1.602935927
Teiko,Teiko2014-12-08,Teiko_41981_AMR2,0.205112546,-5,-0.000141683,290.9218798,2.758915908,101.4644574,1.598354404,159.9915998,100,1.599915998,UWW,08/12/14,AMR2,0,0.882421352,130.6647913,148,0.882870212,16,UWW,Female,ASL,124,67,0.46918,14,NA,245,1.975806452,0.257376823
Teiko,Teiko2014-12-10,Teiko_41983_AMR1,0.204660424,25.50272443,-0.00014464,291.7220847,2.835199704,101.364529,1.767892548,169.4338214,96,1.764935639,UWW,10/12/14,AMR1,1,1.417990526,168.8406779,119,1.418829226,16,UWW,Female,ASL,74,67,0.46918,9,NA,157.5,2.128378378,3.868482059
Teiko,Teiko2014-12-10,Teiko_41983_AMR2,0.203540955,25.7142642,-0.000114122,291.5437248,2.851584089,101.3831637,2.175482666,176.2735019,81,2.176216073,UWW,10/12/14,AMR2,0,1.417990526,168.8406779,119,1.418829226,16,UWW,Female,ASL,95,67,0.46918,12,NA,210,2.210526316,1.633836664
