"","x"
"1","Fast Log 34196"
"2","Start Time :- 20/07/2013 10:58:43.050"
"3","Fast rate 0.05"
"4","Resolution = 12"
"5","Data points available = 140"
"6","Date/Time Stamp,X Axis,Y Axis,Z Axis"
"7","20/07/2013 10:58:43.050,-0.532,-0.068,0.22"
"8","20/07/2013 10:58:43.100,-0.544,-0.012,0.268"
"9","20/07/2013 10:58:43.150,-0.74,-0.044,0.104"
"10","20/07/2013 10:58:43.200,-0.94,-0.08,-0.024"
"11","20/07/2013 10:58:43.250,-1.036,0.008,-0.044"
"12","20/07/2013 10:58:43.300,-1.056,-0.024,0.024"
"13","20/07/2013 10:58:43.350,-1.084,-0.012,0.04"
"14","20/07/2013 10:58:43.400,-1.12,-0.124,0.032"
"15","20/07/2013 10:58:43.450,-1.14,0.024,0.14"
"16","20/07/2013 10:58:43.500,-1.124,0.016,0.26"
"17","20/07/2013 10:58:43.550,-1.124,0.016,0.28"
"18","20/07/2013 10:58:43.600,-1.108,0.008,0.192"
"19","20/07/2013 10:58:43.650,-1.128,-0.032,0.168"
"20","20/07/2013 10:58:43.700,-1.16,0.052,0.14"
"21","20/07/2013 10:58:43.750,-1.212,0.028,0.22"
"22","20/07/2013 10:58:43.800,-1.172,0.112,0.296"
"23","20/07/2013 10:58:43.850,-1.176,0.056,0.376"
"24","20/07/2013 10:58:43.900,-0.976,0.052,0.48"
"25","20/07/2013 10:58:43.950,-0.916,-0.112,0.42"
"26","20/07/2013 10:58:44.000,-0.88,-0.072,0.472"
"27","20/07/2013 10:58:44.050,-0.94,-0.092,0.448"
"28","20/07/2013 10:58:44.100,-1.016,-0.008,0.38"
"29","20/07/2013 10:58:44.150,-1.024,0.072,0.432"
"30","20/07/2013 10:58:44.200,-1.012,0.08,0.48"
"31","20/07/2013 10:58:44.250,-0.984,0.104,0.532"
"32","20/07/2013 10:58:44.300,-0.936,0.148,0.62"
"33","20/07/2013 10:58:44.350,-0.928,0.124,0.636"
"34","20/07/2013 10:58:44.400,-0.932,0.144,0.62"
"35","20/07/2013 10:58:44.450,-0.852,0.116,0.704"
"36","20/07/2013 10:58:44.500,-0.8,0.116,0.78"
"37","20/07/2013 10:58:44.550,-0.764,0.132,0.82"
"38","20/07/2013 10:58:44.600,-0.744,0.124,0.864"
"39","20/07/2013 10:58:44.650,-0.744,0.164,0.848"
"40","20/07/2013 10:58:44.700,-0.736,0.204,0.848"
"41","20/07/2013 10:58:44.750,-0.744,0.172,0.868"
"42","20/07/2013 10:58:44.800,-0.736,0.212,0.88"
"43","20/07/2013 10:58:44.850,-0.72,0.228,0.936"
"44","20/07/2013 10:58:44.900,-0.676,0.24,1.012"
"45","20/07/2013 10:58:44.950,-0.584,0.204,1.048"
"46","20/07/2013 10:58:45.000,-0.476,0.108,1.056"
"47","20/07/2013 10:58:45.050,-0.356,0.06,1.096"
"48","20/07/2013 10:58:45.100,-0.228,0.092,1.164"
"49","20/07/2013 10:58:45.150,-0.18,0.076,1.18"
"50","20/07/2013 10:58:45.200,-0.172,0.128,1.164"
"51","20/07/2013 10:58:45.250,-0.148,0.1,1.124"
"52","20/07/2013 10:58:45.300,-0.124,0.08,1.076"
"53","20/07/2013 10:58:45.350,-0.124,0.064,1.06"
"54","20/07/2013 10:58:45.400,-0.076,0.072,1.096"
"55","20/07/2013 10:58:45.450,-0.064,0.008,1.076"
"56","20/07/2013 10:58:45.500,-0.044,0.028,1.088"
"57","20/07/2013 10:58:45.550,0.004,-0.016,1.076"
"58","20/07/2013 10:58:45.600,0.008,-0.012,1.084"
"59","20/07/2013 10:58:45.650,0.024,-0.008,1.044"
"60","20/07/2013 10:58:45.700,0.068,-0.044,1.036"
"61","20/07/2013 10:58:45.750,0.044,-0.02,1.024"
"62","20/07/2013 10:58:45.800,0.06,-0.036,1.012"
"63","20/07/2013 10:58:45.850,0.056,-0.06,0.964"
"64","20/07/2013 10:58:45.900,0.016,-0.092,0.92"
"65","20/07/2013 10:58:45.950,-0.064,-0.196,0.832"
"66","20/07/2013 10:58:46.000,-0.132,-0.284,0.76"
"67","20/07/2013 10:58:46.050,-0.196,-0.412,0.728"
"68","20/07/2013 10:58:46.100,-0.244,-0.516,0.704"
"69","20/07/2013 10:58:46.150,-0.276,-0.592,0.66"
"70","20/07/2013 10:58:46.200,-0.324,-0.616,0.604"
"71","20/07/2013 10:58:46.250,-0.392,-0.724,0.524"
"72","20/07/2013 10:58:46.300,-0.412,-0.816,0.412"
"73","20/07/2013 10:58:46.350,-0.416,-0.904,0.284"
"74","20/07/2013 10:58:46.400,-0.384,-1.032,0.212"
"75","20/07/2013 10:58:46.450,-0.388,-0.996,0.18"
"76","20/07/2013 10:58:46.500,-0.42,-0.94,0.156"
"77","20/07/2013 10:58:46.550,-0.416,-0.9,0.128"
"78","20/07/2013 10:58:46.600,-0.44,-0.852,0.164"
"79","20/07/2013 10:58:46.650,-0.436,-0.852,0.224"
"80","20/07/2013 10:58:46.700,-0.472,-0.844,0.224"
"81","20/07/2013 10:58:46.750,-0.492,-0.86,0.252"
"82","20/07/2013 10:58:46.800,-0.512,-0.772,0.252"
"83","20/07/2013 10:58:46.850,-0.552,-0.696,0.348"
"84","20/07/2013 10:58:46.900,-0.592,-0.616,0.436"
"85","20/07/2013 10:58:46.950,-0.576,-0.556,0.588"
"86","20/07/2013 10:58:47.000,-0.584,-0.468,0.62"
"87","20/07/2013 10:58:47.050,-0.62,-0.368,0.668"
"88","20/07/2013 10:58:47.100,-0.568,-0.212,0.76"
"89","20/07/2013 10:58:47.150,-0.524,-0.044,0.84"
"90","20/07/2013 10:58:47.200,-0.504,-0.012,0.84"
"91","20/07/2013 10:58:47.250,-0.472,0.096,0.836"
"92","20/07/2013 10:58:47.300,-0.512,0.104,0.832"
"93","20/07/2013 10:58:47.350,-0.492,0.176,0.848"
"94","20/07/2013 10:58:47.400,-0.48,0.14,0.848"
"95","20/07/2013 10:58:47.450,-0.476,0.132,0.876"
"96","20/07/2013 10:58:47.500,-0.468,0.172,0.86"
"97","20/07/2013 10:58:47.550,-0.468,0.224,0.852"
"98","20/07/2013 10:58:47.600,-0.448,0.284,0.836"
"99","20/07/2013 10:58:47.650,-0.464,0.396,0.796"
"100","20/07/2013 10:58:47.700,-0.476,0.5,0.76"
"101","20/07/2013 10:58:47.750,-0.536,0.608,0.716"
"102","20/07/2013 10:58:47.800,-0.58,0.64,0.704"
"103","20/07/2013 10:58:47.850,-0.556,0.688,0.692"
"104","20/07/2013 10:58:47.900,-0.444,0.708,0.712"
"105","20/07/2013 10:58:47.950,-0.336,0.684,0.752"
"106","20/07/2013 10:58:48.000,-0.196,0.68,0.852"
"107","20/07/2013 10:58:48.050,-0.22,0.792,0.8"
"108","20/07/2013 10:58:48.100,-0.168,0.776,0.768"
"109","20/07/2013 10:58:48.150,-0.248,0.888,0.684"
"110","20/07/2013 10:58:48.200,-0.372,0.836,0.584"
"111","20/07/2013 10:58:48.250,-0.424,0.804,0.536"
"112","20/07/2013 10:58:48.300,-0.396,0.732,0.596"
"113","20/07/2013 10:58:48.350,-0.372,0.764,0.668"
"114","20/07/2013 10:58:48.400,-0.36,0.688,0.72"
"115","20/07/2013 10:58:48.450,-0.34,0.512,0.752"
"116","20/07/2013 10:58:48.500,-0.348,0.448,0.792"
"117","20/07/2013 10:58:48.550,-0.332,0.472,0.84"
"118","20/07/2013 10:58:48.600,-0.292,0.524,0.824"
"119","20/07/2013 10:58:48.650,-0.288,0.632,0.784"
"120","20/07/2013 10:58:48.700,-0.304,0.652,0.752"
"121","20/07/2013 10:58:48.750,-0.32,0.716,0.676"
"122","20/07/2013 10:58:48.800,-0.36,0.784,0.636"
"123","20/07/2013 10:58:48.850,-0.328,0.824,0.636"
"124","20/07/2013 10:58:48.900,-0.308,0.724,0.68"
"125","20/07/2013 10:58:48.950,-0.252,0.592,0.748"
"126","20/07/2013 10:58:49.000,-0.26,0.744,0.76"
"127","20/07/2013 10:58:49.050,-0.312,0.744,0.748"
"128","20/07/2013 10:58:49.100,-0.376,0.724,0.848"
"129","20/07/2013 10:58:49.150,-0.38,0.664,0.764"
"130","20/07/2013 10:58:49.200,-0.3,0.732,0.844"
"131","20/07/2013 10:58:49.250,-0.184,0.74,0.84"
"132","20/07/2013 10:58:49.300,-0.052,0.728,0.888"
"133","20/07/2013 10:58:49.350,-0.028,0.724,0.852"
"134","20/07/2013 10:58:49.400,-0.068,0.852,0.88"
"135","20/07/2013 10:58:49.450,-0.044,0.708,0.808"
"136","20/07/2013 10:58:49.500,-0.236,0.88,0.532"
"137","20/07/2013 10:58:49.550,-0.272,0.968,0.324"
"138","20/07/2013 10:58:49.600,-0.184,0.976,0.504"
"139","20/07/2013 10:58:49.650,-0.092,1.008,0.56"
"140","20/07/2013 10:58:49.700,-0.008,1.028,0.612"
"141","20/07/2013 10:58:49.750,0.22,0.708,0.74"
"142","20/07/2013 10:58:49.800,0.448,0.368,0.92"
"143","20/07/2013 10:58:49.850,0.388,0.692,0.788"
"144","20/07/2013 10:58:49.900,0.44,0.932,0.612"
"145","20/07/2013 10:58:49.950,0.12,1.072,0.42"
"146","20/07/2013 10:58:50.000,-0.012,0.892,0.068"
"147",""
"148",""
"149","Table of Wet Times follows"
"150",""
"151","Wet events for time series block 2"
"152","Wet,Dry"
"153","01/07/2013 00:38:10.950     01/07/2013 00:38:11.000"
"154","01/07/2013 00:43:16.400     01/07/2013 00:43:16.400 *"
"155","01/07/2013 01:55:58.000     01/07/2013 01:55:58.000 *"
"156","01/07/2013 01:55:58.250     01/07/2013 01:55:58.250 *"
"157","01/07/2013 01:56:00.250     01/07/2013 01:56:00.250 *"
"158","01/07/2013 01:56:14.600     01/07/2013 01:56:14.600 *"
"159","01/07/2013 01:56:15.050     01/07/2013 01:56:15.050 *"
"160","01/07/2013 01:56:15.350     01/07/2013 01:59:48.000"
"161","01/07/2013 02:01:14.550     01/07/2013 02:01:14.550 *"
"162","01/07/2013 02:01:14.700     01/07/2013 02:01:14.700 *"
"163","01/07/2013 02:01:14.850     01/07/2013 02:01:15.000"
"164","01/07/2013 02:01:15.300     01/07/2013 02:09:49.000"
"165","01/07/2013 02:25:05.000     01/07/2013 02:25:05.000 *"
"166","01/07/2013 02:25:05.450     01/07/2013 02:25:05.450 *"
"167","01/07/2013 02:25:05.600     01/07/2013 02:25:07.000"
"168","01/07/2013 02:25:07.950     01/07/2013 02:25:09.000"
"169","01/07/2013 02:25:47.100     01/07/2013 02:25:47.100 *"
"170","01/07/2013 02:25:47.600     01/07/2013 02:25:55.000"
"171","01/07/2013 02:25:56.450     01/07/2013 02:25:56.450 *"
"172","01/07/2013 02:25:57.650     01/07/2013 02:26:50.000"
"173","01/07/2013 02:26:50.900     01/07/2013 02:27:42.000"
"174","01/07/2013 02:27:43.300     01/07/2013 02:27:44.000"
"175","01/07/2013 02:27:45.200     01/07/2013 02:27:46.000"
"176","01/07/2013 02:27:46.450     01/07/2013 02:27:46.450 *"
"177","01/07/2013 02:27:46.900     01/07/2013 02:27:47.000"
"178","01/07/2013 02:27:47.150     01/07/2013 02:27:57.000"
"179","01/07/2013 02:27:57.600     01/07/2013 02:27:58.000"
"180","01/07/2013 02:28:07.400     01/07/2013 02:28:07.400 *"
"181","01/07/2013 02:29:09.600     01/07/2013 02:29:10.000"
"182","01/07/2013 02:29:26.800     01/07/2013 02:29:39.000"
"183","01/07/2013 02:30:02.800     01/07/2013 02:30:08.000"
"184","01/07/2013 02:30:08.400     01/07/2013 02:30:12.000"
"185","01/07/2013 02:30:14.250     01/07/2013 02:30:14.250 *"
"186","01/07/2013 02:30:14.500     01/07/2013 02:30:14.500 *"
"187","01/07/2013 02:30:15.150     01/07/2013 02:30:23.000"
"188","01/07/2013 02:30:23.550     01/07/2013 02:30:23.550 *"
"189","01/07/2013 02:30:23.700     01/07/2013 02:31:11.000"
"190","01/07/2013 02:31:16.500     01/07/2013 02:31:16.500 *"
"191","01/07/2013 02:31:17.050     01/07/2013 02:31:17.050 *"
"192","01/07/2013 02:31:17.450     01/07/2013 02:31:36.000"
"193","01/07/2013 02:31:37.450     01/07/2013 02:31:37.450 *"
"194","01/07/2013 02:31:37.800     01/07/2013 02:31:41.000"
"195","01/07/2013 02:31:41.200     01/07/2013 02:32:31.000"
"196","01/07/2013 02:32:53.700     01/07/2013 02:32:57.000"
"197","01/07/2013 02:33:17.650     01/07/2013 02:33:17.650 *"
"198","01/07/2013 02:33:18.200     01/07/2013 02:33:25.000"
"199","01/07/2013 02:34:17.400     01/07/2013 02:34:17.400 *"
"200","01/07/2013 02:46:48.300     01/07/2013 02:46:49.000"
"201","01/07/2013 02:54:05.800     01/07/2013 02:54:06.000"
"202","01/07/2013 02:55:44.050     01/07/2013 02:55:44.050 *"
"203","01/07/2013 02:55:44.300     01/07/2013 02:55:45.000"
"204","01/07/2013 02:55:45.800     01/07/2013 02:55:45.800 *"
"205","01/07/2013 02:55:46.150     01/07/2013 02:55:46.150 *"
"206","01/07/2013 02:55:46.350     01/07/2013 02:55:46.350 *"
"207","01/07/2013 02:55:46.450     01/07/2013 02:55:46.450 *"
"208","01/07/2013 02:55:48.050     01/07/2013 02:55:48.050 *"
"209","01/07/2013 02:55:48.600     01/07/2013 02:55:48.600 *"
"210","01/07/2013 02:55:49.700     01/07/2013 02:55:55.000"
"211","01/07/2013 02:55:57.600     01/07/2013 02:56:02.000"
"212","01/07/2013 02:56:03.900     01/07/2013 02:56:04.000"
"213","01/07/2013 02:56:05.200     01/07/2013 02:56:32.000"
"214","01/07/2013 02:56:32.850     01/07/2013 02:56:34.000"
"215","01/07/2013 03:14:37.700     01/07/2013 03:14:37.700 *"
"216","01/07/2013 03:14:38.050     01/07/2013 03:14:38.050 *"
"217","01/07/2013 03:14:38.550     01/07/2013 03:14:39.000"
"218","01/07/2013 03:14:39.800     01/07/2013 03:21:52.000"
"219","01/07/2013 03:23:20.350     01/07/2013 03:23:24.000"
"220","01/07/2013 03:23:24.200     01/07/2013 03:23:24.200 *"
"221","01/07/2013 03:29:47.450     01/07/2013 03:31:57.000"
"222","01/07/2013 03:31:57.950     01/07/2013 03:31:58.000"
"223","01/07/2013 03:31:58.350     01/07/2013 03:31:58.350 *"
"224","01/07/2013 03:31:58.650     01/07/2013 03:31:58.650 *"
"225","01/07/2013 03:34:33.450     01/07/2013 03:35:04.000"
"226","01/07/2013 03:35:04.900     01/07/2013 03:35:08.000"
"227","01/07/2013 03:35:09.450     01/07/2013 03:35:10.000"
"228","01/07/2013 03:35:10.750     01/07/2013 03:35:11.000"
"229","01/07/2013 03:35:11.800     01/07/2013 03:35:34.000"
"230","01/07/2013 03:35:34.550     01/07/2013 03:35:34.550 *"
"231","01/07/2013 03:35:34.750     01/07/2013 03:35:35.000"
"232","01/07/2013 03:35:36.200     01/07/2013 03:35:36.200 *"
"233","01/07/2013 03:35:37.100     01/07/2013 03:35:37.100 *"
"234","01/07/2013 03:35:38.050     01/07/2013 03:35:38.050 *"
"235","01/07/2013 03:35:38.650     01/07/2013 03:35:38.650 *"
"236","01/07/2013 03:35:38.900     01/07/2013 03:35:39.000"
"237","01/07/2013 03:35:41.950     01/07/2013 03:35:42.000"
"238","01/07/2013 03:35:42.400     01/07/2013 03:36:04.000"
"239","01/07/2013 03:36:10.950     01/07/2013 03:36:34.000"
"240","01/07/2013 03:36:35.000     01/07/2013 03:36:35.000 *"
"241","01/07/2013 03:36:35.250     01/07/2013 03:36:35.250 *"
"242","01/07/2013 03:36:43.800     01/07/2013 03:36:57.000"
"243","01/07/2013 03:36:58.450     01/07/2013 03:36:58.450 *"
"244","01/07/2013 03:36:58.550     01/07/2013 03:37:16.000"
"245","01/07/2013 03:48:05.650     01/07/2013 03:49:09.000"
"246","01/07/2013 03:58:04.650     10/07/2013 04:15:06.000"
"247","10/07/2013 04:15:06.250     10/07/2013 04:15:06.250 *"
"248","10/07/2013 04:15:06.450     10/07/2013 04:15:06.450 *"
"249","10/07/2013 04:15:06.600     10/07/2013 04:15:06.600 *"
"250","10/07/2013 04:15:18.300     10/07/2013 04:15:18.300 *"
"251","10/07/2013 04:15:18.550     10/07/2013 04:15:18.550 *"
"252","10/07/2013 04:15:18.750     10/07/2013 04:15:21.000"
"253","10/07/2013 14:48:12.600     10/07/2013 14:48:12.600 *"
"254","10/07/2013 15:01:20.000     10/07/2013 15:01:21.000"
"255","10/07/2013 19:14:13.850     10/07/2013 19:14:13.850 *"
"256","10/07/2013 19:14:20.550     10/07/2013 19:14:20.550 *"
"257","10/07/2013 19:14:21.000     10/07/2013 19:14:21.000 *"
"258","10/07/2013 19:14:21.300     10/07/2013 19:14:21.300 *"
"259","10/07/2013 19:14:22.200     10/07/2013 19:16:44.000"
"260","10/07/2013 19:17:30.400     10/07/2013 19:17:30.400 *"
"261","10/07/2013 19:17:31.700     10/07/2013 19:17:31.700 *"
"262","10/07/2013 19:17:32.050     10/07/2013 19:18:14.000"
"263","10/07/2013 19:24:33.150     10/07/2013 19:24:33.150 *"
"264","10/07/2013 20:43:46.550     10/07/2013 20:43:47.000"
"265","10/07/2013 20:43:50.350     10/07/2013 20:44:04.000"
"266","10/07/2013 20:44:42.300     10/07/2013 20:47:43.000"
"267","10/07/2013 20:47:44.000     10/07/2013 20:47:52.000"
"268","10/07/2013 20:48:13.250     10/07/2013 20:48:17.000"
"269","10/07/2013 20:48:18.100     10/07/2013 20:48:18.100 *"
"270","10/07/2013 20:48:28.750     10/07/2013 20:48:55.000"
"271","10/07/2013 20:48:58.300     10/07/2013 20:49:00.000"
"272","10/07/2013 20:49:24.450     10/07/2013 20:49:24.450 *"
"273","10/07/2013 20:49:25.100     10/07/2013 20:49:25.100 *"
"274","10/07/2013 20:49:27.350     10/07/2013 20:49:28.000"
"275","10/07/2013 20:49:31.350     10/07/2013 20:49:31.350 *"
"276","10/07/2013 21:21:23.150     10/07/2013 21:21:23.150 *"
"277","10/07/2013 21:21:23.750     10/07/2013 21:21:29.000"
"278","10/07/2013 21:21:29.650     10/07/2013 21:21:29.650 *"
"279","10/07/2013 21:21:29.750     10/07/2013 21:21:30.000"
"280","10/07/2013 21:21:30.800     10/07/2013 21:21:30.800 *"
"281","10/07/2013 21:21:30.900     10/07/2013 21:21:31.000"
"282","10/07/2013 21:21:31.900     10/07/2013 21:21:31.900 *"
"283","10/07/2013 21:21:32.000     10/07/2013 21:21:32.000 *"
"284","10/07/2013 21:21:32.200     10/07/2013 21:21:37.000"
"285","10/07/2013 21:21:37.250     10/07/2013 21:21:37.250 *"
"286","10/07/2013 21:21:37.750     10/07/2013 21:21:37.750 *"
"287","10/07/2013 21:21:44.300     10/07/2013 21:21:44.300 *"
"288","10/07/2013 21:21:44.400     10/07/2013 21:21:45.000"
"289","10/07/2013 21:21:45.050     10/07/2013 21:21:45.050 *"
"290","10/07/2013 21:21:45.200     10/07/2013 21:21:46.000"
"291","10/07/2013 21:21:46.650     10/07/2013 21:21:47.000"
"292","10/07/2013 21:21:47.850     10/07/2013 21:21:47.850 *"
"293","10/07/2013 21:21:47.950     10/07/2013 21:21:48.000"
"294","10/07/2013 21:21:48.050     10/07/2013 21:21:48.050 *"
"295","10/07/2013 21:21:49.350     10/07/2013 21:21:49.350 *"
"296","10/07/2013 21:21:49.500     10/07/2013 21:21:49.500 *"
"297","10/07/2013 21:21:50.000     10/07/2013 21:21:50.000 *"
"298","10/07/2013 21:21:50.100     10/07/2013 21:21:50.100 *"
"299","10/07/2013 21:21:50.950     10/07/2013 21:21:51.000"
"300","10/07/2013 21:21:51.500     10/07/2013 21:21:53.000"
"301","10/07/2013 21:22:07.650     10/07/2013 21:22:07.650 *"
"302","10/07/2013 21:22:07.850     10/07/2013 21:22:07.850 *"
"303","10/07/2013 21:22:07.950     10/07/2013 21:22:08.000"
"304","10/07/2013 21:22:08.100     10/07/2013 21:22:08.100 *"
"305","10/07/2013 21:22:08.350     10/07/2013 21:22:08.350 *"
"306","10/07/2013 21:22:08.550     10/07/2013 21:22:08.550 *"
"307","10/07/2013 21:22:09.150     10/07/2013 21:22:09.150 *"
"308","10/07/2013 21:22:09.950     10/07/2013 21:22:10.000"
"309","10/07/2013 21:22:10.150     10/07/2013 21:22:10.150 *"
"310","10/07/2013 21:22:14.400     10/07/2013 21:22:40.000"
"311","10/07/2013 21:22:40.300     10/07/2013 21:22:40.300 *"
"312","10/07/2013 21:22:40.600     10/07/2013 21:22:40.600 *"
"313","10/07/2013 21:22:41.150     10/07/2013 21:22:41.150 *"
"314","10/07/2013 21:22:41.450     10/07/2013 21:22:41.450 *"
"315","10/07/2013 21:22:41.550     10/07/2013 21:22:41.550 *"
"316","10/07/2013 21:22:41.950     10/07/2013 21:22:42.000"
"317","10/07/2013 21:22:42.050     10/07/2013 21:22:42.050 *"
"318","10/07/2013 21:22:42.250     10/07/2013 21:22:42.250 *"
"319","10/07/2013 21:22:42.450     10/07/2013 21:22:42.450 *"
"320","10/07/2013 21:22:42.750     10/07/2013 21:22:48.000"
"321","10/07/2013 21:22:48.250     10/07/2013 21:22:48.250 *"
"322","10/07/2013 21:23:02.900     10/07/2013 21:24:19.000"
"323","10/07/2013 21:24:19.750     10/07/2013 21:24:19.750 *"
"324","10/07/2013 21:24:22.400     10/07/2013 21:24:22.400 *"
"325","10/07/2013 21:24:41.150     10/07/2013 21:24:41.150 *"
"326","10/07/2013 21:24:41.850     10/07/2013 21:24:41.850 *"
"327","10/07/2013 21:24:42.650     10/07/2013 21:24:42.650 *"
"328","10/07/2013 21:24:42.850     10/07/2013 21:24:42.850 *"
"329","10/07/2013 21:24:43.800     10/07/2013 21:24:43.800 *"
"330","10/07/2013 21:24:43.950     10/07/2013 21:24:44.000"
"331","10/07/2013 21:24:44.550     10/07/2013 21:24:44.550 *"
"332","10/07/2013 21:24:45.050     10/07/2013 21:24:45.050 *"
"333","10/07/2013 21:24:45.900     10/07/2013 21:24:45.900 *"
"334","10/07/2013 21:24:46.400     10/07/2013 21:24:46.400 *"
"335","10/07/2013 21:24:46.700     10/07/2013 21:24:46.700 *"
"336","10/07/2013 21:24:46.850     10/07/2013 21:24:46.850 *"
"337","10/07/2013 21:24:47.300     10/07/2013 21:24:47.300 *"
"338","10/07/2013 21:24:47.400     10/07/2013 21:24:47.400 *"
"339","10/07/2013 21:24:47.500     10/07/2013 21:24:54.000"
"340","10/07/2013 21:24:54.950     10/07/2013 21:24:55.000"
"341","10/07/2013 21:24:56.500     10/07/2013 21:24:56.500 *"
"342","10/07/2013 21:24:57.950     10/07/2013 21:24:58.000"
"343","10/07/2013 21:24:58.300     10/07/2013 21:24:58.300 *"
"344","10/07/2013 21:24:59.950     10/07/2013 21:25:00.000"
"345","10/07/2013 21:25:00.400     10/07/2013 21:25:22.000"
"346","10/07/2013 21:25:22.400     10/07/2013 21:25:23.000"
"347","10/07/2013 21:25:23.500     10/07/2013 21:25:23.500 *"
"348","10/07/2013 21:25:28.250     10/07/2013 21:25:28.250 *"
"349","10/07/2013 21:25:28.750     10/07/2013 21:29:04.000"
"350","10/07/2013 21:29:58.750     10/07/2013 21:29:59.000"
"351","10/07/2013 21:29:59.800     10/07/2013 21:29:59.800 *"
"352","10/07/2013 21:57:20.100     10/07/2013 21:57:21.000"
"353","10/07/2013 21:57:21.100     10/07/2013 21:57:46.000"
"354","10/07/2013 21:57:46.750     10/07/2013 21:57:47.000"
"355","10/07/2013 21:57:47.200     10/07/2013 21:57:47.200 *"
"356","10/07/2013 21:57:47.350     10/07/2013 21:57:47.350 *"
"357","10/07/2013 21:57:48.850     10/07/2013 21:57:49.000"
"358","10/07/2013 21:57:49.300     10/07/2013 21:57:49.300 *"
"359","10/07/2013 21:57:49.450     10/07/2013 21:57:49.450 *"
"360","10/07/2013 21:57:49.600     10/07/2013 21:57:49.600 *"
"361","10/07/2013 21:57:49.750     10/07/2013 22:22:20.000"
"362","10/07/2013 22:22:20.550     10/07/2013 22:22:21.000"
"363","10/07/2013 22:22:21.250     10/07/2013 22:22:21.250 *"
"364","10/07/2013 22:22:21.450     10/07/2013 22:22:21.450 *"
"365","10/07/2013 22:22:22.100     10/07/2013 22:22:22.100 *"
"366","10/07/2013 22:22:23.750     10/07/2013 22:22:23.750 *"
"367","10/07/2013 22:22:27.300     10/07/2013 22:55:12.000"
"368","10/07/2013 22:55:12.800     10/07/2013 22:55:13.000"
"369","10/07/2013 22:55:13.750     10/07/2013 22:55:13.750 *"
"370","10/07/2013 22:55:13.950     10/07/2013 22:55:14.000"
"371","10/07/2013 22:55:14.200     10/07/2013 22:55:14.200 *"
"372","10/07/2013 22:55:14.400     10/07/2013 22:55:14.400 *"
"373","10/07/2013 22:55:14.600     10/07/2013 22:55:14.600 *"
"374","10/07/2013 22:55:14.900     10/07/2013 22:55:14.900 *"
"375","10/07/2013 22:55:15.450     10/07/2013 22:55:15.450 *"
"376","10/07/2013 22:55:15.700     10/07/2013 22:55:17.000"
"377","10/07/2013 22:55:17.700     10/07/2013 22:55:17.700 *"
"378","10/07/2013 22:55:17.800     10/07/2013 22:55:17.800 *"
"379","10/07/2013 22:55:17.900     10/07/2013 22:55:28.000"
"380","10/07/2013 22:55:29.400     10/07/2013 22:55:29.400 *"
"381","10/07/2013 22:55:29.500     10/07/2013 22:55:29.500 *"
"382","10/07/2013 22:55:30.000     10/07/2013 22:55:33.000"
"383","10/07/2013 22:55:43.750     10/07/2013 22:55:46.000"
"384","10/07/2013 22:55:46.300     10/07/2013 22:56:24.000"
"385","10/07/2013 22:56:24.350     10/07/2013 23:52:35.000"
"386","10/07/2013 23:52:35.950     10/07/2013 23:52:36.000"
"387","10/07/2013 23:52:36.400     10/07/2013 23:52:36.400 *"
"388","10/07/2013 23:52:36.550     10/07/2013 23:52:37.000"
"389","10/07/2013 23:52:37.800     10/07/2013 23:52:38.000"
"390","10/07/2013 23:52:39.000     10/07/2013 23:52:39.000 *"
"391","10/07/2013 23:52:39.450     10/07/2013 23:52:39.450 *"
"392","10/07/2013 23:52:41.850     10/07/2013 23:52:41.850 *"
"393","10/07/2013 23:52:51.050     10/07/2013 23:52:51.050 *"
"394","10/07/2013 23:52:51.250     10/07/2013 23:52:51.250 *"
"395","10/07/2013 23:52:51.650     10/07/2013 23:53:02.000"
"396","10/07/2013 23:53:02.700     10/07/2013 23:53:02.700 *"
"397","10/07/2013 23:53:02.800     10/07/2013 23:53:03.000"
"398","10/07/2013 23:53:03.200     10/07/2013 23:53:03.200 *"
"399","10/07/2013 23:53:03.350     10/07/2013 23:53:03.350 *"
"400","10/07/2013 23:53:03.900     10/07/2013 23:53:03.900 *"
"401","10/07/2013 23:53:04.100     10/07/2013 23:53:04.100 *"
"402","10/07/2013 23:53:11.350     10/07/2013 23:53:11.350 *"
"403","10/07/2013 23:53:11.900     10/07/2013 23:53:11.900 *"
"404","10/07/2013 23:53:12.000     10/07/2013 23:53:12.000 *"
"405","10/07/2013 23:53:12.150     10/07/2013 23:53:13.000"
"406","10/07/2013 23:53:13.600     10/07/2013 23:53:19.000"
"407","10/07/2013 23:53:19.750     10/07/2013 23:53:19.750 *"
"408","10/07/2013 23:53:20.350     10/07/2013 23:53:20.350 *"
"409","10/07/2013 23:53:40.050     10/07/2013 23:53:40.050 *"
"410","10/07/2013 23:53:40.300     10/07/2013 23:53:40.300 *"
"411","10/07/2013 23:53:40.450     10/07/2013 23:53:41.000"
"412","10/07/2013 23:53:42.000     10/07/2013 23:53:43.000"
"413","10/07/2013 23:53:43.600     10/07/2013 23:53:49.000"
"414","10/07/2013 23:53:49.700     10/07/2013 23:53:50.000"
"415","11/07/2013 00:17:37.950     11/07/2013 00:17:38.000"
"416","11/07/2013 00:17:40.250     11/07/2013 00:17:40.250 *"
"417","11/07/2013 00:33:10.200     11/07/2013 00:33:10.200 *"
"418","11/07/2013 00:33:12.050     11/07/2013 00:33:16.000"
"419","11/07/2013 00:36:44.850     11/07/2013 00:36:45.000"
"420","11/07/2013 01:00:02.300     11/07/2013 01:00:12.000"
"421","11/07/2013 01:34:34.550     11/07/2013 01:34:35.000"
"422","11/07/2013 02:13:18.550     11/07/2013 02:13:18.550 *"
"423","11/07/2013 02:13:19.000     11/07/2013 02:15:01.000"
"424","11/07/2013 02:43:06.700     11/07/2013 02:43:07.000"
"425","11/07/2013 02:43:07.800     11/07/2013 02:45:34.000"
"426","11/07/2013 02:45:35.050     11/07/2013 02:45:51.000"
"427","11/07/2013 02:45:58.950     11/07/2013 02:45:59.000"
"428","11/07/2013 02:46:07.800     11/07/2013 02:46:16.000"
"429","11/07/2013 02:50:36.050     11/07/2013 02:50:37.000"
"430","11/07/2013 02:50:37.700     11/07/2013 02:50:42.000"
"431","11/07/2013 02:50:42.950     11/07/2013 02:51:23.000"
"432","11/07/2013 02:51:25.450     11/07/2013 02:52:12.000"
"433","11/07/2013 02:52:12.800     11/07/2013 02:52:14.000"
"434","11/07/2013 02:52:14.200     11/07/2013 02:52:43.000"
"435","11/07/2013 02:52:43.600     11/07/2013 03:00:35.000"
"436","11/07/2013 03:19:14.750     11/07/2013 03:19:14.750 *"
"437","11/07/2013 03:19:15.100     11/07/2013 03:19:15.100 *"
"438","11/07/2013 03:26:44.800     11/07/2013 03:26:47.000"
"439","11/07/2013 03:27:51.000     11/07/2013 03:27:51.000 *"
"440","11/07/2013 03:27:51.350     11/07/2013 03:27:52.000"
"441","11/07/2013 03:27:52.400     11/07/2013 03:27:52.400 *"
"442","11/07/2013 03:27:52.650     11/07/2013 03:27:53.000"
"443","11/07/2013 03:28:32.500     11/07/2013 03:30:50.000"
"444","11/07/2013 03:32:06.250     11/07/2013 03:35:54.000"
"445","11/07/2013 03:35:54.600     11/07/2013 03:35:54.600 *"
"446","11/07/2013 03:36:00.550     11/07/2013 03:41:17.000"
"447","11/07/2013 03:41:31.800     11/07/2013 03:41:59.000"
"448","11/07/2013 03:41:59.250     11/07/2013 03:43:42.000"
"449","11/07/2013 03:43:51.350     11/07/2013 03:46:17.000"
"450","11/07/2013 03:47:14.050     11/07/2013 03:47:14.050 *"
"451","11/07/2013 03:47:43.550     11/07/2013 03:47:43.550 *"
"452","11/07/2013 03:47:54.350     11/07/2013 03:47:54.350 *"
"453","11/07/2013 03:47:55.550     11/07/2013 03:48:10.000"
"454","11/07/2013 03:48:11.150     11/07/2013 03:48:11.150 *"
"455","11/07/2013 03:48:11.450     11/07/2013 03:48:20.000"
"456","11/07/2013 03:48:21.050     11/07/2013 03:48:21.050 *"
"457","11/07/2013 03:48:21.350     11/07/2013 03:48:40.000"
"458","11/07/2013 03:48:41.050     11/07/2013 04:09:53.000"
"459","11/07/2013 04:09:56.750     11/07/2013 04:10:00.000"
"460","11/07/2013 04:10:00.950     11/07/2013 04:10:01.000"
"461","11/07/2013 04:10:01.350     11/07/2013 04:10:01.350 *"
"462","11/07/2013 04:10:01.950     11/07/2013 04:10:03.000"
"463","11/07/2013 04:10:08.450     11/07/2013 04:11:13.000"
"464","11/07/2013 04:11:15.250     11/07/2013 04:11:15.250 *"
"465","11/07/2013 04:11:45.100     11/07/2013 04:11:45.100 *"
"466","11/07/2013 04:11:45.700     11/07/2013 04:11:46.000"
"467","11/07/2013 04:11:46.300     11/07/2013 04:12:00.000"
"468","11/07/2013 04:12:01.450     11/07/2013 04:12:10.000"
"469","11/07/2013 04:19:21.000     11/07/2013 04:19:21.000 *"
"470","11/07/2013 04:19:23.700     11/07/2013 04:19:23.700 *"
"471","11/07/2013 04:19:24.050     11/07/2013 04:19:24.050 *"
"472","11/07/2013 04:19:24.650     11/07/2013 04:19:28.000"
"473","11/07/2013 04:19:29.000     11/07/2013 04:19:29.000 *"
"474","11/07/2013 04:19:29.700     11/07/2013 04:20:37.000"
"475","11/07/2013 04:20:38.850     11/07/2013 04:20:47.000"
"476","11/07/2013 04:20:47.800     11/07/2013 04:20:48.000"
"477","11/07/2013 04:20:48.250     11/07/2013 04:20:48.250 *"
"478","11/07/2013 04:20:48.800     11/07/2013 04:20:48.800 *"
"479","11/07/2013 04:20:49.400     11/07/2013 04:20:50.000"
"480","11/07/2013 04:20:50.200     11/07/2013 04:20:50.200 *"
"481","11/07/2013 04:20:50.600     11/07/2013 04:20:51.000"
"482","11/07/2013 04:20:52.550     11/07/2013 04:20:53.000"
"483","11/07/2013 04:20:53.050     11/07/2013 04:20:58.000"
"484","11/07/2013 04:20:59.100     11/07/2013 04:21:00.000"
"485","11/07/2013 04:21:00.800     11/07/2013 04:21:01.000"
"486","11/07/2013 04:21:02.500     11/07/2013 04:21:02.500 *"
"487","11/07/2013 04:21:02.900     11/07/2013 04:21:03.000"
"488","11/07/2013 04:21:03.150     11/07/2013 04:21:03.150 *"
"489","11/07/2013 04:21:04.400     11/07/2013 04:21:05.000"
"490","11/07/2013 04:21:05.150     11/07/2013 04:21:06.000"
"491","11/07/2013 04:21:06.150     11/07/2013 04:21:06.150 *"
"492","11/07/2013 04:21:06.550     11/07/2013 04:21:08.000"
"493","11/07/2013 04:21:08.950     11/07/2013 04:21:09.000"
"494","11/07/2013 04:21:09.850     11/07/2013 04:21:09.850 *"
"495","11/07/2013 04:21:10.000     11/07/2013 04:21:54.000"
"496","11/07/2013 04:21:54.600     11/07/2013 04:21:54.600 *"
"497","11/07/2013 04:21:54.900     11/07/2013 04:21:55.000"
"498","11/07/2013 04:21:55.650     11/07/2013 04:21:55.650 *"
"499","11/07/2013 04:21:55.850     11/07/2013 04:21:55.850 *"
"500","11/07/2013 04:21:56.200     11/07/2013 04:21:56.200 *"
"501","11/07/2013 04:21:56.300     11/07/2013 04:21:56.300 *"
"502","11/07/2013 04:21:56.600     11/07/2013 04:21:56.600 *"
"503","11/07/2013 04:21:56.750     11/07/2013 04:21:56.750 *"
"504","11/07/2013 04:21:57.050     11/07/2013 04:21:57.050 *"
"505","11/07/2013 04:21:58.050     11/07/2013 04:21:58.050 *"
"506","11/07/2013 04:22:00.050     11/07/2013 04:22:00.050 *"
"507","11/07/2013 04:22:00.750     11/07/2013 04:22:00.750 *"
"508","11/07/2013 04:22:01.250     11/07/2013 04:22:08.000"
"509","11/07/2013 04:22:08.550     11/07/2013 04:22:08.550 *"
"510","11/07/2013 04:22:09.550     11/07/2013 04:22:09.550 *"
"511","11/07/2013 04:22:09.800     11/07/2013 04:22:09.800 *"
"512","11/07/2013 04:22:10.000     11/07/2013 04:22:10.000 *"
"513","11/07/2013 04:22:10.900     11/07/2013 04:22:10.900 *"
"514","11/07/2013 04:22:11.300     11/07/2013 04:22:11.300 *"
"515","11/07/2013 04:22:11.500     11/07/2013 04:22:11.500 *"
"516","11/07/2013 04:22:11.600     11/07/2013 04:22:12.000"
"517","11/07/2013 04:22:12.550     11/07/2013 04:22:13.000"
"518","11/07/2013 04:22:13.200     11/07/2013 04:22:13.200 *"
"519","11/07/2013 04:22:13.550     11/07/2013 04:22:17.000"
"520","11/07/2013 04:22:18.400     11/07/2013 04:22:19.000"
"521","11/07/2013 04:22:20.050     11/07/2013 04:22:22.000"
"522","11/07/2013 04:22:22.650     11/07/2013 04:22:22.650 *"
"523","11/07/2013 04:22:22.800     11/07/2013 04:22:30.000"
"524","11/07/2013 04:22:30.800     11/07/2013 04:22:31.000"
"525","11/07/2013 04:22:31.350     11/07/2013 04:22:31.350 *"
"526","11/07/2013 04:22:35.200     11/07/2013 04:22:35.200 *"
"527","11/07/2013 04:22:35.300     11/07/2013 04:22:36.000"
"528","11/07/2013 04:22:36.400     11/07/2013 04:22:36.400 *"
"529","11/07/2013 04:22:37.050     11/07/2013 04:23:35.000"
"530","11/07/2013 04:23:42.550     11/07/2013 04:23:42.550 *"
"531","11/07/2013 04:26:43.800     11/07/2013 04:26:44.000"
"532","11/07/2013 04:28:24.250     11/07/2013 04:28:25.000"
"533","11/07/2013 04:28:25.150     11/07/2013 04:28:25.150 *"
"534","11/07/2013 04:28:26.000     11/07/2013 04:28:26.000 *"
"535","11/07/2013 04:28:26.300     11/07/2013 04:28:29.000"
"536","11/07/2013 04:28:45.450     11/07/2013 04:28:45.450 *"
"537","11/07/2013 04:28:45.650     11/07/2013 04:28:46.000"
"538","11/07/2013 04:28:46.100     11/07/2013 04:28:46.100 *"
"539","11/07/2013 04:41:06.000     11/07/2013 04:41:06.000 *"
"540","11/07/2013 04:41:06.200     11/07/2013 04:41:06.200 *"
"541","11/07/2013 04:41:06.350     11/07/2013 04:41:06.350 *"
"542","11/07/2013 04:41:06.450     11/07/2013 04:41:06.450 *"
"543","11/07/2013 04:41:06.600     11/07/2013 04:41:06.600 *"
"544","11/07/2013 04:41:06.700     11/07/2013 04:41:09.000"
"545","11/07/2013 04:41:09.100     11/07/2013 04:41:12.000"
"546","11/07/2013 04:41:12.900     11/07/2013 04:41:44.000"
"547","11/07/2013 04:41:45.300     11/07/2013 04:42:18.000"
"548","11/07/2013 04:42:18.800     11/07/2013 04:42:40.000"
"549","11/07/2013 04:46:24.100     11/07/2013 04:46:24.100 *"
"550","11/07/2013 04:46:26.250     11/07/2013 04:46:26.250 *"
"551","11/07/2013 04:46:26.450     11/07/2013 04:46:26.450 *"
"552","11/07/2013 04:46:27.250     11/07/2013 04:46:27.250 *"
"553","11/07/2013 04:46:27.800     11/07/2013 04:46:29.000"
"554","11/07/2013 04:46:30.100     11/07/2013 04:46:33.000"
"555","11/07/2013 04:46:40.450     11/07/2013 04:46:40.450 *"
"556","11/07/2013 04:46:40.700     11/07/2013 04:46:41.000"
"557","11/07/2013 04:46:41.800     11/07/2013 04:46:42.000"
"558","11/07/2013 04:48:00.700     11/07/2013 04:48:02.000"
"559","11/07/2013 04:48:03.750     11/07/2013 04:48:06.000"
"560","11/07/2013 04:49:03.300     11/07/2013 04:49:03.300 *"
"561","11/07/2013 04:49:04.300     11/07/2013 04:49:04.300 *"
"562","11/07/2013 04:49:05.600     11/07/2013 04:49:05.600 *"
"563","11/07/2013 04:49:13.100     11/07/2013 04:49:13.100 *"
"564","11/07/2013 04:49:14.900     11/07/2013 04:49:15.000"
"565","11/07/2013 04:49:15.300     11/07/2013 04:49:17.000"
"566","11/07/2013 04:49:21.200     11/07/2013 04:50:10.000"
"567","11/07/2013 04:50:10.950     11/07/2013 04:50:11.000"
"568","11/07/2013 05:11:57.600     11/07/2013 05:11:58.000"
"569","11/07/2013 05:11:58.750     11/07/2013 05:11:58.750 *"
"570","11/07/2013 05:11:59.150     11/07/2013 05:11:59.150 *"
"571","11/07/2013 05:18:47.750     11/07/2013 05:18:48.000"
"572","11/07/2013 05:18:48.650     11/07/2013 05:18:48.650 *"
"573","11/07/2013 05:26:44.450     11/07/2013 05:26:44.450 *"
"574","11/07/2013 05:26:45.000     11/07/2013 05:26:45.000 *"
"575","11/07/2013 05:26:50.150     11/07/2013 05:26:50.150 *"
"576","11/07/2013 07:34:35.200     11/07/2013 07:34:35.200 *"
"577","11/07/2013 09:02:26.700     11/07/2013 09:02:36.000"
"578","11/07/2013 11:46:44.450     11/07/2013 11:46:45.000"
"579","11/07/2013 11:51:36.600     11/07/2013 11:54:36.000"
"580","11/07/2013 11:57:36.250     11/07/2013 12:11:04.000"
"581","11/07/2013 12:11:04.800     11/07/2013 12:11:05.000"
"582","11/07/2013 12:20:07.400     11/07/2013 12:20:07.400 *"
"583","11/07/2013 12:21:24.600     11/07/2013 12:21:24.600 *"
"584","11/07/2013 12:21:25.500     11/07/2013 12:21:25.500 *"
"585","11/07/2013 12:21:26.250     11/07/2013 12:21:26.250 *"
"586","11/07/2013 12:21:29.000     11/07/2013 12:39:17.000"
"587","11/07/2013 12:39:18.400     11/07/2013 12:39:19.000"
"588","11/07/2013 12:39:19.550     11/07/2013 12:39:19.550 *"
"589","11/07/2013 12:39:22.950     11/07/2013 12:39:23.000"
"590","11/07/2013 12:39:23.050     11/07/2013 12:39:27.000"
"591","11/07/2013 12:39:27.150     11/07/2013 12:39:27.150 *"
"592","11/07/2013 12:39:27.300     11/07/2013 12:39:27.300 *"
"593","11/07/2013 12:39:31.300     11/07/2013 12:39:58.000"
"594","11/07/2013 12:39:59.500     11/07/2013 12:40:00.000"
"595","11/07/2013 12:40:01.650     11/07/2013 12:40:01.650 *"
"596","11/07/2013 12:40:02.700     11/07/2013 12:40:03.000"
"597","11/07/2013 12:40:09.750     11/07/2013 12:40:10.000"
"598","11/07/2013 12:40:10.800     11/07/2013 12:40:11.000"
"599","11/07/2013 12:40:11.100     11/07/2013 12:40:11.100 *"
"600","11/07/2013 12:40:12.750     11/07/2013 12:40:13.000"
"601","11/07/2013 12:40:17.650     11/07/2013 12:40:17.650 *"
"602","11/07/2013 12:40:19.100     11/07/2013 12:40:19.100 *"
"603","11/07/2013 13:21:54.050     11/07/2013 13:21:54.050 *"
"604","11/07/2013 13:40:40.500     11/07/2013 13:40:40.500 *"
"605","11/07/2013 13:49:48.200     11/07/2013 13:49:59.000"
"606","11/07/2013 14:23:22.300     11/07/2013 14:23:23.000"
"607","11/07/2013 14:23:23.750     11/07/2013 14:23:23.750 *"
"608","11/07/2013 14:35:18.900     11/07/2013 14:35:20.000"
"609","11/07/2013 14:39:36.300     11/07/2013 14:39:36.300 *"
"610","11/07/2013 16:18:50.350     11/07/2013 16:18:50.350 *"
"611","11/07/2013 16:18:50.750     11/07/2013 16:25:08.000"
"612","11/07/2013 16:25:08.250     11/07/2013 16:25:08.250 *"
"613","11/07/2013 16:25:08.900     11/07/2013 16:26:22.000"
"614","11/07/2013 16:26:22.750     11/07/2013 16:27:12.000"
"615","11/07/2013 16:27:14.150     11/07/2013 16:27:59.000"
"616","11/07/2013 16:28:00.250     11/07/2013 16:28:00.250 *"
"617","11/07/2013 16:28:04.950     11/07/2013 16:28:05.000"
"618","11/07/2013 16:28:05.150     11/07/2013 16:28:12.000"
"619","11/07/2013 16:28:12.700     11/07/2013 16:29:08.000"
"620","11/07/2013 16:29:14.700     11/07/2013 16:29:15.000"
"621","11/07/2013 16:29:15.250     11/07/2013 16:29:15.250 *"
"622","11/07/2013 16:29:17.400     11/07/2013 16:29:24.000"
"623","11/07/2013 16:29:26.100     11/07/2013 16:29:27.000"
"624","11/07/2013 16:34:03.550     11/07/2013 16:34:03.550 *"
"625","11/07/2013 16:34:05.900     11/07/2013 16:34:06.000"
"626","11/07/2013 16:34:07.850     11/07/2013 16:34:08.000"
"627","11/07/2013 16:46:04.300     11/07/2013 16:46:04.300 *"
"628","11/07/2013 16:46:04.700     11/07/2013 16:46:05.000"
"629","11/07/2013 16:46:05.650     11/07/2013 16:46:16.000"
"630","11/07/2013 16:46:17.150     11/07/2013 16:46:17.150 *"
"631","11/07/2013 16:46:35.650     11/07/2013 16:46:37.000"
"632","11/07/2013 16:46:37.800     11/07/2013 16:46:38.000"
"633","11/07/2013 16:46:39.200     11/07/2013 16:46:39.200 *"
"634","11/07/2013 16:46:40.250     11/07/2013 16:46:40.250 *"
"635","11/07/2013 16:47:26.100     11/07/2013 16:47:26.100 *"
"636","11/07/2013 16:47:39.550     11/07/2013 16:47:40.000"
"637","11/07/2013 16:47:44.950     11/07/2013 16:47:45.000"
"638","11/07/2013 16:47:45.150     11/07/2013 16:47:45.150 *"
"639","11/07/2013 16:47:45.650     11/07/2013 16:47:45.650 *"
"640","11/07/2013 16:47:46.100     11/07/2013 16:47:46.100 *"
"641","11/07/2013 16:47:50.400     11/07/2013 16:47:50.400 *"
"642","11/07/2013 16:48:10.450     11/07/2013 16:48:12.000"
"643","11/07/2013 16:48:12.450     11/07/2013 16:48:13.000"
"644","11/07/2013 16:48:14.050     11/07/2013 16:48:15.000"
"645","11/07/2013 16:48:16.000     11/07/2013 16:48:18.000"
"646","11/07/2013 16:48:18.250     11/07/2013 16:48:18.250 *"
"647","11/07/2013 16:48:19.150     11/07/2013 16:48:23.000"
"648","11/07/2013 16:48:24.700     11/07/2013 16:48:25.000"
"649","11/07/2013 16:48:27.350     11/07/2013 16:51:19.000"
"650","11/07/2013 16:52:21.100     11/07/2013 16:52:21.100 *"
"651","11/07/2013 16:52:21.350     11/07/2013 16:52:21.350 *"
"652","11/07/2013 16:52:21.500     11/07/2013 16:52:21.500 *"
"653","11/07/2013 16:52:21.700     11/07/2013 16:52:21.700 *"
"654","11/07/2013 16:52:22.050     11/07/2013 16:52:22.050 *"
"655","11/07/2013 16:53:38.850     11/07/2013 16:53:38.850 *"
"656","11/07/2013 16:53:57.000     11/07/2013 16:53:57.000 *"
"657","11/07/2013 16:53:57.650     11/07/2013 16:53:57.650 *"
"658","11/07/2013 16:53:57.950     11/07/2013 16:53:58.000"
"659","11/07/2013 16:54:20.400     11/07/2013 16:54:22.000"
"660","11/07/2013 16:54:36.850     11/07/2013 16:54:39.000"
"661","11/07/2013 16:54:46.650     11/07/2013 16:54:46.650 *"
"662","11/07/2013 16:54:56.500     11/07/2013 16:54:57.000"
"663","11/07/2013 16:54:57.550     11/07/2013 16:55:00.000"
"664","11/07/2013 16:55:00.850     11/07/2013 16:55:01.000"
"665","11/07/2013 16:55:13.600     11/07/2013 16:55:17.000"
"666","11/07/2013 16:55:18.200     11/07/2013 16:55:19.000"
"667","11/07/2013 16:55:24.400     11/07/2013 16:55:59.000"
"668","11/07/2013 16:55:59.850     11/07/2013 16:56:00.000"
"669","11/07/2013 16:56:00.300     11/07/2013 16:56:01.000"
"670","11/07/2013 16:56:07.850     11/07/2013 16:56:57.000"
"671","11/07/2013 16:56:58.700     11/07/2013 16:57:14.000"
"672","11/07/2013 16:57:14.300     11/07/2013 16:57:22.000"
"673","11/07/2013 16:57:25.100     11/07/2013 16:57:34.000"
"674","11/07/2013 17:09:07.750     11/07/2013 17:09:07.750 *"
"675","11/07/2013 17:09:08.100     11/07/2013 17:09:08.100 *"
"676","11/07/2013 17:09:08.200     11/07/2013 17:09:08.200 *"
"677","11/07/2013 17:09:08.450     11/07/2013 17:09:08.450 *"
"678","11/07/2013 17:09:08.550     11/07/2013 17:10:02.000"
"679","11/07/2013 17:10:03.150     11/07/2013 17:10:03.150 *"
"680","11/07/2013 17:10:04.350     11/07/2013 17:10:05.000"
"681","11/07/2013 17:10:07.650     11/07/2013 17:10:07.650 *"
"682","11/07/2013 17:10:07.950     11/07/2013 17:10:08.000"
"683","11/07/2013 17:11:01.750     11/07/2013 17:11:01.750 *"
"684","11/07/2013 17:11:05.250     11/07/2013 17:11:05.250 *"
"685","11/07/2013 17:12:49.100     11/07/2013 17:13:23.000"
"686","11/07/2013 18:20:01.650     11/07/2013 18:20:01.650 *"
"687","11/07/2013 18:20:02.250     11/07/2013 18:20:02.250 *"
"688","11/07/2013 23:36:04.750     11/07/2013 23:36:04.750 *"
"689","11/07/2013 23:36:06.750     11/07/2013 23:36:07.000"
"690","11/07/2013 23:40:55.300     11/07/2013 23:40:55.300 *"
"691","11/07/2013 23:40:55.750     11/07/2013 23:41:33.000"
"692","12/07/2013 01:12:56.700     12/07/2013 01:12:58.000"
"693","12/07/2013 01:13:04.500     12/07/2013 01:13:09.000"
"694","12/07/2013 01:13:09.400     12/07/2013 01:13:10.000"
"695","12/07/2013 01:13:12.000     12/07/2013 01:13:12.000 *"
"696","12/07/2013 01:13:12.350     12/07/2013 01:13:13.000"
"697","12/07/2013 01:13:13.600     12/07/2013 01:13:13.600 *"
"698","12/07/2013 01:13:14.000     12/07/2013 01:13:48.000"
"699","12/07/2013 01:15:28.000     12/07/2013 01:15:28.000 *"
"700","12/07/2013 01:15:28.800     12/07/2013 01:15:41.000"
"701","12/07/2013 01:15:42.050     12/07/2013 01:15:57.000"
"702","12/07/2013 01:15:59.800     12/07/2013 01:16:25.000"
"703","12/07/2013 01:16:25.900     12/07/2013 01:16:26.000"
"704","12/07/2013 01:16:27.850     12/07/2013 01:16:28.000"
"705","12/07/2013 01:16:28.200     12/07/2013 01:16:28.200 *"
"706","12/07/2013 01:16:28.400     12/07/2013 01:16:28.400 *"
"707","12/07/2013 02:01:33.650     12/07/2013 02:01:33.650 *"
"708","12/07/2013 03:37:01.100     12/07/2013 03:37:01.100 *"
"709","12/07/2013 04:29:37.200     12/07/2013 04:29:37.200 *"
"710","12/07/2013 05:26:45.650     12/07/2013 05:26:46.000"
"711","12/07/2013 05:26:46.450     12/07/2013 05:31:36.000"
"712","12/07/2013 08:36:09.900     12/07/2013 08:36:10.000"
"713","12/07/2013 08:36:11.050     12/07/2013 08:36:11.050 *"
"714","12/07/2013 08:36:12.200     12/07/2013 08:36:14.000"
"715","12/07/2013 09:10:00.150     12/07/2013 09:10:00.150 *"
"716","12/07/2013 16:33:38.000     12/07/2013 16:33:38.000 *"
"717","12/07/2013 16:33:38.550     12/07/2013 16:33:38.550 *"
"718","12/07/2013 16:33:39.150     12/07/2013 16:33:39.150 *"
"719","12/07/2013 16:52:52.400     12/07/2013 16:52:52.400 *"
"720","12/07/2013 17:22:57.450     12/07/2013 17:22:57.450 *"
"721","12/07/2013 17:22:57.800     12/07/2013 17:22:57.800 *"
"722","12/07/2013 20:48:53.200     12/07/2013 21:47:24.000"
"723","12/07/2013 21:47:24.250     12/07/2013 21:50:25.000"
"724","12/07/2013 21:50:25.300     12/07/2013 21:50:25.300 *"
"725","12/07/2013 21:50:26.050     12/07/2013 21:50:35.000"
"726","12/07/2013 21:50:36.600     12/07/2013 21:50:36.600 *"
"727","12/07/2013 21:50:37.500     12/07/2013 21:50:38.000"
"728","12/07/2013 21:50:42.500     12/07/2013 22:48:38.000"
"729","12/07/2013 22:48:38.300     12/07/2013 22:48:38.300 *"
"730","12/07/2013 22:48:38.450     12/07/2013 22:48:38.450 *"
"731","12/07/2013 22:48:38.700     12/07/2013 22:48:38.700 *"
"732","12/07/2013 22:48:38.950     12/07/2013 22:48:43.000"
"733","12/07/2013 22:48:43.100     12/07/2013 22:48:43.100 *"
"734","12/07/2013 22:48:43.750     12/07/2013 22:48:43.750 *"
"735","12/07/2013 22:48:43.850     12/07/2013 22:48:43.850 *"
"736","12/07/2013 22:48:44.350     12/07/2013 22:48:44.350 *"
"737","12/07/2013 22:48:44.500     12/07/2013 22:48:44.500 *"
"738","12/07/2013 22:48:51.350     12/07/2013 22:48:51.350 *"
"739","12/07/2013 22:48:51.500     12/07/2013 22:48:51.500 *"
"740","12/07/2013 22:48:51.850     12/07/2013 22:48:51.850 *"
"741","12/07/2013 22:48:51.950     12/07/2013 22:48:52.000"
"742","12/07/2013 22:48:52.250     12/07/2013 22:49:58.000"
"743","12/07/2013 22:50:08.200     12/07/2013 22:50:12.000"
"744","12/07/2013 23:08:22.900     12/07/2013 23:08:23.000"
"745","12/07/2013 23:16:26.350     12/07/2013 23:16:36.000"
"746","12/07/2013 23:16:37.300     12/07/2013 23:16:38.000"
"747","12/07/2013 23:16:38.250     12/07/2013 23:16:38.250 *"
"748","12/07/2013 23:16:39.200     12/07/2013 23:16:41.000"
"749","12/07/2013 23:16:41.750     12/07/2013 23:16:43.000"
"750","12/07/2013 23:16:48.800     12/07/2013 23:16:48.800 *"
"751","12/07/2013 23:16:50.050     12/07/2013 23:23:57.000"
"752","12/07/2013 23:23:57.550     12/07/2013 23:23:57.550 *"
"753","12/07/2013 23:23:57.800     12/07/2013 23:23:58.000"
"754","12/07/2013 23:24:25.850     12/07/2013 23:24:26.000"
"755","12/07/2013 23:24:26.650     12/07/2013 23:24:26.650 *"
"756","12/07/2013 23:24:32.550     12/07/2013 23:24:35.000"
"757","12/07/2013 23:24:35.700     12/07/2013 23:24:40.000"
"758","12/07/2013 23:24:41.300     12/07/2013 23:25:43.000"
"759","12/07/2013 23:25:43.650     12/07/2013 23:25:43.650 *"
"760","12/07/2013 23:25:45.500     12/07/2013 23:25:45.500 *"
"761","12/07/2013 23:25:46.050     12/07/2013 23:25:46.050 *"
"762","12/07/2013 23:25:47.400     12/07/2013 23:25:47.400 *"
"763","12/07/2013 23:25:47.700     12/07/2013 23:25:48.000"
"764","12/07/2013 23:25:48.750     12/07/2013 23:26:01.000"
"765","12/07/2013 23:26:01.400     12/07/2013 23:26:01.400 *"
"766","12/07/2013 23:26:01.650     12/07/2013 23:26:03.000"
"767","12/07/2013 23:26:03.550     12/07/2013 23:26:03.550 *"
"768","12/07/2013 23:26:03.800     12/07/2013 23:26:04.000"
"769","12/07/2013 23:26:04.550     12/07/2013 23:26:04.550 *"
"770","12/07/2013 23:26:05.350     12/07/2013 23:26:05.350 *"
"771","12/07/2013 23:26:05.600     12/07/2013 23:26:05.600 *"
"772","12/07/2013 23:26:05.900     12/07/2013 23:26:06.000"
"773","12/07/2013 23:26:06.400     12/07/2013 23:26:06.400 *"
"774","12/07/2013 23:26:06.750     12/07/2013 23:26:06.750 *"
"775","12/07/2013 23:26:07.050     12/07/2013 23:26:07.050 *"
"776","12/07/2013 23:26:07.550     12/07/2013 23:26:07.550 *"
"777","12/07/2013 23:26:08.150     12/07/2013 23:26:09.000"
"778","12/07/2013 23:26:09.600     12/07/2013 23:26:13.000"
"779","12/07/2013 23:26:13.700     12/07/2013 23:26:15.000"
"780","12/07/2013 23:26:15.600     12/07/2013 23:26:15.600 *"
"781","12/07/2013 23:26:16.100     12/07/2013 23:26:18.000"
"782","12/07/2013 23:26:18.350     12/07/2013 23:27:00.000"
"783","12/07/2013 23:27:01.050     12/07/2013 23:27:02.000"
"784","12/07/2013 23:27:05.600     12/07/2013 23:27:16.000"
"785","12/07/2013 23:27:16.850     12/07/2013 23:27:17.000"
"786","12/07/2013 23:27:17.900     12/07/2013 23:27:24.000"
"787","12/07/2013 23:27:24.250     12/07/2013 23:27:25.000"
"788","12/07/2013 23:27:25.800     12/07/2013 23:27:26.000"
"789","12/07/2013 23:27:27.000     12/07/2013 23:27:27.000 *"
"790","12/07/2013 23:27:28.000     12/07/2013 23:27:28.000 *"
"791","12/07/2013 23:27:28.100     12/07/2013 23:27:28.100 *"
"792","12/07/2013 23:27:28.400     12/07/2013 23:27:31.000"
"793","12/07/2013 23:27:31.750     12/07/2013 23:27:32.000"
"794","12/07/2013 23:27:32.250     12/07/2013 23:27:32.250 *"
"795","12/07/2013 23:27:32.900     12/07/2013 23:27:34.000"
"796","12/07/2013 23:27:35.100     12/07/2013 23:27:35.100 *"
"797","12/07/2013 23:27:48.250     12/07/2013 23:27:48.250 *"
"798","12/07/2013 23:27:48.350     12/07/2013 23:27:48.350 *"
"799","12/07/2013 23:27:49.550     12/07/2013 23:28:09.000"
"800","12/07/2013 23:28:10.550     12/07/2013 23:28:12.000"
"801","12/07/2013 23:28:12.500     12/07/2013 23:28:12.500 *"
"802","12/07/2013 23:28:13.000     12/07/2013 23:28:13.000 *"
"803","12/07/2013 23:28:14.100     12/07/2013 23:28:19.000"
"804","12/07/2013 23:28:38.400     12/07/2013 23:28:52.000"
"805","12/07/2013 23:28:52.450     12/07/2013 23:29:10.000"
"806","12/07/2013 23:29:10.100     12/07/2013 23:29:10.100 *"
"807","12/07/2013 23:29:10.500     12/07/2013 23:29:10.500 *"
"808","12/07/2013 23:29:10.650     12/07/2013 23:29:10.650 *"
"809","12/07/2013 23:29:12.350     12/07/2013 23:29:12.350 *"
"810","12/07/2013 23:52:58.100     12/07/2013 23:52:58.100 *"
"811","12/07/2013 23:53:01.450     12/07/2013 23:53:06.000"
"812","12/07/2013 23:53:07.450     12/07/2013 23:53:07.450 *"
"813","12/07/2013 23:53:16.850     12/07/2013 23:53:18.000"
"814","12/07/2013 23:53:18.700     12/07/2013 23:53:21.000"
"815","12/07/2013 23:53:22.400     12/07/2013 23:53:22.400 *"
"816","12/07/2013 23:53:22.950     12/07/2013 23:53:26.000"
"817","12/07/2013 23:53:27.000     12/07/2013 23:53:47.000"
"818","12/07/2013 23:53:47.300     12/07/2013 23:54:10.000"
"819","12/07/2013 23:54:15.850     12/07/2013 23:54:16.000"
"820","12/07/2013 23:54:22.650     12/07/2013 23:54:22.650 *"
"821","12/07/2013 23:54:23.000     12/07/2013 23:54:23.000 *"
"822","12/07/2013 23:54:25.050     12/07/2013 23:54:25.050 *"
"823","13/07/2013 00:02:21.600     13/07/2013 00:02:25.000"
"824","13/07/2013 00:02:25.700     13/07/2013 00:02:25.700 *"
"825","13/07/2013 00:02:26.050     13/07/2013 00:02:26.050 *"
"826","13/07/2013 00:02:27.300     13/07/2013 00:02:28.000"
"827","13/07/2013 00:02:33.200     13/07/2013 00:02:33.200 *"
"828","13/07/2013 00:27:35.550     13/07/2013 00:27:35.550 *"
"829","13/07/2013 00:27:36.200     13/07/2013 00:27:42.000"
"830","13/07/2013 00:27:45.150     13/07/2013 00:27:49.000"
"831","13/07/2013 00:27:50.100     13/07/2013 00:27:50.100 *"
"832","13/07/2013 00:27:50.350     13/07/2013 00:27:50.350 *"
"833","13/07/2013 00:27:50.900     13/07/2013 00:27:51.000"
"834","13/07/2013 00:27:51.550     13/07/2013 00:27:51.550 *"
"835","13/07/2013 00:27:52.000     13/07/2013 00:27:52.000 *"
"836","13/07/2013 00:27:52.250     13/07/2013 00:27:52.250 *"
"837","13/07/2013 00:27:53.100     13/07/2013 00:27:54.000"
"838","13/07/2013 00:27:57.050     13/07/2013 00:28:05.000"
"839","13/07/2013 00:28:06.050     13/07/2013 00:28:08.000"
"840","13/07/2013 00:28:30.350     13/07/2013 00:28:31.000"
"841","13/07/2013 00:28:38.600     13/07/2013 00:28:38.600 *"
"842","13/07/2013 00:28:40.050     13/07/2013 00:28:43.000"
"843","13/07/2013 00:28:44.050     13/07/2013 00:28:44.050 *"
"844","13/07/2013 00:28:44.250     13/07/2013 00:28:46.000"
"845","13/07/2013 00:28:46.550     13/07/2013 00:28:48.000"
"846","13/07/2013 00:28:51.250     13/07/2013 00:28:54.000"
"847","13/07/2013 00:28:54.700     13/07/2013 00:28:55.000"
"848","13/07/2013 00:28:55.550     13/07/2013 00:28:56.000"
"849","13/07/2013 00:29:03.450     13/07/2013 00:29:03.450 *"
"850","13/07/2013 00:29:03.650     13/07/2013 00:29:03.650 *"
"851","13/07/2013 00:29:03.800     13/07/2013 00:29:03.800 *"
"852","13/07/2013 00:29:04.550     13/07/2013 00:29:09.000"
"853","13/07/2013 00:29:10.100     13/07/2013 00:29:11.000"
"854","13/07/2013 00:29:11.950     13/07/2013 00:29:12.000"
"855","13/07/2013 00:29:12.700     13/07/2013 00:29:13.000"
"856","13/07/2013 00:29:14.800     13/07/2013 00:29:15.000"
"857","13/07/2013 00:29:15.200     13/07/2013 00:29:15.200 *"
"858","13/07/2013 00:29:16.100     13/07/2013 00:29:21.000"
"859","13/07/2013 00:29:21.300     13/07/2013 00:29:21.300 *"
"860","13/07/2013 00:29:23.500     13/07/2013 00:29:34.000"
"861","13/07/2013 00:29:34.700     13/07/2013 00:29:35.000"
"862","13/07/2013 00:29:35.250     13/07/2013 00:29:35.250 *"
"863","13/07/2013 00:29:35.650     13/07/2013 00:29:37.000"
"864","13/07/2013 00:29:37.800     13/07/2013 00:29:38.000"
"865","13/07/2013 00:29:45.900     13/07/2013 00:29:52.000"
"866","13/07/2013 00:29:52.150     13/07/2013 00:29:52.150 *"
"867","13/07/2013 00:29:53.250     13/07/2013 00:29:54.000"
"868","13/07/2013 00:29:55.100     13/07/2013 00:29:55.100 *"
"869","13/07/2013 00:29:56.050     13/07/2013 00:29:56.050 *"
"870","13/07/2013 00:30:01.350     13/07/2013 00:30:01.350 *"
"871","13/07/2013 00:30:02.400     13/07/2013 00:30:11.000"
"872","13/07/2013 00:30:11.550     13/07/2013 00:30:12.000"
"873","13/07/2013 00:30:12.900     13/07/2013 00:30:13.000"
"874","13/07/2013 00:30:13.500     13/07/2013 00:30:14.000"
"875","13/07/2013 00:30:14.250     13/07/2013 00:30:14.250 *"
"876","13/07/2013 00:30:15.450     13/07/2013 00:30:18.000"
"877","13/07/2013 00:30:18.850     13/07/2013 00:30:19.000"
"878","13/07/2013 00:30:19.600     13/07/2013 00:30:35.000"
"879","13/07/2013 00:30:35.950     13/07/2013 00:30:36.000"
"880","13/07/2013 00:30:36.800     13/07/2013 00:30:45.000"
"881","13/07/2013 00:30:48.700     13/07/2013 00:31:16.000"
"882","13/07/2013 00:31:17.450     13/07/2013 00:33:52.000"
"883","13/07/2013 00:33:52.400     13/07/2013 00:34:15.000"
"884","13/07/2013 00:34:15.550     13/07/2013 00:34:18.000"
"885","13/07/2013 00:34:21.400     13/07/2013 00:34:23.000"
"886","13/07/2013 00:34:25.450     13/07/2013 00:34:25.450 *"
"887","13/07/2013 00:34:26.000     13/07/2013 00:34:47.000"
"888","13/07/2013 00:34:48.050     13/07/2013 00:34:53.000"
"889","13/07/2013 00:34:53.650     13/07/2013 00:35:39.000"
"890","13/07/2013 00:35:39.150     13/07/2013 00:35:40.000"
"891","13/07/2013 00:35:40.100     13/07/2013 00:36:48.000"
"892","13/07/2013 00:59:33.300     13/07/2013 00:59:33.300 *"
"893","13/07/2013 00:59:38.600     13/07/2013 00:59:38.600 *"
"894","13/07/2013 00:59:39.300     13/07/2013 00:59:40.000"
"895","13/07/2013 00:59:40.350     13/07/2013 00:59:40.350 *"
"896","13/07/2013 00:59:42.600     13/07/2013 00:59:42.600 *"
"897","13/07/2013 00:59:42.700     13/07/2013 00:59:42.700 *"
"898","13/07/2013 00:59:43.750     13/07/2013 00:59:44.000"
"899","13/07/2013 01:00:01.450     13/07/2013 01:00:01.450 *"
"900","13/07/2013 01:00:01.950     13/07/2013 01:00:02.000"
"901","13/07/2013 01:00:02.450     13/07/2013 01:00:03.000"
"902","13/07/2013 01:00:05.950     13/07/2013 01:00:06.000"
"903","13/07/2013 01:00:06.550     13/07/2013 01:00:06.550 *"
"904","13/07/2013 01:00:09.100     13/07/2013 01:00:09.100 *"
"905","13/07/2013 01:00:09.350     13/07/2013 01:00:09.350 *"
"906","13/07/2013 01:00:09.500     13/07/2013 01:00:09.500 *"
"907","13/07/2013 01:00:10.550     13/07/2013 01:00:10.550 *"
"908","13/07/2013 01:00:12.050     13/07/2013 01:00:21.000"
"909","13/07/2013 01:00:23.000     13/07/2013 01:00:23.000 *"
"910","13/07/2013 01:00:25.850     13/07/2013 01:00:26.000"
"911","13/07/2013 01:00:32.550     13/07/2013 01:00:32.550 *"
"912","13/07/2013 01:00:33.300     13/07/2013 01:00:33.300 *"
"913","13/07/2013 01:00:33.600     13/07/2013 01:00:33.600 *"
"914","13/07/2013 01:00:36.900     13/07/2013 01:00:36.900 *"
"915","13/07/2013 01:01:02.200     13/07/2013 01:01:02.200 *"
"916","13/07/2013 01:01:03.250     13/07/2013 01:01:03.250 *"
"917","13/07/2013 01:01:03.650     13/07/2013 01:01:03.650 *"
"918","13/07/2013 01:01:03.950     13/07/2013 01:01:04.000"
"919","13/07/2013 01:01:05.000     13/07/2013 01:01:05.000 *"
"920","13/07/2013 01:01:05.750     13/07/2013 01:01:08.000"
"921","13/07/2013 01:01:08.650     13/07/2013 01:01:09.000"
"922","13/07/2013 01:01:12.100     13/07/2013 01:01:13.000"
"923","13/07/2013 01:01:19.700     13/07/2013 01:01:20.000"
"924","13/07/2013 01:01:22.050     13/07/2013 01:01:22.050 *"
"925","13/07/2013 01:01:22.950     13/07/2013 01:01:23.000"
"926","13/07/2013 01:01:25.650     13/07/2013 01:01:26.000"
"927","13/07/2013 01:01:32.100     13/07/2013 01:01:32.100 *"
"928","13/07/2013 01:01:40.750     13/07/2013 01:01:40.750 *"
"929","13/07/2013 01:01:43.800     13/07/2013 01:01:44.000"
"930","13/07/2013 01:01:44.450     13/07/2013 01:01:44.450 *"
"931","13/07/2013 01:01:47.200     13/07/2013 01:01:47.200 *"
"932","13/07/2013 01:01:48.750     13/07/2013 01:01:49.000"
"933","13/07/2013 01:01:51.400     13/07/2013 01:01:51.400 *"
"934","13/07/2013 01:01:56.300     13/07/2013 01:01:56.300 *"
"935","13/07/2013 01:02:01.950     13/07/2013 01:02:02.000"
"936","13/07/2013 01:02:04.750     13/07/2013 01:02:04.750 *"
"937","13/07/2013 01:02:08.200     13/07/2013 01:02:08.200 *"
"938","13/07/2013 01:02:08.600     13/07/2013 01:02:09.000"
"939","13/07/2013 01:02:09.300     13/07/2013 01:02:10.000"
"940","13/07/2013 01:02:13.800     13/07/2013 01:02:13.800 *"
"941","13/07/2013 01:02:14.200     13/07/2013 01:02:14.200 *"
"942","13/07/2013 01:02:15.000     13/07/2013 01:02:15.000 *"
"943","13/07/2013 01:02:30.150     13/07/2013 01:02:30.150 *"
"944","13/07/2013 01:02:31.350     13/07/2013 01:02:31.350 *"
"945","13/07/2013 01:02:35.350     13/07/2013 01:02:35.350 *"
"946","13/07/2013 01:02:35.450     13/07/2013 01:02:35.450 *"
"947","13/07/2013 01:02:40.500     13/07/2013 01:02:40.500 *"
"948","13/07/2013 01:02:43.950     13/07/2013 01:02:44.000"
"949","13/07/2013 01:02:45.300     13/07/2013 01:02:46.000"
"950","13/07/2013 01:02:46.050     13/07/2013 01:02:46.050 *"
"951","13/07/2013 01:02:50.950     13/07/2013 01:02:51.000"
"952","13/07/2013 01:02:51.800     13/07/2013 01:02:51.800 *"
"953","13/07/2013 01:02:53.500     13/07/2013 01:02:53.500 *"
"954","13/07/2013 01:02:53.600     13/07/2013 01:02:53.600 *"
"955","13/07/2013 01:02:55.600     13/07/2013 01:02:56.000"
"956","13/07/2013 01:02:56.900     13/07/2013 01:02:58.000"
"957","13/07/2013 01:04:20.800     13/07/2013 01:04:21.000"
"958","13/07/2013 01:04:30.150     13/07/2013 01:04:30.150 *"
"959","13/07/2013 01:04:50.750     13/07/2013 01:04:50.750 *"
"960","13/07/2013 01:04:58.750     13/07/2013 01:04:58.750 *"
"961","13/07/2013 01:04:58.950     13/07/2013 01:04:59.000"
"962","13/07/2013 01:05:00.150     13/07/2013 01:05:00.150 *"
"963","13/07/2013 01:05:00.950     13/07/2013 01:05:01.000"
"964","13/07/2013 01:05:01.450     13/07/2013 01:05:03.000"
"965","13/07/2013 01:05:03.500     13/07/2013 01:05:04.000"
"966","13/07/2013 01:07:15.950     13/07/2013 01:07:16.000"
"967","13/07/2013 01:07:16.700     13/07/2013 01:07:19.000"
"968","13/07/2013 01:07:20.550     13/07/2013 01:07:21.000"
"969","13/07/2013 01:07:26.350     13/07/2013 01:07:33.000"
"970","13/07/2013 01:07:34.800     13/07/2013 01:07:42.000"
"971","13/07/2013 01:07:43.300     13/07/2013 01:07:43.300 *"
"972","13/07/2013 01:07:48.450     13/07/2013 01:07:48.450 *"
"973","13/07/2013 01:07:48.850     13/07/2013 01:07:48.850 *"
"974","13/07/2013 01:08:05.200     13/07/2013 01:08:05.200 *"
"975","13/07/2013 01:08:05.350     13/07/2013 01:08:06.000"
"976","13/07/2013 01:08:29.400     13/07/2013 01:08:30.000"
"977","13/07/2013 01:08:31.000     13/07/2013 01:08:31.000 *"
"978","13/07/2013 01:08:32.250     13/07/2013 01:09:23.000"
"979","13/07/2013 01:09:24.050     13/07/2013 01:09:26.000"
"980","13/07/2013 01:09:26.500     13/07/2013 01:09:26.500 *"
"981","13/07/2013 01:10:56.700     13/07/2013 01:10:56.700 *"
"982","13/07/2013 01:10:56.850     13/07/2013 01:10:56.850 *"
"983","13/07/2013 01:11:20.050     13/07/2013 01:11:20.050 *"
"984","13/07/2013 01:11:23.550     13/07/2013 01:11:23.550 *"
"985","13/07/2013 01:11:24.800     13/07/2013 01:11:29.000"
"986","13/07/2013 01:11:29.300     13/07/2013 01:11:35.000"
"987","13/07/2013 01:22:01.100     13/07/2013 01:22:01.100 *"
"988","13/07/2013 01:22:02.250     13/07/2013 01:22:02.250 *"
"989","13/07/2013 01:22:18.550     13/07/2013 01:22:51.000"
"990","13/07/2013 01:22:59.750     13/07/2013 01:23:02.000"
"991","13/07/2013 01:23:02.600     13/07/2013 01:24:05.000"
"992","13/07/2013 01:24:06.750     13/07/2013 01:24:10.000"
"993","13/07/2013 01:24:11.250     13/07/2013 01:24:12.000"
"994","13/07/2013 01:24:13.250     13/07/2013 01:24:13.250 *"
"995","13/07/2013 01:24:13.450     13/07/2013 01:24:14.000"
"996","13/07/2013 01:24:14.300     13/07/2013 01:24:23.000"
"997","13/07/2013 01:24:23.450     13/07/2013 01:24:30.000"
"998","13/07/2013 01:24:30.600     13/07/2013 01:24:48.000"
"999","13/07/2013 01:24:49.250     13/07/2013 01:24:49.250 *"
"1000","13/07/2013 01:24:51.400     13/07/2013 01:24:51.400 *"
"1001","13/07/2013 01:24:51.950     13/07/2013 01:24:52.000"
"1002","13/07/2013 01:24:52.850     13/07/2013 01:24:52.850 *"
"1003","13/07/2013 01:24:53.800     13/07/2013 01:24:57.000"
"1004","13/07/2013 01:24:57.350     13/07/2013 01:24:58.000"
"1005","13/07/2013 01:24:58.100     13/07/2013 01:25:22.000"
"1006","13/07/2013 01:25:23.100     13/07/2013 01:25:47.000"
"1007","13/07/2013 01:25:47.300     13/07/2013 01:25:48.000"
"1008","13/07/2013 01:25:48.150     13/07/2013 01:26:00.000"
"1009","13/07/2013 01:26:02.550     13/07/2013 01:26:03.000"
"1010","13/07/2013 01:26:03.400     13/07/2013 01:26:03.400 *"
"1011","13/07/2013 01:26:04.400     13/07/2013 01:26:04.400 *"
"1012","13/07/2013 01:26:04.600     13/07/2013 01:26:04.600 *"
"1013","13/07/2013 01:26:04.750     13/07/2013 01:26:05.000"
"1014","13/07/2013 01:26:05.150     13/07/2013 01:26:05.150 *"
"1015","13/07/2013 01:26:05.650     13/07/2013 01:26:12.000"
"1016","13/07/2013 01:26:12.300     13/07/2013 01:26:12.300 *"
"1017","13/07/2013 01:26:13.100     13/07/2013 01:26:21.000"
"1018","13/07/2013 01:26:23.050     13/07/2013 01:26:51.000"
"1019","13/07/2013 01:26:53.350     13/07/2013 01:27:06.000"
"1020","13/07/2013 01:27:07.250     13/07/2013 01:27:16.000"
"1021","13/07/2013 01:27:16.850     13/07/2013 01:27:17.000"
"1022","13/07/2013 01:27:17.800     13/07/2013 01:27:29.000"
"1023","13/07/2013 01:27:29.400     13/07/2013 01:27:30.000"
"1024","13/07/2013 01:27:30.650     13/07/2013 01:28:45.000"
"1025","13/07/2013 01:28:49.200     13/07/2013 01:28:58.000"
"1026","13/07/2013 01:30:02.850     13/07/2013 01:30:02.850 *"
"1027","13/07/2013 01:30:12.600     13/07/2013 01:30:14.000"
"1028","13/07/2013 01:30:27.000     13/07/2013 01:30:27.000 *"
"1029","13/07/2013 01:30:27.900     13/07/2013 01:30:28.000"
"1030","13/07/2013 01:47:15.800     13/07/2013 01:47:15.800 *"
"1031","13/07/2013 01:47:24.050     13/07/2013 01:47:24.050 *"
"1032","13/07/2013 01:47:24.750     13/07/2013 01:47:25.000"
"1033","13/07/2013 01:48:53.450     13/07/2013 01:48:53.450 *"
"1034","13/07/2013 01:48:53.850     13/07/2013 01:48:54.000"
"1035","13/07/2013 01:48:54.750     13/07/2013 01:49:28.000"
"1036","13/07/2013 03:12:44.700     13/07/2013 03:12:44.700 *"
"1037","13/07/2013 03:17:33.500     15/07/2013 16:14:24.000"
"1038","16/07/2013 06:26:50.850     16/07/2013 06:26:51.000"
"1039","16/07/2013 06:26:51.250     16/07/2013 06:26:52.000"
"1040","16/07/2013 06:27:55.950     16/07/2013 06:27:56.000"
"1041","16/07/2013 06:27:56.650     16/07/2013 06:27:56.650 *"
"1042","16/07/2013 06:27:56.800     16/07/2013 06:27:58.000"
"1043","16/07/2013 07:47:12.300     16/07/2013 07:47:12.300 *"
"1044","16/07/2013 07:47:12.600     16/07/2013 07:48:01.000"
"1045","16/07/2013 07:48:02.700     16/07/2013 07:48:05.000"
"1046","16/07/2013 08:00:45.350     16/07/2013 08:28:57.000"
"1047","16/07/2013 08:28:57.450     16/07/2013 08:29:42.000"
"1048","16/07/2013 08:29:42.050     16/07/2013 08:31:59.000"
"1049","16/07/2013 08:31:59.850     16/07/2013 08:32:00.000"
"1050","16/07/2013 08:32:16.700     16/07/2013 08:32:16.700 *"
"1051","16/07/2013 08:32:32.200     16/07/2013 08:34:17.000"
"1052","16/07/2013 08:35:21.000     16/07/2013 08:35:22.000"
"1053","16/07/2013 08:35:34.650     16/07/2013 08:35:52.000"
"1054","16/07/2013 08:36:07.050     16/07/2013 08:36:46.000"
"1055","16/07/2013 08:36:53.800     16/07/2013 08:36:54.000"
"1056","16/07/2013 08:36:54.050     16/07/2013 08:36:54.050 *"
"1057","16/07/2013 08:36:56.400     16/07/2013 08:36:56.400 *"
"1058","16/07/2013 08:36:57.600     16/07/2013 08:36:58.000"
"1059","16/07/2013 08:36:59.250     16/07/2013 08:36:59.250 *"
"1060","16/07/2013 08:39:05.550     16/07/2013 08:39:05.550 *"
"1061","16/07/2013 08:39:13.100     16/07/2013 08:39:26.000"
"1062","16/07/2013 08:39:26.500     16/07/2013 08:39:26.500 *"
"1063","16/07/2013 08:39:26.850     16/07/2013 08:39:26.850 *"
"1064","16/07/2013 08:39:27.050     16/07/2013 08:39:27.050 *"
"1065","16/07/2013 08:39:27.400     16/07/2013 08:39:27.400 *"
"1066","16/07/2013 08:39:27.650     16/07/2013 08:39:27.650 *"
"1067","16/07/2013 08:39:27.800     16/07/2013 08:39:27.800 *"
"1068","16/07/2013 08:39:27.950     16/07/2013 08:39:28.000"
"1069","16/07/2013 08:39:28.150     16/07/2013 08:39:28.150 *"
"1070","16/07/2013 08:39:28.500     16/07/2013 08:39:31.000"
"1071","16/07/2013 08:39:31.150     16/07/2013 08:39:31.150 *"
"1072","16/07/2013 08:39:31.450     16/07/2013 08:39:36.000"
"1073","16/07/2013 08:39:36.300     16/07/2013 08:39:36.300 *"
"1074","16/07/2013 08:39:36.650     16/07/2013 08:39:37.000"
"1075","16/07/2013 08:39:37.050     16/07/2013 08:39:37.050 *"
"1076","16/07/2013 08:39:37.400     16/07/2013 08:39:37.400 *"
"1077","16/07/2013 08:39:37.650     16/07/2013 08:39:37.650 *"
"1078","16/07/2013 08:39:37.850     16/07/2013 08:39:37.850 *"
"1079","16/07/2013 08:39:37.950     16/07/2013 08:39:38.000"
"1080","16/07/2013 08:39:38.250     16/07/2013 08:39:38.250 *"
"1081","16/07/2013 08:39:40.000     16/07/2013 08:39:40.000 *"
"1082","16/07/2013 08:42:21.950     16/07/2013 08:42:22.000"
"1083","16/07/2013 08:42:23.200     16/07/2013 08:42:23.200 *"
"1084","16/07/2013 08:42:23.450     16/07/2013 08:43:11.000"
"1085","16/07/2013 08:43:13.150     16/07/2013 08:43:56.000"
"1086","16/07/2013 08:43:59.600     16/07/2013 08:43:59.600 *"
"1087","16/07/2013 08:44:00.100     16/07/2013 08:44:00.100 *"
"1088","16/07/2013 08:44:00.450     16/07/2013 08:44:00.450 *"
"1089","16/07/2013 08:44:52.100     16/07/2013 08:44:52.100 *"
"1090","16/07/2013 08:44:52.550     16/07/2013 08:45:18.000"
"1091","16/07/2013 08:45:27.200     16/07/2013 08:45:27.200 *"
"1092","16/07/2013 08:45:27.350     16/07/2013 08:45:27.350 *"
"1093","16/07/2013 08:45:27.550     16/07/2013 08:45:27.550 *"
"1094","16/07/2013 08:45:27.700     16/07/2013 08:45:32.000"
"1095","16/07/2013 08:45:32.800     16/07/2013 08:45:33.000"
"1096","16/07/2013 08:45:33.250     16/07/2013 08:45:33.250 *"
"1097","16/07/2013 08:45:33.550     16/07/2013 08:45:33.550 *"
"1098","16/07/2013 08:45:33.650     16/07/2013 08:45:33.650 *"
"1099","16/07/2013 08:45:33.850     16/07/2013 08:45:33.850 *"
"1100","16/07/2013 08:45:39.250     16/07/2013 08:47:01.000"
"1101","16/07/2013 08:47:03.850     16/07/2013 08:47:04.000"
"1102","16/07/2013 08:47:30.750     16/07/2013 08:47:32.000"
"1103","16/07/2013 08:47:32.100     16/07/2013 08:47:41.000"
"1104","16/07/2013 08:47:41.500     16/07/2013 08:47:42.000"
"1105","16/07/2013 08:48:04.550     16/07/2013 08:48:04.550 *"
"1106","16/07/2013 08:48:04.900     16/07/2013 08:48:05.000"
"1107","16/07/2013 08:48:05.350     16/07/2013 08:48:05.350 *"
"1108","16/07/2013 08:48:05.850     16/07/2013 08:48:06.000"
"1109","16/07/2013 08:48:06.350     16/07/2013 08:48:08.000"
"1110","16/07/2013 08:48:08.250     16/07/2013 08:48:08.250 *"
"1111","16/07/2013 08:48:09.500     16/07/2013 08:48:46.000"
"1112","16/07/2013 11:29:23.500     16/07/2013 11:29:23.500 *"
"1113","16/07/2013 11:29:23.950     16/07/2013 11:30:12.000"
"1114","16/07/2013 13:48:40.600     16/07/2013 14:07:47.000"
"1115","16/07/2013 14:07:59.650     16/07/2013 14:08:09.000"
"1116","16/07/2013 14:08:09.300     16/07/2013 14:08:09.300 *"
"1117","16/07/2013 14:08:09.400     16/07/2013 14:08:09.400 *"
"1118","16/07/2013 14:08:23.600     16/07/2013 14:09:19.000"
"1119","16/07/2013 14:09:19.650     16/07/2013 14:09:19.650 *"
"1120","16/07/2013 14:09:44.850     16/07/2013 14:09:45.000"
"1121","16/07/2013 14:09:45.500     16/07/2013 14:09:45.500 *"
"1122","16/07/2013 14:10:11.650     16/07/2013 14:10:12.000"
"1123","16/07/2013 14:10:18.300     16/07/2013 14:10:20.000"
"1124","16/07/2013 14:10:28.150     16/07/2013 14:10:28.150 *"
"1125","16/07/2013 14:10:35.650     16/07/2013 14:10:36.000"
"1126","16/07/2013 14:14:45.550     16/07/2013 14:14:45.550 *"
"1127","16/07/2013 15:01:45.850     16/07/2013 15:01:46.000"
"1128","16/07/2013 15:01:46.800     16/07/2013 15:01:46.800 *"
"1129","16/07/2013 15:01:47.200     16/07/2013 15:01:47.200 *"
"1130","16/07/2013 15:01:51.000     16/07/2013 15:01:51.000 *"
"1131","16/07/2013 15:01:51.750     16/07/2013 15:14:34.000"
"1132","16/07/2013 15:15:16.800     16/07/2013 15:15:17.000"
"1133","16/07/2013 15:17:16.550     16/07/2013 15:17:16.550 *"
"1134","16/07/2013 15:17:19.300     16/07/2013 15:17:19.300 *"
"1135","16/07/2013 15:17:20.400     16/07/2013 15:17:20.400 *"
"1136","16/07/2013 15:17:20.700     16/07/2013 15:17:20.700 *"
"1137","16/07/2013 15:17:21.100     16/07/2013 15:33:28.000"
"1138","16/07/2013 15:33:28.650     16/07/2013 15:33:28.650 *"
"1139","16/07/2013 16:24:28.050     16/07/2013 16:24:28.050 *"
"1140","16/07/2013 16:28:33.350     16/07/2013 16:28:33.350 *"
"1141","16/07/2013 16:38:50.150     16/07/2013 16:38:50.150 *"
"1142","16/07/2013 16:40:28.250     16/07/2013 18:09:06.000"
"1143","16/07/2013 18:09:11.000     16/07/2013 18:09:11.000 *"
"1144","16/07/2013 18:09:11.100     16/07/2013 18:09:11.100 *"
"1145","16/07/2013 18:09:12.150     16/07/2013 18:09:12.150 *"
"1146","16/07/2013 18:09:12.450     16/07/2013 18:09:12.450 *"
"1147","16/07/2013 18:09:12.650     16/07/2013 18:09:12.650 *"
"1148","16/07/2013 18:09:12.800     16/07/2013 18:09:12.800 *"
"1149","16/07/2013 18:09:53.400     16/07/2013 18:09:53.400 *"
"1150","16/07/2013 18:09:53.700     16/07/2013 18:09:53.700 *"
"1151","16/07/2013 18:09:54.000     16/07/2013 18:09:54.000 *"
"1152","16/07/2013 18:09:54.150     16/07/2013 18:10:00.000"
"1153","16/07/2013 18:10:00.750     16/07/2013 18:10:00.750 *"
"1154","16/07/2013 18:10:01.050     16/07/2013 18:10:01.050 *"
"1155","16/07/2013 18:10:01.150     16/07/2013 18:10:01.150 *"
"1156","16/07/2013 18:10:01.500     16/07/2013 18:10:01.500 *"
"1157","16/07/2013 18:10:03.300     16/07/2013 18:10:03.300 *"
"1158","16/07/2013 18:10:37.450     16/07/2013 18:10:37.450 *"
"1159","16/07/2013 18:10:37.650     16/07/2013 18:10:37.650 *"
"1160","16/07/2013 18:10:37.850     16/07/2013 18:10:38.000"
"1161","16/07/2013 18:10:38.050     16/07/2013 18:10:38.050 *"
"1162","16/07/2013 18:10:38.300     16/07/2013 18:10:38.300 *"
"1163","16/07/2013 18:10:38.500     16/07/2013 18:10:38.500 *"
"1164","16/07/2013 18:10:38.750     16/07/2013 18:13:57.000"
"1165","16/07/2013 18:13:59.750     16/07/2013 18:13:59.750 *"
"1166","16/07/2013 18:13:59.900     16/07/2013 18:14:00.000"
"1167","16/07/2013 18:14:00.200     16/07/2013 18:14:00.200 *"
"1168","16/07/2013 18:14:00.750     16/07/2013 18:14:00.750 *"
"1169","16/07/2013 18:14:00.850     16/07/2013 18:14:00.850 *"
"1170","16/07/2013 18:14:01.000     16/07/2013 18:14:01.000 *"
"1171","16/07/2013 18:14:02.200     16/07/2013 18:14:02.200 *"
"1172","16/07/2013 18:14:02.400     16/07/2013 18:14:02.400 *"
"1173","16/07/2013 18:14:02.650     16/07/2013 18:14:02.650 *"
"1174","16/07/2013 18:14:03.000     16/07/2013 18:14:03.000 *"
"1175","16/07/2013 18:14:04.500     16/07/2013 18:14:04.500 *"
"1176","16/07/2013 18:14:04.850     16/07/2013 18:14:04.850 *"
"1177","16/07/2013 18:14:06.750     16/07/2013 18:14:06.750 *"
"1178","16/07/2013 18:14:06.900     16/07/2013 18:14:06.900 *"
"1179","16/07/2013 18:14:07.450     16/07/2013 18:14:07.450 *"
"1180","16/07/2013 18:14:07.850     16/07/2013 18:14:07.850 *"
"1181","16/07/2013 18:14:08.000     16/07/2013 18:14:32.000"
"1182","16/07/2013 18:14:32.600     16/07/2013 18:14:33.000"
"1183","16/07/2013 18:14:33.100     16/07/2013 18:14:33.100 *"
"1184","16/07/2013 18:14:33.950     16/07/2013 18:14:34.000"
"1185","16/07/2013 18:14:34.300     16/07/2013 18:14:34.300 *"
"1186","16/07/2013 18:14:34.400     16/07/2013 18:14:34.400 *"
"1187","16/07/2013 18:14:34.600     16/07/2013 18:14:34.600 *"
"1188","16/07/2013 18:14:34.800     16/07/2013 18:14:34.800 *"
"1189","16/07/2013 18:14:34.900     16/07/2013 18:14:34.900 *"
"1190","16/07/2013 18:14:35.450     16/07/2013 18:14:35.450 *"
"1191","16/07/2013 18:14:35.950     16/07/2013 18:14:36.000"
"1192","16/07/2013 18:14:38.200     16/07/2013 18:14:38.200 *"
"1193","16/07/2013 18:14:43.700     16/07/2013 18:14:44.000"
"1194","16/07/2013 18:15:14.650     16/07/2013 18:15:14.650 *"
"1195","16/07/2013 18:15:14.800     16/07/2013 18:15:14.800 *"
"1196","16/07/2013 18:15:15.350     16/07/2013 18:15:15.350 *"
"1197","16/07/2013 18:15:15.450     16/07/2013 18:15:15.450 *"
"1198","16/07/2013 18:15:18.550     16/07/2013 18:15:18.550 *"
"1199","16/07/2013 18:15:18.850     16/07/2013 18:15:18.850 *"
"1200","16/07/2013 18:15:19.150     16/07/2013 18:15:19.150 *"
"1201","16/07/2013 18:15:19.350     16/07/2013 18:15:19.350 *"
"1202","16/07/2013 18:16:31.650     16/07/2013 18:16:31.650 *"
"1203","16/07/2013 18:16:32.050     16/07/2013 18:16:32.050 *"
"1204","16/07/2013 18:16:32.250     16/07/2013 18:16:32.250 *"
"1205","16/07/2013 18:16:32.400     16/07/2013 18:16:34.000"
"1206","16/07/2013 18:16:34.450     16/07/2013 18:16:34.450 *"
"1207","16/07/2013 18:16:34.900     16/07/2013 18:16:37.000"
"1208","16/07/2013 18:16:37.400     16/07/2013 18:16:37.400 *"
"1209","16/07/2013 18:16:37.900     16/07/2013 18:16:37.900 *"
"1210","16/07/2013 18:16:38.050     16/07/2013 18:16:38.050 *"
"1211","16/07/2013 18:16:38.200     16/07/2013 18:16:38.200 *"
"1212","16/07/2013 18:16:51.000     16/07/2013 18:16:51.000 *"
"1213","16/07/2013 18:16:51.100     16/07/2013 18:16:52.000"
"1214","16/07/2013 18:16:52.350     16/07/2013 18:16:55.000"
"1215","16/07/2013 18:16:55.250     16/07/2013 18:16:55.250 *"
"1216","16/07/2013 18:25:26.850     16/07/2013 18:25:40.000"
"1217","16/07/2013 18:26:11.150     16/07/2013 18:26:11.150 *"
"1218","16/07/2013 18:26:11.300     16/07/2013 18:36:52.000"
"1219","16/07/2013 18:38:21.500     16/07/2013 18:38:36.000"
"1220","16/07/2013 18:39:37.900     16/07/2013 18:39:37.900 *"
"1221","16/07/2013 18:39:38.050     16/07/2013 18:39:58.000"
"1222","16/07/2013 18:42:55.450     16/07/2013 18:42:56.000"
"1223","16/07/2013 18:42:56.400     16/07/2013 18:42:56.400 *"
"1224","16/07/2013 18:42:56.900     16/07/2013 18:42:57.000"
"1225","16/07/2013 18:52:48.950     16/07/2013 18:53:14.000"
"1226","16/07/2013 18:53:15.050     16/07/2013 18:53:15.050 *"
"1227","16/07/2013 19:20:53.950     16/07/2013 19:20:54.000"
"1228","16/07/2013 19:20:54.050     16/07/2013 19:23:14.000"
"1229","16/07/2013 19:23:14.100     16/07/2013 19:23:14.100 *"
"1230","16/07/2013 19:23:14.600     16/07/2013 19:23:15.000"
"1231","16/07/2013 19:23:16.050     16/07/2013 19:23:16.050 *"
"1232","16/07/2013 19:23:16.150     16/07/2013 19:23:16.150 *"
"1233","16/07/2013 19:23:16.300     16/07/2013 19:23:16.300 *"
"1234","16/07/2013 19:23:16.450     16/07/2013 19:23:16.450 *"
"1235","16/07/2013 19:26:50.750     16/07/2013 19:26:56.000"
"1236","16/07/2013 20:34:44.150     16/07/2013 20:34:46.000"
"1237","16/07/2013 20:34:46.700     16/07/2013 20:35:18.000"
"1238","16/07/2013 20:35:21.100     16/07/2013 20:35:59.000"
"1239","16/07/2013 20:36:17.000     16/07/2013 20:36:28.000"
"1240","16/07/2013 20:48:34.750     16/07/2013 20:48:34.750 *"
"1241","16/07/2013 20:48:39.000     16/07/2013 21:05:21.000"
"1242","16/07/2013 21:20:44.300     16/07/2013 21:20:44.300 *"
"1243","16/07/2013 21:20:53.350     16/07/2013 21:20:53.350 *"
"1244","16/07/2013 21:20:53.600     16/07/2013 22:03:07.000"
"1245","16/07/2013 22:23:51.000     16/07/2013 22:23:51.000 *"
"1246","16/07/2013 22:23:51.750     16/07/2013 22:23:53.000"
"1247","16/07/2013 22:23:53.600     16/07/2013 22:23:53.600 *"
"1248","16/07/2013 22:23:56.450     16/07/2013 22:23:56.450 *"
"1249","16/07/2013 22:23:57.150     16/07/2013 22:23:57.150 *"
"1250","16/07/2013 22:24:02.400     16/07/2013 22:24:02.400 *"
"1251","16/07/2013 22:24:02.600     16/07/2013 22:24:06.000"
"1252","16/07/2013 22:24:06.450     16/07/2013 22:24:06.450 *"
"1253","16/07/2013 22:24:07.600     16/07/2013 22:24:07.600 *"
"1254","16/07/2013 22:24:08.450     16/07/2013 22:24:08.450 *"
"1255","16/07/2013 22:24:08.650     16/07/2013 22:27:53.000"
"1256","16/07/2013 22:27:53.750     16/07/2013 22:27:53.750 *"
"1257","16/07/2013 22:27:55.300     16/07/2013 22:27:55.300 *"
"1258","16/07/2013 22:27:55.450     16/07/2013 22:28:34.000"
"1259","16/07/2013 22:28:34.650     16/07/2013 22:29:07.000"
"1260","16/07/2013 22:29:08.000     16/07/2013 22:29:15.000"
"1261","16/07/2013 22:29:20.450     16/07/2013 22:29:20.450 *"
"1262","16/07/2013 22:29:31.450     16/07/2013 22:29:35.000"
"1263","16/07/2013 22:29:36.000     16/07/2013 22:29:36.000 *"
"1264","16/07/2013 22:29:36.500     16/07/2013 22:29:36.500 *"
"1265","16/07/2013 22:29:39.400     16/07/2013 22:29:39.400 *"
"1266","16/07/2013 22:29:41.250     16/07/2013 22:29:41.250 *"
"1267","16/07/2013 22:31:42.900     16/07/2013 22:31:43.000"
"1268","16/07/2013 22:31:43.750     16/07/2013 22:31:44.000"
"1269","16/07/2013 22:31:44.300     16/07/2013 22:31:44.300 *"
"1270","16/07/2013 22:31:45.700     16/07/2013 22:31:45.700 *"
"1271","16/07/2013 22:35:55.250     16/07/2013 22:36:48.000"
"1272","16/07/2013 22:36:54.350     16/07/2013 22:37:04.000"
"1273","17/07/2013 01:00:14.200     17/07/2013 01:00:15.000"
"1274","17/07/2013 01:08:07.900     17/07/2013 01:08:08.000"
"1275","17/07/2013 01:08:11.500     17/07/2013 01:08:13.000"
"1276","17/07/2013 01:08:13.700     17/07/2013 01:09:17.000"
"1277","17/07/2013 01:09:18.350     17/07/2013 01:09:22.000"
"1278","17/07/2013 01:09:23.250     17/07/2013 01:09:23.250 *"
"1279","17/07/2013 01:09:24.400     17/07/2013 01:09:24.400 *"
"1280","17/07/2013 01:09:25.800     17/07/2013 01:09:27.000"
"1281","17/07/2013 01:09:27.800     17/07/2013 01:09:30.000"
"1282","17/07/2013 01:09:41.100     17/07/2013 01:09:41.100 *"
"1283","17/07/2013 01:09:41.200     17/07/2013 01:10:27.000"
"1284","17/07/2013 02:32:31.750     17/07/2013 02:32:31.750 *"
"1285","17/07/2013 02:32:33.450     17/07/2013 02:32:33.450 *"
"1286","17/07/2013 02:32:33.750     17/07/2013 02:32:34.000"
"1287","17/07/2013 04:58:48.250     17/07/2013 04:58:48.250 *"
"1288","17/07/2013 06:02:07.050     17/07/2013 06:02:08.000"
"1289","17/07/2013 06:02:08.550     17/07/2013 06:02:08.550 *"
"1290","17/07/2013 06:13:31.100     17/07/2013 06:13:31.100 *"
"1291","17/07/2013 06:13:31.350     17/07/2013 06:13:31.350 *"
"1292","17/07/2013 06:14:20.550     17/07/2013 06:14:20.550 *"
"1293","17/07/2013 06:14:30.150     17/07/2013 06:14:30.150 *"
"1294","17/07/2013 06:14:31.900     17/07/2013 06:14:32.000"
"1295","17/07/2013 06:14:32.200     17/07/2013 06:14:32.200 *"
"1296","17/07/2013 07:09:17.900     17/07/2013 07:38:30.000"
"1297","17/07/2013 07:38:30.850     17/07/2013 07:38:58.000"
"1298","17/07/2013 07:38:58.800     17/07/2013 07:38:58.800 *"
"1299","17/07/2013 07:39:01.950     17/07/2013 07:39:02.000"
"1300","17/07/2013 07:55:23.950     17/07/2013 07:56:48.000"
"1301","17/07/2013 07:56:48.350     17/07/2013 07:56:48.350 *"
"1302","17/07/2013 07:56:50.400     17/07/2013 07:56:50.400 *"
"1303","17/07/2013 07:56:50.600     17/07/2013 07:56:50.600 *"
"1304","17/07/2013 07:56:51.150     17/07/2013 07:56:51.150 *"
"1305","17/07/2013 07:57:05.150     17/07/2013 07:57:15.000"
"1306","17/07/2013 07:57:15.650     17/07/2013 07:57:15.650 *"
"1307","17/07/2013 07:57:15.850     17/07/2013 07:57:15.850 *"
"1308","17/07/2013 07:57:16.050     17/07/2013 07:57:16.050 *"
"1309","17/07/2013 07:57:23.800     17/07/2013 07:57:23.800 *"
"1310","17/07/2013 07:57:24.100     17/07/2013 07:57:24.100 *"
"1311","17/07/2013 07:57:24.350     17/07/2013 07:57:31.000"
"1312","17/07/2013 07:57:31.750     17/07/2013 07:57:32.000"
"1313","17/07/2013 07:57:33.050     17/07/2013 07:57:33.050 *"
"1314","17/07/2013 07:57:33.450     17/07/2013 07:57:34.000"
"1315","17/07/2013 07:57:34.100     17/07/2013 07:57:34.100 *"
"1316","17/07/2013 07:57:34.850     17/07/2013 07:57:34.850 *"
"1317","17/07/2013 07:57:35.250     17/07/2013 07:57:35.250 *"
"1318","17/07/2013 07:57:38.300     17/07/2013 07:57:52.000"
"1319","17/07/2013 07:57:52.700     17/07/2013 07:57:52.700 *"
"1320","17/07/2013 07:57:52.850     17/07/2013 07:57:52.850 *"
"1321","17/07/2013 07:57:52.950     17/07/2013 07:57:53.000"
"1322","17/07/2013 07:58:26.450     17/07/2013 07:58:34.000"
"1323","17/07/2013 07:58:35.850     17/07/2013 07:58:36.000"
"1324","17/07/2013 07:58:36.850     17/07/2013 07:58:37.000"
"1325","17/07/2013 07:58:37.300     17/07/2013 07:58:37.300 *"
"1326","17/07/2013 07:58:37.400     17/07/2013 07:58:37.400 *"
"1327","17/07/2013 07:58:37.550     17/07/2013 07:58:37.550 *"
"1328","17/07/2013 07:58:38.050     17/07/2013 07:58:38.050 *"
"1329","17/07/2013 07:58:39.800     17/07/2013 07:58:39.800 *"
"1330","17/07/2013 07:58:40.800     17/07/2013 07:58:40.800 *"
"1331","17/07/2013 07:59:14.300     17/07/2013 07:59:18.000"
"1332","17/07/2013 07:59:18.850     17/07/2013 07:59:19.000"
"1333","17/07/2013 07:59:20.100     17/07/2013 07:59:20.100 *"
"1334","17/07/2013 07:59:20.300     17/07/2013 07:59:48.000"
"1335","17/07/2013 07:59:48.100     17/07/2013 07:59:48.100 *"
"1336","17/07/2013 07:59:48.350     17/07/2013 07:59:48.350 *"
"1337","17/07/2013 07:59:48.600     17/07/2013 07:59:48.600 *"
"1338","17/07/2013 07:59:48.900     17/07/2013 07:59:48.900 *"
"1339","17/07/2013 08:03:06.150     17/07/2013 08:03:06.150 *"
"1340","17/07/2013 08:03:06.400     17/07/2013 08:03:14.000"
"1341","17/07/2013 08:03:14.400     17/07/2013 08:03:19.000"
"1342","17/07/2013 08:04:02.050     17/07/2013 08:04:03.000"
"1343","17/07/2013 08:04:04.000     17/07/2013 08:04:04.000 *"
"1344","17/07/2013 08:04:04.100     17/07/2013 08:04:04.100 *"
"1345","17/07/2013 08:04:20.550     17/07/2013 08:04:21.000"
"1346","17/07/2013 08:04:56.850     17/07/2013 08:04:57.000"
"1347","17/07/2013 08:04:57.050     17/07/2013 08:04:57.050 *"
"1348","17/07/2013 08:04:57.350     17/07/2013 08:04:57.350 *"
"1349","17/07/2013 08:05:02.250     17/07/2013 08:05:02.250 *"
"1350","17/07/2013 08:07:35.250     17/07/2013 08:07:35.250 *"
"1351","17/07/2013 08:07:35.450     17/07/2013 08:07:35.450 *"
"1352","17/07/2013 08:07:35.600     17/07/2013 08:07:37.000"
"1353","17/07/2013 08:08:55.950     17/07/2013 08:08:56.000"
"1354","17/07/2013 08:09:05.300     17/07/2013 08:09:05.300 *"
"1355","17/07/2013 08:09:05.500     17/07/2013 08:09:05.500 *"
"1356","17/07/2013 08:09:05.700     17/07/2013 08:09:05.700 *"
"1357","17/07/2013 08:09:05.850     17/07/2013 08:09:05.850 *"
"1358","17/07/2013 08:09:06.050     17/07/2013 08:09:06.050 *"
"1359","17/07/2013 08:15:23.600     17/07/2013 08:15:24.000"
"1360","17/07/2013 08:15:24.350     17/07/2013 08:15:24.350 *"
"1361","17/07/2013 08:15:24.550     17/07/2013 08:15:24.550 *"
"1362","17/07/2013 08:17:22.300     17/07/2013 08:17:22.300 *"
"1363","17/07/2013 08:17:22.550     17/07/2013 08:17:22.550 *"
"1364","17/07/2013 08:17:23.050     17/07/2013 08:17:23.050 *"
"1365","17/07/2013 08:17:29.950     17/07/2013 08:17:30.000"
"1366","17/07/2013 08:17:30.400     17/07/2013 08:17:30.400 *"
"1367","17/07/2013 08:17:30.750     17/07/2013 08:17:31.000"
"1368","17/07/2013 08:17:31.350     17/07/2013 08:17:31.350 *"
"1369","17/07/2013 09:19:48.300     17/07/2013 09:19:48.300 *"
"1370","17/07/2013 09:19:48.950     17/07/2013 09:19:49.000"
"1371","17/07/2013 09:19:49.650     17/07/2013 09:19:49.650 *"
"1372","17/07/2013 14:39:33.950     17/07/2013 14:39:40.000"
"1373","17/07/2013 14:40:56.600     17/07/2013 14:48:21.000"
"1374","17/07/2013 14:48:21.950     17/07/2013 14:48:22.000"
"1375","17/07/2013 14:49:01.500     17/07/2013 14:49:01.500 *"
"1376","17/07/2013 14:49:04.400     17/07/2013 14:49:04.400 *"
"1377","17/07/2013 14:49:05.050     17/07/2013 14:49:05.050 *"
"1378","17/07/2013 14:49:05.750     17/07/2013 14:49:21.000"
"1379","17/07/2013 14:49:21.550     17/07/2013 14:49:21.550 *"
"1380","17/07/2013 14:49:35.450     17/07/2013 15:03:28.000"
"1381","17/07/2013 15:03:28.650     17/07/2013 15:03:28.650 *"
"1382","17/07/2013 15:03:28.800     17/07/2013 15:03:28.800 *"
"1383","17/07/2013 15:03:33.700     17/07/2013 15:03:34.000"
"1384","17/07/2013 15:03:34.800     17/07/2013 15:03:53.000"
"1385","17/07/2013 15:03:54.000     17/07/2013 15:03:54.000 *"
"1386","17/07/2013 15:03:54.200     17/07/2013 15:03:54.200 *"
"1387","17/07/2013 15:03:54.300     17/07/2013 15:03:54.300 *"
"1388","17/07/2013 15:03:57.000     17/07/2013 15:03:57.000 *"
"1389","17/07/2013 15:04:54.000     17/07/2013 15:04:54.000 *"
"1390","17/07/2013 15:04:54.600     17/07/2013 15:04:55.000"
"1391","17/07/2013 15:04:55.500     17/07/2013 15:04:58.000"
"1392","17/07/2013 15:04:58.600     17/07/2013 15:04:58.600 *"
"1393","17/07/2013 15:04:59.150     17/07/2013 15:05:22.000"
"1394","17/07/2013 15:05:26.600     17/07/2013 15:05:26.600 *"
"1395","17/07/2013 15:05:27.600     17/07/2013 15:05:29.000"
"1396","17/07/2013 15:05:29.450     17/07/2013 15:05:29.450 *"
"1397","17/07/2013 15:05:30.850     17/07/2013 15:05:31.000"
"1398","17/07/2013 15:05:59.900     17/07/2013 15:06:00.000"
"1399","17/07/2013 15:06:00.950     17/07/2013 15:06:01.000"
"1400","17/07/2013 15:06:01.850     17/07/2013 15:06:01.850 *"
"1401","17/07/2013 15:06:02.500     17/07/2013 15:06:02.500 *"
"1402","17/07/2013 15:06:04.150     17/07/2013 15:06:04.150 *"
"1403","17/07/2013 15:06:06.450     17/07/2013 15:06:06.450 *"
"1404","17/07/2013 15:06:07.700     17/07/2013 15:06:07.700 *"
"1405","17/07/2013 15:06:13.750     17/07/2013 15:06:38.000"
"1406","17/07/2013 15:06:50.050     17/07/2013 15:06:50.050 *"
"1407","17/07/2013 15:06:50.500     17/07/2013 15:06:50.500 *"
"1408","17/07/2013 15:06:54.950     17/07/2013 15:08:26.000"
"1409","17/07/2013 15:08:41.400     17/07/2013 15:08:41.400 *"
"1410","17/07/2013 15:09:19.100     17/07/2013 15:09:20.000"
"1411","17/07/2013 15:09:20.350     17/07/2013 15:09:20.350 *"
"1412","17/07/2013 15:09:21.500     17/07/2013 15:09:22.000"
"1413","17/07/2013 15:09:22.650     17/07/2013 15:09:22.650 *"
"1414","17/07/2013 15:09:22.800     17/07/2013 15:09:22.800 *"
"1415","17/07/2013 15:09:22.950     17/07/2013 15:09:23.000"
"1416","17/07/2013 15:09:24.200     17/07/2013 15:09:24.200 *"
"1417","17/07/2013 15:09:25.150     17/07/2013 15:09:25.150 *"
"1418","17/07/2013 15:09:25.750     17/07/2013 15:09:26.000"
"1419","17/07/2013 15:09:26.400     17/07/2013 15:09:26.400 *"
"1420","17/07/2013 15:09:27.250     17/07/2013 15:09:27.250 *"
"1421","17/07/2013 15:09:27.900     17/07/2013 15:09:28.000"
"1422","17/07/2013 15:09:40.300     17/07/2013 15:09:40.300 *"
"1423","17/07/2013 15:09:48.450     17/07/2013 15:09:48.450 *"
"1424","17/07/2013 15:15:50.650     17/07/2013 15:15:51.000"
"1425","17/07/2013 15:15:51.800     17/07/2013 15:15:51.800 *"
"1426","17/07/2013 15:24:11.050     17/07/2013 15:24:11.050 *"
"1427","17/07/2013 15:24:17.800     17/07/2013 15:24:17.800 *"
"1428","17/07/2013 15:24:25.150     17/07/2013 15:24:25.150 *"
"1429","17/07/2013 15:51:32.800     17/07/2013 15:52:16.000"
"1430","17/07/2013 15:52:17.950     17/07/2013 15:52:18.000"
"1431","17/07/2013 15:52:19.500     17/07/2013 15:53:47.000"
"1432","17/07/2013 15:53:48.700     17/07/2013 15:53:52.000"
"1433","17/07/2013 15:53:52.400     17/07/2013 15:53:52.400 *"
"1434","17/07/2013 15:53:52.650     17/07/2013 15:53:52.650 *"
"1435","17/07/2013 15:55:04.900     17/07/2013 15:55:04.900 *"
"1436","17/07/2013 15:55:07.100     17/07/2013 15:55:07.100 *"
"1437","17/07/2013 15:55:08.200     17/07/2013 15:55:08.200 *"
"1438","17/07/2013 15:55:08.400     17/07/2013 15:55:08.400 *"
"1439","17/07/2013 15:55:09.500     17/07/2013 15:55:09.500 *"
"1440","17/07/2013 15:55:09.700     17/07/2013 15:55:09.700 *"
"1441","17/07/2013 15:55:09.950     17/07/2013 15:55:10.000"
"1442","17/07/2013 15:55:10.150     17/07/2013 15:55:10.150 *"
"1443","17/07/2013 15:55:10.850     17/07/2013 15:55:10.850 *"
"1444","17/07/2013 15:55:11.050     17/07/2013 15:55:11.050 *"
"1445","17/07/2013 15:55:11.250     17/07/2013 15:55:11.250 *"
"1446","17/07/2013 15:55:12.000     17/07/2013 15:55:12.000 *"
"1447","17/07/2013 15:55:12.250     17/07/2013 15:55:13.000"
"1448","17/07/2013 15:55:13.350     17/07/2013 15:55:13.350 *"
"1449","17/07/2013 15:55:26.400     17/07/2013 15:55:26.400 *"
"1450","17/07/2013 15:55:27.700     17/07/2013 15:55:27.700 *"
"1451","17/07/2013 15:55:27.950     17/07/2013 15:55:28.000"
"1452","17/07/2013 15:55:28.150     17/07/2013 15:55:28.150 *"
"1453","17/07/2013 15:55:29.050     17/07/2013 15:55:29.050 *"
"1454","17/07/2013 15:55:29.600     17/07/2013 15:55:30.000"
"1455","17/07/2013 15:55:30.850     17/07/2013 15:55:30.850 *"
"1456","17/07/2013 18:29:45.850     17/07/2013 18:29:45.850 *"
"1457","18/07/2013 03:22:01.350     22/07/2013 00:01:00.000"
"1458",""
