"id","day","N","vo2_mlkg","vo2_l","sd","min","max","CI","date","Time","o2_v","co2_v","wvp_v","fr_v","bp_v","temp","Marker","hour","minute","second","co2","fr","bp","wv","fr_c","vo2","id.y","weight","age","gender","place","species","moult","water_temp","dfi","vo2kg","vo2mlkg","month","year","days","d.stage","cohort","class","season"
"April","2014-03-07",1309,7.82684015151294,0.438303048484724,3.31322019049868,-1.60710681036036,17.0177745868153,0.179488466601954,2014-03-07,2017-03-22 09:10:45,0.2082958,0.012,3.418411,1.405412,4.245612,22.218,-1,9,10,45,2.4e-05,281.0824,101.894688,6.836822,262.222630429551,0.391014021881757,"April",56,7.898630137,"female","UWW","ASL","No",25,4.7,8.00448420286059,6.98239324788852,3,2014,"3.7","adult","ASFA","ASF","Early-year"
"April","2014-03-22",2910,8.66909372435876,0.502807436003436,3.49845885330569,-0.591203533,19.39112873,0.127111940060538,2014-03-22,2017-03-22 06:27:21,0.2080058,0.0182,3.251221,1.508382,4.248893,22.094,2,6,27,21,3.64e-05,301.6764,101.973432,1.741618702,296.524026,0.550649911,"April",58,7.939726027,"female","UWW","ASL","No",26.1,5,11.57301641,9.493963991,3,2014,"3.22","adult","ASFA","ASF","Early-year"
"April","2014-03-28",2174,8.722133468046,0.505883741139834,3.73822988404979,-1.599204364,20.18325434,0.157142010931787,2014-03-28,2017-03-22 09:08:07,0.2080475,0.00352,3.390442,1.4101,4.247331,21.624,2,9,8,7,7.04e-06,282.02,101.935944,1.764569956,277.1380712,0.500073686,"April",58,7.956164384,"female","UWW","ASL","No",26.1,3,10.51005521,8.621960103,3,2014,"3.28","adult","ASFA","ASF","Early-year"
"April","2014-11-08",757,7.14628055442414,0.428776833265448,3.52195053988032,-1.75791139408387,15.8706325659503,0.250894640561666,2014-11-08,2017-03-22 07:29:37,0.2087787,-0.00258,1.164783,1.500882,4.260924,22.446,-1,7,29,37,-5.16e-06,300.1764,102.262176,2.329566,293.338282889697,0.258563367677586,"April",60,8.57260274,"female","UWW","ASL","No",25.2,3.5,5.57417287257477,4.3093894612931,11,2014,"11.8","adult","ASFA","ASF","Late-year"
"April","2014-12-03",1544,7.83058018861434,0.462004231128246,2.95569682881546,-0.682858949568235,15.0767601710641,0.147432187376583,2014-12-03,2017-03-22 07:24:09,0.2075976,-0.00289,1.103533,1.501195,4.262643,22,-1,7,24,9,-5.78e-06,300.239,102.303432,2.207066,293.761726698221,0.696696226902469,"April",59,8.64109589,"female","UWW","ASL","No",26.7,4,14.831410906532,11.8084106254656,12,2014,"12.3","adult","ASFA","ASF","Late-year"
"April","2014-12-12",1296,7.98072072351375,0.486823964134339,2.92410177872933,-1.02067863134581,16.0120820881741,0.15920109684193,2014-12-12,2017-03-22 08:32:48,0.2082496,-0.0465,1.052438,1.496195,4.208736,20.8,-1,8,32,48,-9.3e-05,299.239,101.009664,2.104876,293.003349227377,0.453994924874841,"April",61,8.665753425,"female","UWW","ASL","No",25.4,4,9.90942315663098,7.44253975204657,12,2014,"12.12","adult","ASFA","ASF","Late-year"
"April","2015-03-26",1231,6.43241655850437,0.405242243185775,4.80796760426171,-4.03469959699077,17.3010209518297,0.268589219786405,2015-03-26,2017-03-22 06:38:45,0.2082254,0.0265,1.146189,1.505882,4.232174,22.453,-1,6,38,45,5.3e-05,301.1764,101.572176,2.292378,294.379162994078,0.465115849910784,"April",63,8.950684932,"female","UWW","ASL","No",26.7,4,10.4007953580826,7.38279126842515,3,2015,"3.26","adult","ASFA","ASF","Early-year"
"April","2015-03-27",1273,6.59499287251259,0.415484550968293,4.95454014275084,-3.5692330942583,19.0745659019434,0.272173113274071,2015-03-27,2017-03-22 06:54:07,0.2086987,0.00914,1.15744,1.503695,4.240612,22.29,-1,6,54,7,1.828e-05,300.739,101.774688,2.31488,293.898647943897,0.288755128949163,"April",63,8.953424658,"female","UWW","ASL","No",26.8,4,6.457064418194,4.58341474522481,3,2015,"3.27","adult","ASFA","ASF","Early-year"
"April","2015-03-28",854,8.33528756605372,0.525123116661384,4.32157843921748,-2.80107455936628,19.3325896119702,0.289847484841662,2015-03-28,2017-03-22 06:29:10,0.2075261,0.0193,1.217597,1.501351,4.23358,22.428,-1,6,29,10,3.86e-05,300.2702,101.60592,2.435194,293.073609590516,0.721469300046577,"April",63,8.956164384,"female","UWW","ASL","No",27,4,16.1333021619514,11.451893651533,3,2015,"3.28","adult","ASFA","ASF","Early-year"
"April","2015-08-28",1416,7.85754696130644,0.432165082871854,1.74726387928353,1.79875672482662,12.578021129127,0.0910087068802982,2015-08-28,2017-03-22 06:20:45,0.2083309,0.134924,0.9277486,1.502445,4.266081,17.883,-1,6,20,45,0.000269848,300.489,102.385944,1.8554972,295.043364824426,0.426885326631985,"April",55,9.375342466,"female","UWW","ASL","Yes",23,4.5,8.62150817101505,7.76155139330882,8,2015,"8.28","adult","ASFA","ASF","Mid-year"
"April","2015-08-29",1450,6.10839953911626,0.335961974651394,3.06719759066651,-1.02486554156205,12.8456612600559,0.157875167606491,2015-08-29,2017-03-22 06:35:51,0.208116,0.1285177,0.7616523,1.506195,4.268737,15.158,-1,6,35,51,0.0002570354,301.239,102.449688,1.5233046,296.759935560102,0.509837537027912,"April",55,9.378082192,"female","UWW","ASL","Yes",22.8,4.5,10.2968366845875,9.26977340050749,8,2015,"8.29","adult","ASFA","ASF","Mid-year"
"April","2015-08-31",1476,7.56411985523877,0.416026592038133,3.8557069355839,-1.96671224836397,18.3022631215435,0.196705683910908,2015-08-31,2017-03-22 23:53:34,0.207822,0.1353928,0.6780573,1.505101,4.251081,13.986,-1,23,53,34,0.0002707856,301.0202,102.025944,1.3561146,297.019081538259,0.620409544750903,"April",55,9.38630137,"female","UWW","ASL","Yes",22.3,4.5,12.5299831728741,11.2801735409255,8,2015,"8.31","adult","ASFA","ASF","Mid-year"
"April","2016-02-21",767,8.53150694590517,0.503358909808405,4.58748109049264,-3.85521351460711,21.017776671312,0.324662909637701,2016-02-21,2017-03-22 08:52:59,0.2073894,0.0166,1.248066,1.500726,4.250143,23.27,-1,8,52,59,3.32e-05,300.1452,102.003432,2.496132,292.800329110103,0.771222354626814,"April",59,9.860273973,"female","UWW","ASL","Yes",26.8,2.6,16.4179382636081,13.0715653326579,2,2016,"2.21","adult","ASFA","ASF","Early-year"
"April","2016-02-23",1718,7.83064792375245,0.462008227501395,2.73194677503539,-0.183302368694902,15.69890133918,0.129186379042054,2016-02-23,2017-03-22 07:38:01,0.2081604,-0.00336,1.048688,1.502757,4.260456,22.014,-1,7,38,1,-6.72e-06,300.5514,102.250944,2.097376,294.386476054394,0.489270282382772,"April",59,9.865753425,"female","UWW","ASL","Yes",26.6,3,10.4156852329124,8.29271665055546,2,2016,"2.23","adult","ASFA","ASF","Early-year"
"April","2016-02-24",926,7.24380889942453,0.427384725066047,3.08090212097402,-1.02495509125209,14.6664139261839,0.198439662253118,2016-02-24,2017-03-22 07:39:15,0.2077043,-0.00242,1.0215,1.505101,4.241705,21.158,-1,7,39,15,-4.84e-06,301.0202,101.80092,2.043,294.979151759964,0.659915733120853,"April",59,9.868493151,"female","UWW","ASL","Yes",26.1,4.5,14.0484202779683,11.1850124257772,2,2016,"2.24","adult","ASFA","ASF","Early-year"
"Bella","2014-11-12",1197,6.73686164236701,0.512001484819893,4.01981286522094,-3.35933526466744,16.3508853173981,0.227727160988887,2014-11-12,2017-03-22 06:57:29,0.2070739,-0.0235,1.152127,1.501195,4.260456,21.771,-1,6,57,29,-4.7e-05,300.239,102.250944,2.304254,293.473029050079,0.889589761005691,"Bella",76,17.79178082,"female","UWW","AFS","No",25.1,3.5,22.8981275307708,11.7051284342854,11,2014,"11.12","adult","AFFA","AFF","Pre-moult"
"Bella","2014-12-06",1746,8.5930765768881,0.592922283805279,4.26224228832915,-0.799311277883252,18.3349936750271,0.199927292827548,2014-12-06,2017-03-22 07:05:47,0.208066,-0.0385,1.181659,1.500101,4.21733,22,-1,7,5,47,-7.7e-05,300.0202,101.21592,2.363318,293.014946883459,0.521884710839706,"Bella",69,17.85753425,"female","UWW","AFS","No",26.6,3.5,12.4942845343928,7.56354653390879,12,2014,"12.6","adult","AFFA","AFF","Pre-moult"
"Bella","2014-12-10",1566,7.8884133026246,0.544300517881098,4.95801170205385,-1.20465873886921,21.2436413759744,0.245565719462731,2014-12-10,2017-03-22 07:17:04,0.2093125,-0.0715,1.185565,1.497914,4.238737,22.643,0,7,17,4,-0.000143,299.5828,101.729688,2.37113,292.600081596656,0.0605069536554365,"Bella",69,17.86849315,"female","UWW","AFS","No",26.4,4.5,1.44857873698572,0.87691237181792,12,2014,"12.10","adult","AFFA","AFF","Pre-moult"
"Bella","2015-03-25",1535,7.23354093026934,0.535282028839931,3.7860551992626,-1.72261991467875,16.2906283033621,0.189403858871067,2015-03-25,2017-03-22 06:20:24,0.208278,0.00883,1.091345,1.500882,4.23108,22,-1,6,20,24,1.766e-05,300.1764,101.54592,2.18269,293.724225195577,0.444585529361489,"Bella",74,18.15616438,"female","UWW","AFS","Yes",26.5,4.5,11.2170618026244,6.00791255893905,3,2015,"3.25","adult","AFFA","AFF","Moult"
"Bella","2015-03-26",1948,5.94869395451423,0.440203352634053,3.48674423577765,-2.56572100305243,15.3890255807811,0.154839473775612,2015-03-26,2017-03-22 06:22:39,0.208863,0.00617,1.109314,1.50432,4.245143,23.056,-1,6,22,39,1.234e-05,300.864,101.883432,2.218628,294.312343057466,0.228078611835925,"Bella",74,18.15890411,"female","UWW","AFS","Yes",26.7,4.5,5.75451002306504,3.08214340318818,3,2015,"3.26","adult","AFFA","AFF","Moult"
"Bella","2015-03-27",1472,6.1796679778838,0.457295430363401,4.13736916916179,-3.01805744519799,15.5208270418061,0.211361771471166,2015-03-27,2017-03-22 06:16:05,0.2094085,0.00992,1.21119,1.502289,4.249831,22.704,-1,6,16,5,1.984e-05,300.4578,101.995944,2.42238,293.321996976656,0.0250439991954288,"Bella",74,18.16164384,"female","UWW","AFS","Yes",26.8,4.5,0.631869613847886,0.338432421559849,3,2015,"3.27","adult","AFFA","AFF","Moult"
"Bella","2015-03-28",1146,5.03280505172078,0.362361963723896,2.96542891738278,-3.07549147693513,12.8805782314622,0.171692482766665,2015-03-28,2017-03-22 06:44:55,0.2073162,0.000391,1.080876,1.506195,4.260612,20.714,-1,6,44,55,7.82e-07,301.239,102.254688,2.161752,294.870548602173,0.803862331037274,"Bella",72,18.16438356,"female","UWW","AFS","Yes",27,4,19.869230612342,11.1647545977399,3,2015,"3.28","adult","AFFA","AFF","Moult"
"Bella","2015-08-26",1615,5.80811800536146,0.453033204418194,1.91404984123608,0.344453149864117,10.9045467220648,0.0933518761161273,2015-08-26,2017-03-22 06:26:07,0.2081788,0.1725808,0.9079046,1.498695,4.269362,18.142,-1,6,26,7,0.0003451616,299.739,102.464688,1.8158092,294.427230214503,0.4825030999909,"Bella",78,18.57808219,"female","UWW","AFS","No",22.4,4.5,12.6640046105371,6.18593717937051,8,2015,"8.26","adult","AFFA","AFF","Post-moult"
"Bella","2015-08-30",1685,6.70075486292308,0.522658879308001,3.72192528961157,-2.79778875154754,16.6007007328552,0.177714870743589,2015-08-30,2017-03-22 07:33:17,0.2086198,0.151643,0.872279,1.504632,4.256549,16.475,-1,7,33,17,0.000303286,300.9264,102.157176,1.744558,295.787421231331,0.320083824705759,"Bella",78,18.5890411,"female","UWW","AFS","No",22.5,4.8,8.4010714789367,4.10363877827896,8,2015,"8.30","adult","AFFA","AFF","Post-moult"
"Bella","2015-09-02",1260,5.04789465044093,0.398783677384833,2.88995099223475,-1.65784248073108,12.1129082035656,0.159573685966881,2015-09-02,2017-03-22 06:32:50,0.2089034,0.1263301,0.7027451,1.506195,4.261706,13.294,-1,6,32,50,0.0002526602,301.239,102.280944,1.4054902,297.099534271586,0.215073384878596,"Bella",79,18.59726027,"female","UWW","AFS","No",22.4,4.5,5.699109333067,2.72244790985564,9,2015,"9.2","adult","AFFA","AFF","Post-moult"
"Bella","2016-02-23",1266,7.33649204991535,0.53556391964382,4.32471044044572,-1.62247101687621,17.620610027798,0.238229891665859,2016-02-23,2017-03-22 06:56:56,0.2092686,0.0118,0.9877495,1.504789,4.249674,21.342,-1,6,56,56,2.36e-05,300.9578,101.992176,1.975499,295.128511359838,0.0774129677232124,"Bella",73,19.0739726,"female","UWW","AFS","No",26.6,5,1.93332943032512,1.06045161264674,2,2016,"2.23","adult","AFFA","AFF","Moult"
"Bella","2016-02-24",1387,6.67849791359674,0.494208845606159,2.6082231331771,-1.16904912901513,13.8444591989182,0.137265875154479,2016-02-24,2017-03-22 07:12:01,0.2087228,-0.0082,0.9735305,1.502132,4.253112,21.536,-1,7,12,1,-1.64e-05,300.4264,102.074688,1.947061,294.695806664163,0.28056810730694,"Bella",74,19.07671233,"female","UWW","AFS","No",26.1,5,7.07883993441539,3.79146090955325,2,2016,"2.24","adult","AFFA","AFF","Moult"
"Bella","2016-02-28",1599,7.08348354783082,0.531261266087311,4.2841159404848,-1.90577094173153,17.6488558473818,0.209987312375365,2016-02-28,2017-03-22 07:50:21,0.2086641,0.00711,1.303692,1.504476,4.239362,24.067,-1,7,50,21,1.422e-05,300.8952,101.744688,2.607384,293.184238911232,0.300864826178751,"Bella",75,19.08767123,"female","UWW","AFS","No",26.1,5,7.66773977093906,4.01153101571669,2,2016,"2.28","adult","AFFA","AFF","Moult"
"Groucho","2014-03-11",811,5.43110684571311,0.988461445919787,2.76899896546636,0.636540326056717,10.4826464360169,0.190576101120479,2014-03-11,2017-03-22 06:26:02,0.2083595,-0.0279,1.34088,1.505414,4.252643,23.794,-1,6,26,2,-5.58e-05,301.0828,102.063432,2.68176,293.171721625446,0.413595038362583,"Groucho",182,15.11506849,"male","UWW","AFS","Yes",25.4,9,20.4941004792174,2.27250021078342,3,2014,"3.11","adult","AFMA","AFM","Moult"
"Groucho","2014-03-23",900,5.00544159405778,0.900979486957778,3.61625351450675,-1.046209537,12.95885632,0.236261896281107,2014-03-23,2017-03-22 06:07:00,0.2082014,0.0068,3.618258,1.505882,4.246549,23.551,3,6,7,0,1.36e-05,301.1764,101.917176,2.118095511,294.9171961,0.474896671,"Groucho",180,15.14794521,"male","UWW","AFS","Yes",26.1,9,23.33745554,2.638314836,3,2014,"3.23","adult","AFMA","AFM","Moult"
"Groucho","2014-03-28",2332,5.32910763426372,0.969897589441681,4.30173326368927,-2.514262347,17.98644899,0.174596396493194,2014-03-28,2017-03-22 06:03:50,0.2085636,0.0185,3.926388,1.60604,4.247799,23.048,2,6,3,50,3.7e-05,321.208,101.947176,2.229372987,314.1838482,0.362287422,"Groucho",182,15.16164384,"male","UWW","AFS","Yes",26.1,9,17.95175026,1.990590233,3,2014,"3.28","adult","AFMA","AFM","Moult"
"Groucho","2014-11-07",761,4.89913860628901,0.881844949132021,2.61535553902102,-2.06629208793285,12.3682433746575,0.185820865874948,2014-11-07,2017-03-22 07:28:47,0.2080717,0.0093,1.156346,1.999484,4.251237,21.768,-1,7,28,47,1.86e-05,399.8968,102.029688,2.312692,390.83239778223,0.693295914915842,"Groucho",180,15.77534247,"male","UWW","AFS","No",25,6.6,34.0700695441688,3.85164397175468,11,2014,"11.7","adult","AFMA","AFM","Pre-moult"
"Groucho","2014-12-05",1878,5.70555491173116,0.998472109552953,4.11881782706058,-0.275999663377219,15.5896943089175,0.186286276108881,2014-12-05,2017-03-22 07:00:40,0.2088821,-0.042,1.251191,1.749949,4.22983,22,-1,7,0,40,-8.4e-05,349.9898,101.51592,2.502382,341.362501191068,0.256302673835311,"Groucho",175,15.85205479,"male","UWW","AFS","No",26.5,9,12.3319476778504,1.46458670763035,12,2014,"12.5","adult","AFMA","AFM","Pre-moult"
"Groucho","2014-12-08",1348,6.42602933285194,1.13098116258194,5.06144329468309,-0.554853812311749,19.0198926841157,0.270200097189068,2014-12-08,2017-03-22 06:55:38,0.2079577,-0.0773,1.37588,1.749949,4.221861,22,-1,6,55,38,-0.0001546,349.9898,101.324664,2.75176,340.484829600611,0.652940365248067,"Groucho",176,15.86027397,"male","UWW","AFS","No",26.4,10,31.5506287706268,3.70988843890947,12,2014,"12.8","adult","AFMA","AFM","Pre-moult"
"Groucho","2015-03-22",1213,5.85720864289022,1.16558451993515,5.22949168302121,-0.887686175405731,17.5947760016388,0.294296534145684,2015-03-22,2017-03-22 06:26:20,0.207048,-0.0191,1.098064,1.755261,4.248112,22,-1,6,26,20,-3.82e-05,351.0522,101.954688,2.196128,343.490452904255,1.0524040131563,"Groucho",199,16.14520548,"male","UWW","AFS","Yes",26.3,10.5,55.7599406493803,5.28846237766985,3,2015,"3.22","adult","AFMA","AFM","Moult"
"Groucho","2015-03-27",1086,6.06614342258731,1.2435594016304,4.7715474982135,-0.959748923793655,15.9028528947277,0.283792170816273,2015-03-27,2017-03-22 07:39:50,0.2078593,0.00195,1.289473,1.755886,4.260924,24.017,-1,7,39,50,3.9e-06,351.1772,102.262176,2.578946,342.320875299544,0.698936632428433,"Groucho",205,16.15890411,"male","UWW","AFS","Yes",26.8,10.5,37.8663285668705,3.40944698745577,3,2015,"3.27","adult","AFMA","AFM","Moult"
"Groucho","2015-03-29",1306,4.99572408799905,1.02412343803981,3.93482634808863,-0.544469535150746,14.0412778199596,0.213407684510704,2015-03-29,2017-03-22 06:49:20,0.2088453,0.0809,1.257597,1.751824,4.270925,22.914,-1,6,49,20,0.0001618,350.3648,102.5022,2.515194,341.767565572142,0.272496866113588,"Groucho",205,16.16438356,"male","UWW","AFS","Yes",26.9,9,14.7630777769488,1.32925300543214,3,2015,"3.29","adult","AFMA","AFM","Moult"
"Groucho","2015-03-30",752,5.29169335002117,1.08479713675434,3.0869270279719,0.341921106870585,12.3114768117566,0.220634546497973,2015-03-30,2017-03-22 07:18:25,0.2083315,0.0262,1.231972,1.756511,4.26905,22.748,-1,7,18,25,5.24e-05,351.3022,102.4572,2.463944,342.853902097297,0.495800678851998,"Groucho",205,16.16438356,"male","UWW","AFS","Yes",26.7,9,26.8610207821802,2.41853989683902,3,2015,"3.30","adult","AFMA","AFM","Moult"
"Groucho","2015-08-24",1044,2.81661086901158,0.681619830300801,2.08662859697968,-0.728424865424073,7.15537910037091,0.126575886302243,2015-08-24,2017-03-22 07:02:17,0.2064194,0.1269551,0.9685305,1.752136,4.26405,19.902,-1,7,2,17,0.0002539102,350.4272,102.3372,1.937061,343.794236986949,1.32519820285384,"Groucho",242,16.56986301,"male","UWW","AFS","No",22.2,8.9,81.3097007560431,5.47602563162745,8,2015,"8.24","adult","AFMA","AFM","Post-moult"
"Groucho","2015-08-27",1766,4.33087253889318,1.04807115441215,3.22711661304831,-0.849667296159337,10.3927959901924,0.150513474348169,2015-08-27,2017-03-22 06:25:05,0.2049381,0.1364865,0.8829042,1.740886,4.265768,18.432,-1,6,25,5,0.000272973,348.1772,102.378432,1.7658084,342.171889970945,1.95521422020238,"Groucho",242,16.57808219,"male","UWW","AFS","No",22.5,8,119.965362778378,8.07939760414204,8,2015,"8.27","adult","AFMA","AFM","Post-moult"
"Groucho","2015-09-02",1307,3.06605886096593,0.741986244353755,1.95632541013269,-0.660875749824483,7.25958029697239,0.106061892824896,2015-09-02,2017-03-22 06:56:58,0.2079528,0.1338302,0.7347769,1.759636,4.255143,14.272,-1,6,56,58,0.0002676604,351.9272,102.123432,1.4695538,346.86297581604,0.667314997899056,"Groucho",242,16.59452055,"male","UWW","AFS","No",22.4,4.5,40.9442019105847,2.75749999131841,9,2015,"9.2","adult","AFMA","AFM","Post-moult"
"Groucho","2016-02-21",1730,6.55324006794487,1.28443505331719,2.51105531406031,-0.804326910115419,12.8498095099842,0.118328483695118,2016-02-21,2017-03-22 08:31:53,0.2066744,0.0260161,1.279004,1.755261,4.250143,23.454,-1,8,31,53,5.20322e-05,351.0522,102.003432,2.558008,342.248630174843,1.20949262850895,"Groucho",196,17.06575342,"male","UWW","AFS","Yes",26.8,9,63.3570983879282,6.17088075769875,2,2016,"2.21","adult","AFMA","AFM","Moult"
"Groucho","2016-02-23",1220,6.22741282703353,1.2268003269256,3.69289848293099,-0.78807096086317,13.0426187037885,0.207225656971417,2016-02-23,2017-03-22 07:12:04,0.2062879,0.0609,1.113376,1.760418,4.256237,21.476,-1,7,12,4,0.0001218,352.0836,102.149688,2.226752,344.408560792174,1.38449661456958,"Groucho",197,17.07123288,"male","UWW","AFS","Yes",26.6,10.5,72.8017078890972,7.02790159679989,2,2016,"2.23","adult","AFMA","AFM","Moult"
"Groucho","2016-02-24",1647,7.2182126292503,1.42920610059156,1.73046118606214,1.76983506324329,11.7550387025556,0.0835739895301632,2016-02-24,2017-03-22 06:51:01,0.2058355,0.0057,1.12072,1.753855,4.236393,23.214,-1,6,51,1,1.14e-05,350.771,101.673432,2.24144,343.03808359525,1.57395116146487,"Groucho",198,17.0739726,"male","UWW","AFS","Yes",26.1,9.5,83.0787866447829,7.94924829022662,2,2016,"2.24","adult","AFMA","AFM","Moult"
"Malie","2014-05-20",1806,6.16382903148149,0.986212645037038,2.44435975839304,-1.13690482546103,10.1701946482215,0.112735922686296,2014-05-20,2017-03-22 23:38:47,0.2079359,-0.0707,0.7664961,2.007609,4.247174,15.002,-1,23,38,47,-0.0001414,401.5218,101.932176,1.5329922,395.483178912092,0.769281928144471,"Malie",160,12.55616438,"male","Taronga","ASL","No",20.2,NA,34.6079215134199,4.80801205090295,5,2014,"5.20","adult","ASMA","ASM","Early-year"
"Malie","2014-05-29",693,5.8441303335405,0.93506085336648,2.28983464507056,0.362921407574047,11.4702366817282,0.170487905751001,2014-05-29,2017-03-22 06:47:57,0.2076979,-0.0601,0.7607148,2.002765,4.247955,15.132,-1,6,47,57,-0.0001202,400.553,101.95092,1.5214296,394.575484637031,0.885911721248015,"Malie",160,12.58082192,"male","Taronga","ASL","No",20.9,NA,39.8547817062618,5.5369482578001,5,2014,"5.29","adult","ASMA","ASM","Early-year"
"Malie","2014-11-18",786,5.69555571895355,0.916984470751521,2.34079986149758,0.213242975999153,10.1086448329458,0.163647389341446,2014-11-18,2017-03-22 06:59:04,0.2069987,-0.0626,1.030094,1.74823,4.239674,21.066,-1,6,59,4,-0.0001252,349.646,101.752176,2.060188,342.566677259541,1.07083176771928,"Malie",161,13.05753425,"male","Taronga","ASL","No",23.1,NA,48.399475323413,6.65112899204525,11,2014,"11.18","adult","ASMA","ASM","Late-year"
"Malie","2014-11-28",1311,4.56181088178842,0.697957064913628,1.22613357922441,1.03929291178616,7.40410354775737,0.0663731626115171,2014-11-28,2017-03-22 07:02:32,0.2067971,-0.0157,0.9657179,1.480413,4.262018,21,-1,7,2,32,-3.14e-05,296.0826,102.288432,1.9314358,290.49189416733,0.981747212228073,"Malie",153,13.08219178,"male","Taronga","ASL","No",23.8,NA,42.7088866104428,6.41664844593512,11,2014,"11.28","adult","ASMA","ASM","Late-year"
"Malie","2015-02-25",1640,4.94304024708757,0.815601640769449,2.55199084169671,0.0806432174484067,11.043304868863,0.123513167351405,2015-02-25,2017-03-22 07:19:36,0.205995,-0.0691416,1.193065,1.754167,4.22233,22,-1,7,19,36,-0.0001382832,350.8334,101.33592,2.38613,342.572419088769,1.50319092747742,"Malie",165,13.3260274,"male","Taronga","ASL","Yes",26.4,NA,69.203347729793,9.11024804531771,2,2015,"2.25","adult","ASMA","ASM","Early-year"
"Malie","2015-02-27",725,4.84605338324458,0.794752754852112,2.64318580116144,-0.347417734067848,12.013760481867,0.19240429423489,2015-02-27,2017-03-22 06:47:05,0.2067597,-0.0885169,1.063219,1.760574,4.195767,22.367,-1,6,47,5,-0.0001770338,352.1148,100.698408,2.126438,344.67922772082,1.18109711404759,"Malie",164,13.33150685,"male","Taronga","ASL","Yes",25.5,NA,54.1275655172555,7.20181167102187,2,2015,"2.27","adult","ASMA","ASM","Early-year"
"Malie","2015-03-02",883,4.21054493554036,0.694739914364159,2.33855906500362,-0.915444282577611,9.82938124811491,0.154249605837343,2015-03-02,2017-03-22 06:51:20,0.2095107,-0.0738,1.00025,1.756511,4.229518,19.594,-1,6,51,20,-0.0001476,351.3022,101.508432,2.0005,344.378833760829,-0.0151170175477372,"Malie",165,13.33972603,"male","Taronga","ASL","Yes",25.8,NA,-0.695951660478042,-0.0916182881681043,3,2015,"3.2","adult","ASMA","ASM","Early-year"
"Malie","2015-07-30",1543,6.0043416256552,1.02073807636138,1.81779529146164,0.998189865297922,9.73386077225604,0.0907022545924802,2015-07-30,2017-03-22 06:54:46,0.2088254,0.1680495,0.5878997,1.763386,4.260143,10.672,-1,6,54,46,0.000336099,352.6772,102.243432,1.1757994,348.621412434558,0.286726090206614,"Malie",170,13.75068493,"male","Taronga","ASL","No",15.7,NA,13.49907168926,1.68662406003891,7,2015,"7.30","adult","ASMA","ASM","Mid-year"
"Malie","2015-08-06",1203,5.46427192872403,0.961711859455429,1.5817004470092,1.64962924496355,9.37122452459927,0.0893814704321781,2015-08-06,2017-03-22 06:49:15,0.2072874,0.1713308,0.5199299,1.758386,4.226549,8.964001,-1,6,49,15,0.0003426616,351.6772,101.437176,1.0398598,348.072062344585,0.961522995210139,"Malie",176,13.76986301,"male","Taronga","ASL","No",15.6,NA,46.4616015350355,5.46319883642125,8,2015,"8.6","adult","ASMA","ASM","Mid-year"
"Malie","2015-08-07",1101,6.20158669519551,1.09768084504961,1.53225986352884,1.69246653904823,9.01580583947065,0.0905096400127054,2015-08-07,2017-03-22 06:52:57,0.20721,0.1274239,0.5122735,1.757293,4.248112,8.648001,-1,6,52,57,0.0002548478,351.4586,101.954688,1.024547,347.926777566742,0.99503402841599,"Malie",177,13.77260274,"male","Taronga","ASL","No",15.7,NA,48.2856278547199,5.62166117749147,8,2015,"8.7","adult","ASMA","ASM","Mid-year"
"Malie","2016-02-03",706,4.95083326375058,0.866395821156352,2.3113410920308,1.06091459179751,10.4474220706943,0.170497400261293,2016-02-03,2017-03-22 07:12:14,0.2058531,-0.000547,1.07197,1.530258,4.172017,21,-1,7,12,14,-1.094e-06,306.0516,100.128408,2.14394,299.498452093124,1.36756039594169,"Malie",175,14.26575342,"male","Taronga","ASL","Yes",25,NA,65.7998724581775,7.81463083395252,2,2016,"2.3","adult","ASMA","ASM","Early-year"
"Malie","2016-02-07",686,3.92918125371899,0.687606719400823,1.92392445839917,-0.112837278282975,9.16349816897337,0.143973323227286,2016-02-07,2017-03-22 07:10:33,0.2060801,0.0558603,1.104626,1.501664,4.222955,21.356,-1,7,10,33,0.0001117206,300.3328,101.35092,2.209252,293.7861318586,1.25771194042916,"Malie",175,14.27671233,"male","Taronga","ASL","Yes",25.5,NA,60.5145377966137,7.18692537388089,2,2016,"2.7","adult","ASMA","ASM","Early-year"
"Malie","2016-02-09",491,5.90770647804134,1.03384863365724,2.71733587766596,0.21449868482582,11.475912855929,0.240358036855178,2016-02-09,2017-03-22 23:57:34,0.2080827,0.00336,1.087439,1.512289,4.240612,22.73,-1,23,57,34,6.72e-06,302.4578,101.774688,2.174878,295.994416735702,0.520956153476603,"Malie",175,14.28219178,"male","Taronga","ASL","Yes",26,NA,25.0656925696207,2.97689230558059,2,2016,"2.9","adult","ASMA","ASM","Early-year"
"Mav","2014-05-21",1192,5.6075682901811,0.622440080210102,2.25737508094255,-0.0256306784307942,10.4611080477643,0.128150902851858,2014-05-21,2017-03-22 07:30:59,0.2081777,0.0685,0.8096218,1.504632,4.256237,16.437,-1,7,30,59,0.000137,300.9264,102.149688,1.6192436,296.15621267186,0.485747547296922,"Mav",111,13.47671233,"male","Taronga","NZFS","No",19,NA,16.6112705028101,4.376104029702,5,2014,"5.21","adult","NFMA","NFM","Moult"
"Mav","2014-05-27",1537,5.97438544134091,0.663156783988841,1.70092426115236,0.977648535805851,10.192560282431,0.0850362526055404,2014-05-27,2017-03-22 07:02:48,0.2078551,-0.066,0.8708727,1.519789,4.229518,15.977,-1,7,2,48,-0.000132,303.9578,101.508432,1.7417454,298.742301252624,0.611541708709492,"Mav",111,13.49315068,"male","Taronga","NZFS","No",19,NA,20.9130952974519,5.50938476314858,5,2014,"5.27","adult","NFMA","NFM","Moult"
"Mav","2014-11-20",904,5.07270312359019,0.776123577909299,1.75111320675879,0.70118324574225,9.70423603121248,0.114152671472133,2014-11-20,2017-03-22 07:00:36,0.2066842,0.00539,1.071657,1.740261,4.227643,20.958,-1,7,0,36,1.078e-05,348.0522,101.463432,2.143314,340.69994374091,1.19981983762381,"Mav",153,13.97808219,"male","Taronga","NZFS","No",24,NA,52.1956861804978,7.84195972303142,11,2014,"11.20","adult","NFMA","NFM","Pre-moult"
"Mav","2014-11-26",1281,5.28076418860484,0.850203034365378,1.63702812088168,0.76643287009492,9.93443809888053,0.0896473892300343,2014-11-26,2017-03-22 06:58:34,0.2087029,-0.0766,0.9802494,1.751824,4.240143,20.53,-1,6,58,34,-0.0001532,350.3648,101.763432,1.9604988,343.614931639013,0.335778586494459,"Mav",161,13.99452055,"male","Taronga","NZFS","No",24,NA,15.1765271642831,2.08558128257428,11,2014,"11.26","adult","NFMA","NFM","Pre-moult"
"Maxine","2014-05-04",922,6.75920695053474,0.473144486537432,1.99378809276832,0.200443269107677,11.4247130379285,0.128697351291601,2014-05-04,2017-03-22 04:59:29,0.2079666,-0.191956,0.6647758,1.506664,4.192642,11.916,-1,4,59,29,-0.000383912,301.3328,100.623408,1.3295516,297.35124626081,0.566886576785606,"Maxine",70,16.80273973,"female","DMM","ASL","Yes",15,NA,13.7189130490512,8.09837966836579,5,2014,"5.4","adult","ASFA","ASF","Early-year"
"Maxine","2014-05-09",1591,8.2795007426002,0.579565051982014,3.16921644151145,0.0540704411393243,17.3248174308375,0.155730214525984,2014-05-09,2017-03-22 04:30:27,0.2071372,0.1889873,0.7394645,1.501195,4.279831,15.488,2,4,30,27,0.0003779746,300.239,102.715944,1.478929,295.916086275613,0.873413521848147,"Maxine",70,16.81643836,"female","DMM","ASL","Yes",16,NA,21.1370045663156,12.4773360264021,5,2014,"5.9","adult","ASFA","ASF","Early-year"
"Maxine","2014-10-26",1678,6.42748362000574,0.43706888616039,3.6722898793669,-2.40708071025354,14.7041760243311,0.175710230666316,2014-10-26,2017-03-22 05:27:16,0.2092593,-0.0766,0.9394675,1.501195,4.234362,18.514,-1,5,27,16,-0.0001532,300.239,101.624688,1.878935,294.687892522406,0.0807627159771993,"Maxine",68,17.28219178,"female","DMM","ASL","No",19,NA,1.91246105479804,1.1876869996647,10,2014,"10.26","adult","ASFA","ASF","Late-year"
"Maxine","2014-11-02",1529,5.69430741440949,0.387212904179845,3.72218439458414,-4.89913833777144,16.1419732739595,0.186573609095408,2014-11-02,2017-03-22 05:31:06,0.2092464,0.0068,1.004781,1.749167,4.233111,20.802,-1,5,31,6,1.36e-05,349.8334,101.594664,2.009562,342.913628042579,0.0995727890218227,"Maxine",68,17.30136986,"female","DMM","ASL","No",20,NA,2.35788357062706,1.46430572090916,11,2014,"11.2","adult","ASFA","ASF","Late-year"
"Maxine","2015-03-17",1211,5.51376784581542,0.402505052744526,3.09405753503456,-2.94328179895853,13.878373662429,0.174265888571962,2015-03-17,2017-03-22 06:37:16,0.2091243,-0.0729,1.007281,1.502289,4.23983,18.964,-1,6,37,16,-0.0001458,300.4578,101.75592,2.014562,294.509341507525,0.130979050784622,"Maxine",73,17.67123288,"female","DMM","ASL","No",22.5,NA,3.27110122613254,1.79423357239209,3,2015,"3.17","adult","ASFA","ASF","Early-year"
"Maxine","2015-03-18",1696,5.62771899725639,0.410823486799716,3.38256022741911,-1.47181353908617,14.6302167694925,0.160986213445744,2015-03-18,2017-03-22 05:58:13,0.2087282,0.0161722,1.13447,1.504632,4.219518,21.752,-1,5,58,13,3.23444e-05,300.9264,101.268432,2.26894,294.184082255651,0.278074418323487,"Maxine",73,17.6739726,"female","DMM","ASL","No",23.5,NA,6.94469508890993,3.80923860717105,3,2015,"3.18","adult","ASFA","ASF","Early-year"
"Maxine","2015-03-19",1446,6.43122099646686,0.469479132742081,2.25141185600412,0.309589640888672,12.7120564717509,0.116045117778001,2015-03-19,2017-03-22 06:21:58,0.2086925,0.0268,1.199315,1.504632,4.213424,22.536,-1,6,21,58,5.36e-05,300.9264,101.122176,2.39863,293.788390125371,0.29094731834086,"Maxine",73,17.67671233,"female","DMM","ASL","No",24,NA,7.26618588288394,3.98557970329945,3,2015,"3.19","adult","ASFA","ASF","Early-year"
"Maxine","2015-07-22",1186,7.92277835789295,0.53874892833672,2.25476908610639,1.1416670756984,13.1645927407366,0.128326337265231,2015-07-22,2017-03-22 06:04:26,0.2078232,-0.00383,0.6285253,1.505882,4.290456,11.034,0,6,4,26,-7.66e-06,301.1764,102.970944,1.2570506,297.49969315806,0.620963348707239,"Maxine",68,18.01917808,"female","DMM","ASL","No",17,NA,14.7044116395843,9.13181395157704,7,2015,"7.22","adult","ASFA","ASF","Mid-year"
"Maxine","2015-07-23",1641,6.83307472361018,0.464649081205492,2.1176638488293,0.659498820385303,12.7377162186769,0.102461050338291,2015-07-23,2017-03-22 06:05:50,0.2082206,0.1274239,0.8007154,1.501976,4.278112,16.392,-1,6,5,50,0.0002548478,300.3952,102.674688,1.6014308,295.709896009087,0.469009376000349,"Maxine",68,18.01917808,"female","DMM","ASL","No",17.5,NA,11.1061416779127,6.89719670588749,7,2015,"7.23","adult","ASFA","ASF","Mid-year"
"Maxine","2015-07-24",683,7.74471206491887,0.526640420414483,1.27419908572035,3.83364003725539,10.766277018323,0.0955615111164906,2015-07-24,2017-03-22 05:52:09,0.2083937,0.1261739,0.7797776,1.505257,4.266393,16.263,-1,5,52,9,0.0002523478,301.0514,102.393432,1.5595552,296.466083665088,0.405445238405799,"Maxine",68,18.01917808,"female","DMM","ASL","No",18,NA,9.60094294653621,5.96242997655587,7,2015,"7.24","adult","ASFA","ASF","Mid-year"
"Maxine","2016-02-18",1982,6.86020809391462,0.469924254433151,4.65867408471829,-2.43455497709521,20.2381045216989,0.205100431977113,2016-02-18,2017-03-22 04:58:08,0.2092005,0.00758,1.127127,1.508226,4.200767,22.146,-1,4,58,8,1.516e-05,301.6452,100.818408,2.254254,294.900549770244,0.102745086100765,"Maxine",68.5,18.59726027,"female","DMM","ASL","No",25,NA,2.44640856772919,1.49992826424474,2,2016,"2.18","adult","ASFA","ASF","Early-year"
"Maxine","2016-02-19",1363,6.59480808694039,0.451744353955417,2.14708251373557,0.148044587582582,12.278384188311,0.113987408055727,2016-02-19,2017-03-22 06:28:21,0.2088995,0.012,1.272598,1.501195,4.227487,23.572,-1,6,28,21,2.4e-05,300.239,101.459688,2.545196,292.707268758682,0.213336154000583,"Maxine",68.5,18.6,"female","DMM","ASL","No",26,NA,5.07963363271283,3.11439640876764,2,2016,"2.19","adult","ASFA","ASF","Early-year"
"Maxine","2016-02-20",1797,6.73696317600671,0.46148197755646,3.50115902379787,-1.76203341658865,15.4360419128388,0.161880251263706,2016-02-20,2017-03-22 05:40:54,0.2080162,0.00477,1.352911,1.496976,4.237799,24.656,-1,5,40,54,9.54e-06,299.3952,101.707176,2.705822,291.430077471631,0.53736770495586,"Maxine",68.5,18.60273973,"female","DMM","ASL","No",25.5,NA,12.7949764540146,7.84478401395416,2,2016,"2.20","adult","ASFA","ASF","Early-year"
"Miri","2014-05-04",1414,9.22727282203659,0.40600000416961,4.48544248024093,-2.84165901233896,21.6584902863669,0.23379577489915,2014-05-04,2017-03-22 04:41:29,0.2085645,-0.1525804,0.6507131,1.503539,4.19608,11.704,-1,4,41,29,-0.0003051608,300.7078,100.70592,1.3014262,296.821742363425,0.341929761755474,"Miri",44,5.071232877,"female","DMM","ASL","No",15,NA,5.84152730479901,7.77113094898804,5,2014,"5.4","sub","ASFS","ASF","Early-year"
"Miri","2014-05-09",1175,11.8117183624405,0.51971560794738,4.00267052055769,0.494872492710136,20.5682289864804,0.228869004568408,2014-05-09,2017-03-22 04:50:17,0.2085481,0.2300817,0.7493084,1.507445,4.278737,16.478,-1,4,50,17,0.0004601634,301.489,102.689688,1.4986168,297.089176714772,0.348389714190842,"Miri",44,5.084931507,"female","DMM","ASL","No",16,NA,5.95188911812925,7.91794804979187,5,2014,"5.9","sub","ASFS","ASF","Early-year"
"Miri","2014-10-26",2128,8.83003272680673,0.415011538159917,3.29598208529997,-1.35348280170555,18.1883223425822,0.140040967351288,2014-10-26,2017-03-22 05:29:45,0.2083784,-0.0745,0.9429051,1.504789,4.227799,18.744,-1,5,29,45,-0.000149,300.9578,101.467176,1.8858102,295.364372535245,0.409642511041525,"Miri",47,5.550684932,"female","DMM","ASL","No",19,NA,7.35323444788239,8.71579810726649,10,2014,"10.26","sub","ASFS","ASF","Late-year"
"Miri","2014-11-02",1758,7.14712830270087,0.335915030226941,6.54541324358402,-8.12686378128198,25.5936250601036,0.305973424239961,2014-11-02,2017-03-22 05:12:57,0.2091292,0.0137,1.021031,2.006515,4.225611,21.09,-1,5,12,57,2.74e-05,401.303,101.414664,2.042062,393.222456472429,0.172444738978525,"Miri",47,5.569863014,"female","DMM","ASL","No",20,NA,3.09544678795419,3.66903699954308,11,2014,"11.2","sub","ASFS","ASF","Late-year"
"Miri","2015-03-17",1318,7.36509364297614,0.346159401219878,4.6493721135553,-6.20214523645319,19.3408521893799,0.251010953050823,2015-03-17,2017-03-22 06:22:45,0.2071711,-0.0726,1.006187,1.503382,4.233893,19.049,-1,6,22,45,-0.0001452,300.6764,101.613432,2.012374,294.721740681204,0.857308988602299,"Miri",47,5.939726027,"female","DMM","ASL","No",22.5,NA,15.3890131457343,18.2406167787723,3,2015,"3.17","sub","ASFS","ASF","Early-year"
"Miri","2015-03-18",1244,7.7983070907785,0.366520433266589,4.11619197705324,-2.49682568307265,17.7278930706309,0.22873967673602,2015-03-18,2017-03-22 06:42:50,0.2080471,0.0135,1.144314,1.499476,4.219205,22.51,-1,6,42,50,2.7e-05,299.8952,101.26092,2.288628,293.117179893274,0.529054608645985,"Miri",47,5.942465753,"female","DMM","ASL","No",23.5,NA,9.49672572608618,11.256481035021,3,2015,"3.18","sub","ASFS","ASF","Early-year"
"Miri","2015-03-19",1233,6.44217890280936,0.30278240843204,4.09972847008102,-3.12454473278657,17.4036028118258,0.228838781647579,2015-03-19,2017-03-22 06:00:34,0.2082171,0.00977,1.195253,1.501039,4.210611,22.654,-1,6,0,34,1.954e-05,300.2078,101.054664,2.390506,293.106212416207,0.466174230535326,"Miri",47,5.945205479,"female","DMM","ASL","No",24,NA,8.36799970289203,9.91860064968779,3,2015,"3.19","sub","ASFS","ASF","Early-year"
"Miri","2015-07-22",1669,10.2838162920873,0.462771733143929,5.09724309829608,-2.23309855400631,23.0423293649571,0.244547512454192,2015-07-22,2017-03-22 06:39:30,0.2084961,0.0182,0.6385254,1.504945,4.299206,17.066,-1,6,39,30,3.64e-05,300.989,103.180944,1.2770508,297.26371674187,0.368110451915306,"Miri",45,6.287671233,"female","DMM","ASL","No",17,NA,6.39569189664648,8.18023226478457,7,2015,"7.22","sub","ASFS","ASF","Mid-year"
"Miri","2015-07-23",2074,9.78106707649758,0.440148018442391,4.57854860288926,-1.56768028952884,21.9253810996705,0.197051399682522,2015-07-23,2017-03-22 05:52:17,0.207654,0.1222676,0.8055592,1.498851,4.282487,16.294,-1,5,52,17,0.0002445352,299.7702,102.779688,1.6111184,295.071165644188,0.678828477585473,"Miri",45,6.287671233,"female","DMM","ASL","No",17.5,NA,11.7942258110758,15.0850772796772,7,2015,"7.23","sub","ASFS","ASF","Mid-year"
"Miri","2015-07-24",1283,9.06994155541973,0.408147369993888,2.5627447214764,2.79982374683043,16.1620306487641,0.140232310889788,2015-07-24,2017-03-22 06:07:03,0.2083407,0.1203925,0.77759,1.501351,4.256081,15.934,-1,6,7,3,0.000240785,300.2702,102.145944,1.55518,295.698562680402,0.424176020692639,"Miri",45,6.287671233,"female","DMM","ASL","No",18,NA,7.36979654932439,9.42613379316976,7,2015,"7.24","sub","ASFS","ASF","Mid-year"
"Miri","2016-02-18",1521,8.67927161422256,0.438303216518239,5.01023704046718,-2.54278461225951,20.4246359924813,0.251796528187581,2016-02-18,2017-03-22 05:20:21,0.2089568,-0.0032,1.144783,1.506664,4.201392,21.848,-1,5,20,21,-6.4e-06,301.3328,100.833408,2.289566,294.490610022996,0.193313839791635,"Miri",50.5,6.865753425,"female","DMM","ASL","No",25,NA,3.66211080684364,3.82799682755713,2,2016,"2.18","sub","ASFS","ASF","Early-year"
"Miri","2016-02-19",1761,7.11488729884763,0.359301808591805,3.36602271080354,-2.22573963395588,14.7297945403488,0.15721480278198,2016-02-19,2017-03-22 06:11:00,0.2086048,-0.00539,1.269629,1.502914,4.223736,23.404,-1,6,11,0,-1.078e-05,300.5828,101.369664,2.539258,293.053355297861,0.322676086760256,"Miri",50.5,6.868493151,"female","DMM","ASL","No",26,NA,6.11273143044713,6.38962548040111,2,2016,"2.19","sub","ASFS","ASF","Early-year"
"Miri","2016-02-20",786,8.55188571965754,0.431870228842705,2.83984963267049,1.36670006194984,15.3663357205857,0.198536400378744,2016-02-20,2017-03-22 05:58:29,0.20912,7.82e-05,1.360099,1.507757,4.23483,24.644,-1,5,58,29,1.564e-07,301.5514,101.63592,2.720198,293.480636089198,0.132116772660791,"Miri",50.5,6.871232877,"female","DMM","ASL","No",25.5,NA,2.50280197966107,2.61617371605527,2,2016,"2.20","sub","ASFS","ASF","Early-year"
"Portia","2014-03-10",1337,8.54636627796995,0.632431104569776,1.95609225472017,1.65982556281127,13.1759221635762,0.10485272003468,2014-03-10,2017-03-22 08:38:08,0.2079672,-0.0249,1.322442,1.505726,4.258268,21.784,-1,8,38,8,-4.98e-05,301.1452,102.198432,2.644884,293.351595875459,0.559039453419553,"Portia",74,24.38082192,"female","UWW","ASL","No",25.4,4,14.104777787344,7.55458720837234,3,2014,"3.10","adult","ASFA","ASF","Early-year"
"Portia","2014-03-28",5032,6.94795413306002,0.521096559980922,2.95452852736146,-3.106553126,15.48598208,0.0816345386636707,2014-03-28,2017-03-22 06:23:10,0.2082427,0.0115,3.682634,1.405412,4.235768,21.652,2,6,23,10,2.3e-05,281.0824,101.658432,1.919943715,275.7738154,0.429699652,"Portia",75,24.43013699,"female","UWW","ASL","No",26.1,4.4,10.95118081,5.729328693,3,2014,"3.28","adult","ASFA","ASF","Early-year"
"Portia","2014-11-07",1509,6.31908535096949,0.467612315971743,2.73269019562508,-2.32273096191947,14.1660964012992,0.137880182666926,2014-11-07,2017-03-22 07:58:35,0.2078603,0.00633,1.175565,1.500414,4.2553,21.5,-1,7,58,35,1.266e-05,300.0828,102.1272,2.35113,293.174418358635,0.598221774677264,"Portia",74,25.04383562,"female","UWW","ASL","No",25,3,15.0933626379334,8.08407803617924,11,2014,"11.7","adult","ASFA","ASF","Late-year"
"Portia","2014-12-05",1647,7.77695813760646,0.544387069632452,2.15880025190467,2.00497572346466,12.6983230014231,0.104260962975401,2014-12-05,2017-03-22 07:11:14,0.2087051,0.00664,1.182284,1.500882,4.230299,22,-1,7,11,14,1.328e-05,300.1764,101.527176,2.364568,293.185291434199,0.285684373781976,"Portia",70,25.12054795,"female","UWW","ASL","No",26.5,3.5,6.91369181046923,4.08120533974251,12,2014,"12.5","adult","ASFA","ASF","Late-year"
"Portia","2014-12-08",1231,7.47391329114491,0.523173930380144,1.84877761899844,1.93817249599575,12.9134046193929,0.103278927629465,2014-12-08,2017-03-22 07:23:57,0.2079858,0.0105,1.229316,1.495101,4.239518,22,-1,7,23,57,2.1e-05,299.0202,101.748432,2.458632,291.794726172881,0.549227769890192,"Portia",70,25.12876712,"female","UWW","ASL","No",26.4,4,13.2915618887506,7.84611099843131,12,2014,"12.8","adult","ASFA","ASF","Late-year"
"Portia","2015-03-22",810,8.80077550047697,0.624855060533865,1.94949577755939,2.62464591025689,13.7825286200324,0.134256666823317,2015-03-22,2017-03-22 06:47:48,0.2078267,0.0318,1.08572,1.50182,4.23983,22,-1,6,47,48,6.36e-05,300.364,101.75592,2.17144,293.954324728429,0.612266065845788,"Portia",71,25.41369863,"female","UWW","ASL","No",26.3,3.5,14.9755903403338,8.62346571613785,3,2015,"3.22","adult","ASFA","ASF","Early-year"
"Portia","2015-03-29",2056,8.3150138519772,0.598680997342359,2.68685782930118,0.0521406754084206,14.4519100195495,0.116141974008601,2015-03-29,2017-03-22 07:12:30,0.2079899,-0.0532,1.235878,1.502914,4.272018,21.534,-1,7,12,30,-0.0001064,300.5828,102.528432,2.471756,293.336348211907,0.550612675491286,"Portia",72,25.43287671,"female","UWW","ASL","No",26.9,3.5,13.6096067759489,7.64739827071231,3,2015,"3.29","adult","ASFA","ASF","Early-year"
"Portia","2015-03-30",857,7.76696029845971,0.559221141489099,1.8217700334764,2.65898366211299,12.0700519244953,0.121971738622664,2015-03-30,2017-03-22 07:00:39,0.2076777,0.1017985,1.218222,1.506195,4.263424,21.185,-1,7,0,39,0.000203597,301.239,102.322176,2.436444,294.06604900533,0.66773222525533,"Portia",72,25.43561644,"female","UWW","ASL","No",26.7,3.5,16.504474782107,9.2740586841018,3,2015,"3.30","adult","ASFA","ASF","Early-year"
"Portia","2015-08-22",1037,5.16008958481198,0.371526450106463,1.3084027539689,1.23870775894155,8.49967633872364,0.0796357625026485,2015-08-22,2017-03-22 07:37:12,0.2083455,0.1277364,0.9074358,1.502289,4.282956,17.94,-1,7,37,12,0.0002554728,300.4578,102.790944,1.8148716,295.152932596326,0.421605277622269,"Portia",72,25.83287671,"female","UWW","ASL","Yes",20.7,4.5,10.4209043825303,5.85562885586485,8,2015,"8.22","adult","ASFA","ASF","Mid-year"
"Portia","2015-08-26",1089,5.77793125612672,0.416011050441124,1.12872895449625,2.38350071942321,10.3704724816517,0.0670396591155348,2015-08-26,2017-03-22 06:44:46,0.2083943,0.0596,0.888998,1.50432,4.252331,18.384,-1,6,44,46,0.0001192,300.864,102.055944,1.777996,295.622414183656,0.404067557115575,"Portia",72,25.84383562,"female","UWW","ASL","Yes",22.4,4.5,9.98742093678568,5.61204940438298,8,2015,"8.26","adult","ASFA","ASF","Mid-year"
"Portia","2015-08-30",1568,8.23245052011866,0.592736437448543,2.07703896223941,2.47104567918868,13.4968622706376,0.102808183449171,2015-08-30,2017-03-22 07:49:05,0.207637,0.1424241,0.8782166,1.499789,4.244831,16.58,-1,7,49,5,0.0002848482,299.9578,101.875944,1.7564332,294.786256867904,0.684488903948001,"Portia",72,25.85479452,"female","UWW","ASL","Yes",22.5,4.5,16.9186530566531,9.50679033261113,8,2015,"8.30","adult","ASFA","ASF","Mid-year"
"Portia","2016-02-21",948,8.98864517262069,0.683137033119172,3.30200839337988,0.600158749583378,17.8900628698297,0.210198724101812,2016-02-21,2017-03-22 09:12:12,0.2076021,0.0182,1.143221,1.506195,4.258581,22.399,-1,9,12,12,3.64e-05,301.239,102.205944,2.286442,294.500003473164,0.696777079573583,"Portia",76,26.33424658,"female","UWW","ASL","Yes",26.8,1.9,17.9351102361573,9.16811946807346,2,2016,"2.21","adult","ASFA","ASF","Early-year"
"Portia","2016-02-28",986,9.64599457723618,0.733095587869949,1.92097155805738,3.87842835403459,14.5060442138582,0.119905346552065,2016-02-28,2017-03-22 08:21:35,0.2078624,0.00492,1.333692,1.502445,4.235768,24.668,-1,8,21,35,9.84e-06,300.489,101.658432,2.667384,292.604562526323,0.596284225035621,"Portia",76,26.35342466,"female","UWW","ASL","Yes",26.8,1.9,15.3484143230434,7.84584506625817,2,2016,"2.28","adult","ASFA","ASF","Early-year"
"Rocky","2014-05-04",2142,6.74126894691284,0.728057046266587,2.65831045208382,-1.14888368580407,12.5160146178151,0.112577613248693,2014-05-04,2017-03-22 05:10:38,0.208297,-0.212425,0.6452443,2.00714,4.201392,12.044,-1,5,10,38,-0.00042485,401.428,100.833408,1.2904886,396.290434306289,0.590329481811891,"Rocky",108,8.989041096,"male","DMM","ASL","No",15,NA,19.7770854328333,5.46601372048048,5,2014,"5.4","sub","ASMS","ASM","Early-year"
"Rocky","2014-05-09",763,6.30708088646924,0.681164735738678,3.11468927798298,-2.10297979354472,13.4839827437891,0.221008272645036,2014-05-09,2017-03-22 05:15:03,0.2078492,0.1271114,0.8043092,2.009796,4.267487,16.524,-1,5,15,3,0.0002542228,401.9592,102.419688,1.6086184,395.645970797727,0.812851965571776,"Rocky",108,9.002739726,"male","DMM","ASL","No",16,NA,27.2319836001043,7.52640708862755,5,2014,"5.9","sub","ASMS","ASM","Early-year"
"Rocky","2014-10-26",2599,8.17395723952686,0.899135296347955,4.07853551162657,-1.17399682648468,17.3260206446777,0.156804015344927,2014-10-26,2017-03-22 05:13:16,0.2072098,-0.0622665,0.9455613,2.002921,4.233737,18.708,-1,5,13,16,-0.000124533,400.5842,101.609688,1.8911226,393.128672394966,1.12440570408513,"Rocky",110,9.468493151,"male","DMM","ASL","Yes",19,NA,38.1915736952054,10.2218700371375,10,2014,"10.26","sub","ASMS","ASM","Late-year"
"Rocky","2014-11-02",1616,7.23779218033987,0.796157139837385,4.38253380726426,-2.01653518263205,17.9160594861055,0.213678422153445,2014-11-02,2017-03-22 04:59:05,0.2068194,0.00867,1.074001,2.00714,4.225299,21.412,-1,4,59,5,1.734e-05,401.428,101.407176,2.148002,392.924971113208,1.31690585558767,"Rocky",110,9.487671233,"male","DMM","ASL","Yes",20,NA,44.7300354761597,11.9718714144334,11,2014,"11.2","sub","ASMS","ASM","Late-year"
"Rocky","2015-03-17",1441,9.28666552998991,1.07725320147883,4.17715180727776,-1.26280518950445,20.2952463732173,0.215677251169443,2015-03-17,2017-03-22 05:59:58,0.208226,-0.0773,1.005875,1.746667,4.24608,19.083,-1,5,59,58,-0.0001546,349.3334,101.90592,2.01175,342.437122850939,0.540787649602128,"Rocky",116,9.857534247,"male","DMM","ASL","No",22.5,NA,19.1148219330029,4.66196249657007,3,2015,"3.17","sub","ASMS","ASM","Early-year"
"Rocky","2015-03-18",1214,5.22470633465094,0.606065934819509,3.9534696344817,-1.15460518006031,15.2503676189585,0.222395059632457,2015-03-18,2017-03-22 06:19:33,0.2080174,0.0143,1.181034,1.763386,4.225611,22.12,-1,6,19,33,2.86e-05,352.6772,101.414664,2.362068,344.462929049503,0.634633593747609,"Rocky",116,9.860273973,"male","DMM","ASL","No",23.5,NA,22.4319252595955,5.4709792564449,3,2015,"3.18","sub","ASMS","ASM","Early-year"
"Rocky","2015-03-19",1741,6.03573233993567,0.700144951432537,3.1914389805235,-1.21492150213034,13.0471439367211,0.14991435861794,2015-03-19,2017-03-22 06:34:34,0.2091464,0.0265,1.230878,1.757293,4.204986,22.402,-1,6,34,34,5.3e-05,351.4586,100.919664,2.461756,342.885391538846,0.142914498935035,"Rocky",116,9.863013699,"male","DMM","ASL","No",24,NA,5.05149331867578,1.2320215425434,3,2015,"3.19","sub","ASMS","ASM","Early-year"
"Rocky","2015-07-22",1658,7.21829585293148,0.830104023087121,3.05159320054479,0.0724768043816306,13.6586507435444,0.14688939659245,2015-07-22,2017-03-22 06:19:10,0.2063827,0.0093,0.6180564,1.75698,4.29405,12.024,-1,6,19,10,1.86e-05,351.396,103.0572,1.2361128,347.181203814301,1.35427170185156,"Rocky",115,10.20547945,"male","DMM","ASL","No",17,NA,47.5586134024145,11.7762756682745,7,2015,"7.22","sub","ASMS","ASM","Mid-year"
"Rocky","2015-07-23",1425,7.12547415247441,0.819429527534558,3.06690636636473,-0.568663014062623,13.0776996519715,0.159238895358883,2015-07-23,2017-03-22 06:27:49,0.2078938,0.1358615,0.8046217,1.75448,4.288894,15.764,-1,6,27,49,0.000271723,350.896,102.933456,1.6092434,345.410154153277,0.690218506868941,"Rocky",115,10.20547945,"male","DMM","ASL","No",17.5,NA,24.2387366482606,6.00190005972993,7,2015,"7.23","sub","ASMS","ASM","Mid-year"
"Rocky","2015-07-24",1086,8.04183718112831,0.924811275829756,1.37415664069352,4.56323179863262,11.3315201129047,0.081729228567885,2015-07-24,2017-03-22 06:25:52,0.2069844,0.1269551,0.7789963,1.50432,4.260612,14.82,-1,6,25,52,0.0002539102,300.864,102.254688,1.5579926,296.27991789311,0.931476274463654,"Rocky",115,10.20547945,"male","DMM","ASL","No",18,NA,32.7111021888529,8.09979369098829,7,2015,"7.24","sub","ASMS","ASM","Mid-year"
"Rocky","2016-02-18",893,5.45325376761476,0.7389158855118,2.67378824698362,-0.240704866360206,11.1204034295367,0.175370827755278,2016-02-18,2017-03-22 05:43:46,0.206603,-0.00133,1.130095,1.503539,4.20608,21.738,-1,5,43,46,-2.66e-06,300.7078,100.94592,2.26019,293.97492003336,1.06529526064834,"Rocky",135.5,10.78356164,"male","DMM","ASL","No",25,NA,42.3081919753915,7.86195764316116,2,2016,"2.18","sub","ASMS","ASM","Early-year"
"Rocky","2016-02-19",1631,6.51644129468221,0.882977795429439,3.47974889392339,-0.274662882029822,12.4471226373553,0.168879524035759,2016-02-19,2017-03-22 05:54:29,0.2081837,-0.0043,1.244316,1.50682,4.22358,23.29,-1,5,54,29,-8.6e-06,301.364,101.36592,2.488632,293.965220468891,0.479928610664695,"Rocky",135.5,10.78630137,"male","DMM","ASL","No",26,NA,19.0603605822176,3.54190856579111,2,2016,"2.19","sub","ASMS","ASM","Early-year"
"Rocky","2016-02-20",973,5.67587893995292,0.76908159636362,2.65931036060048,-0.235766618228809,10.5844133032886,0.167097009233739,2016-02-20,2017-03-22 06:16:38,0.2060152,-0.00539,1.364005,1.498851,4.238268,24.688,-1,6,16,38,-1.078e-05,299.7702,101.718432,2.72801,291.730594126976,1.2726970971956,"Rocky",135.5,10.7890411,"male","DMM","ASL","No",25.5,NA,50.5451541030085,9.39259850328856,2,2016,"2.20","sub","ASMS","ASM","Early-year"
"Ronnie","2014-05-23",1858,9.01800563454395,0.423846264823565,4.92879165477978,-3.10381490206514,20.2829106528276,0.224116420250107,2014-05-23,2017-03-22 07:00:05,0.207232,0.043,0.7718087,1.511039,4.22358,13.728,-1,7,0,5,8.6e-05,302.2078,101.36592,1.5436174,297.605728431018,0.84287652577295,"Ronnie",47,7.479452055,"male","Taronga","NZFS","No",20,NA,15.1299451047375,17.9335431015521,5,2014,"5.23","sub","NFMS","NFM","Moult"
"Ronnie","2014-05-28",1360,8.60236055017176,0.404310945858073,4.27772156767012,-2.14155141852997,18.9658860738271,0.227352184033377,2014-05-28,2017-03-22 06:51:29,0.2091793,-0.0279,0.8900918,1.512914,4.208267,16.746,-1,6,51,29,-5.58e-05,302.5828,100.998408,1.7801836,297.249518526869,0.111530401721851,"Ronnie",47,7.493150685,"male","Taronga","NZFS","No",21,NA,2.00201192459769,2.37298727067768,5,2014,"5.28","sub","NFMS","NFM","Moult"
"Ronnie","2014-11-21",826,7.74011024475374,0.417965953216702,3.12409467940055,0.917227301048461,15.5754260402795,0.213054266186335,2014-11-21,2017-03-22 06:57:38,0.2080574,-0.0288,1.058219,1.51432,4.19608,23.624,-1,6,57,38,-5.76e-05,302.864,100.70592,2.116438,296.499003002485,0.531306470861948,"Ronnie",54,7.978082192,"male","Taronga","NZFS","No",24.1,NA,10.5837707722087,9.83900871966571,11,2014,"11.21","sub","NFMS","NFM","Pre-moult"
"Ronnie","2014-11-24",1446,7.24648150423987,0.398556482733193,6.08881916245597,-1.92611423716369,22.2544804256483,0.313837619248488,2014-11-24,2017-03-22 06:57:49,0.2089563,-0.0851,1.175721,1.497132,4.220924,24.204,-1,6,57,49,-0.0001702,299.4264,101.302176,2.351442,292.476067433908,0.192176218635661,"Ronnie",55,7.98630137,"male","Taronga","NZFS","No",23.5,NA,3.88125038711036,3.49411306610293,11,2014,"11.24","sub","NFMS","NFM","Pre-moult"
"Ronnie","2015-03-04",1991,10.1306164638099,0.496400206726683,5.83775791857365,-1.8994518107129,27.6127635486174,0.256428636406983,2015-03-04,2017-03-22 06:45:08,0.2085134,-0.0729,1.132283,1.506664,4.211705,22.328,-1,6,45,8,-0.0001458,301.3328,101.08092,2.264566,294.581891781468,0.358355428400075,"Ronnie",49,8.260273973,"male","Taronga","NZFS","Yes",25,NA,6.63683541161628,7.31337608979745,3,2015,"3.4","sub","NFMS","NFM","Moult"
"Ronnie","2015-03-05",879,9.44504793987008,0.462807349053634,5.60844419851601,-3.03030418912832,25.6901914280874,0.370769530500547,2015-03-05,2017-03-22 07:00:06,0.2065561,-0.0457,1.144314,1.508851,4.186236,21.799,0,7,0,6,-9.14e-05,301.7702,100.469664,2.288628,294.896087936824,1.08602675636162,"Ronnie",49,8.263013699,"male","Taronga","NZFS","Yes",25.4,NA,20.1134970014649,22.1638113543188,3,2015,"3.5","sub","NFMS","NFM","Moult"
"Ronnie","2015-07-29",738,5.39638756389284,0.312990478705785,2.68532312379385,-1.52586112473412,12.8246905352819,0.193742295968891,2015-07-29,2017-03-22 06:47:56,0.208664,-0.00133,0.560243,1.50682,4.291862,9.663001,-1,6,47,56,-2.66e-06,301.364,103.004688,1.120486,298.085759470753,0.305932398010062,"Ronnie",58,8.663013699,"male","Taronga","NZFS","No",15.7,NA,6.42978522029122,5.27469651741487,7,2015,"7.29","sub","NFMS","NFM","Post-moult"
"Ronnie","2015-07-30",1027,6.3988962496521,0.374335430604648,3.49385343084442,-2.14879336016485,18.468873828694,0.213685735350035,2015-07-30,2017-03-22 06:40:29,0.2095822,0.170237,0.5660243,1.510414,4.25483,10.179,-1,6,40,29,0.000340474,302.0828,102.11592,1.1320486,298.733935192004,-0.0401366105568256,"Ronnie",58.5,8.665753425,"male","Taronga","NZFS","No",15.7,NA,-0.848999812058946,-0.686095906954284,7,2015,"7.30","sub","NFMS","NFM","Post-moult"
"Ronnie","2015-08-05",968,6.72370782233785,0.400060615429102,2.31658391509745,0.490301877882358,11.7310868781887,0.145937341058366,2015-08-05,2017-03-22 06:55:44,0.2080755,0.1694558,0.4716479,1.478851,4.217174,6.932001,-1,6,55,44,0.0003389116,295.7702,101.212176,0.9432958,293.013626646364,0.518371107176697,"Ronnie",59.5,8.682191781,"male","Taronga","NZFS","No",16.1,NA,11.1052543846726,8.71211944834785,8,2015,"8.5","sub","NFMS","NFM","Post-moult"
"Ronnie","2016-02-03",1087,8.20812716708899,0.632025791865853,3.86927235261445,-0.113698794469133,15.7939220472286,0.230022648415498,2016-02-03,2017-03-22 06:57:02,0.206657,0.00117,1.028688,1.498382,4.167798,22,-1,6,57,2,2.34e-06,299.6764,100.027152,2.057376,293.512603262826,1.04368533962281,"Ronnie",77,9.180821918,"male","Taronga","NZFS","Yes",26,NA,27.1292399615637,13.5543550600366,2,2016,"2.3","sub","NFMS","NFM","Moult"
"Ronnie","2016-02-05",1069,8.24922741815493,0.63519051119793,4.84202985269077,0.112182695078884,18.1652409831623,0.290265006311326,2016-02-05,2017-03-22 06:55:25,0.208144,-0.00492,0.9786869,1.508382,4.222018,21,-1,6,55,25,-9.84e-06,301.6764,101.328432,1.9573738,295.848879828383,0.497821987468514,"Ronnie",77,9.18630137,"male","Taronga","NZFS","Yes",25.5,NA,12.9402336541938,6.46522061647421,2,2016,"2.5","sub","NFMS","NFM","Moult"
"Ronnie","2016-02-06",1296,8.19502440418873,0.631016879122532,3.80716123247936,-0.627485629632282,19.2385033465895,0.207278778212765,2016-02-06,2017-03-22 06:53:07,0.2074839,0.000859,0.9836869,1.514633,4.22733,21.325,-1,6,53,7,1.718e-06,302.9266,101.45592,1.9673738,297.052424730946,0.747058360452852,"Ronnie",77,9.189041096,"male","Taronga","NZFS","Yes",25,NA,19.4188082907654,9.70205662925782,2,2016,"2.6","sub","NFMS","NFM","Moult"
"Sly","2014-03-15",1020,6.20016943507158,0.682018637857874,2.02638085111193,0.870060492872448,11.5119389445558,0.124358953371697,2014-03-15,2017-03-22 06:29:30,0.2078032,-0.0141,1.329942,1.507757,4.237018,22.018,-1,6,29,30,-2.82e-05,301.5514,101.688432,2.659884,293.663661657869,0.620361154259968,"Sly",110,11.1260274,"male","UWW","NZFS","Yes",25.5,5,21.0711922346923,5.6396468569088,3,2014,"3.15","adult","NFMA","NFM","Moult"
"Sly","2014-03-19",1430,6.7716213690116,0.704248622377207,2.90576841663719,-0.519671742935009,14.7681589607575,0.150608350361627,2014-03-19,2017-03-22 09:11:37,0.207866,0.000234,1.324317,1.502914,4.264518,23.26,-1,9,11,37,4.68e-07,300.5828,102.348432,2.648634,292.804138340628,0.595361857017085,"Sly",104,11.1369863,"male","UWW","NZFS","Yes",26.3,5,19.3890268376592,5.72463324054889,3,2014,"3.19","adult","NFMA","NFM","Moult"
"Sly","2014-03-29",1854,5.77066394316101,0.588607722202423,3.50969527187866,-2.79484597032041,15.3446904545782,0.159760943646709,2014-03-29,2017-03-22 07:04:36,0.2086075,0.0154,1.430256,1.707604,4.243893,21.964,-1,7,4,36,3.08e-05,341.5208,101.853432,2.860512,331.929327945827,0.364350065141209,"Sly",102,11.16438356,"male","UWW","NZFS","Yes",26.1,5,11.6941586200274,3.57205946216871,3,2014,"3.29","adult","NFMA","NFM","Moult"
"Sly","2014-11-06",1000,5.39807327808531,0.842099431381308,2.77434993855968,-1.53044744673976,13.3671568673062,0.171955990711057,2014-11-06,2017-03-22 08:16:27,0.2082382,-0.0349,1.009469,2.001359,4.251862,20.224,-1,8,16,27,-6.98e-05,400.2718,102.044688,2.018938,392.352485793773,0.613575703850288,"Sly",156,11.77260274,"male","UWW","NZFS","No",24.9,5.6,27.0839250323725,3.9331775887839,11,2014,"11.6","adult","NFMA","NFM","Pre-moult"
"Sly","2014-12-03",1682,4.28566308844096,0.651420789443026,2.37006056612232,-0.496416610512345,10.1594163115568,0.113266771045887,2014-12-03,2017-03-22 06:51:21,0.2078889,-0.000703,0.9979059,1.750417,4.253424,21,-1,6,51,21,-1.406e-06,350.0834,102.082176,1.9958118,343.238908551227,0.688000530342267,"Sly",152,11.84657534,"male","UWW","NZFS","No",26.7,6,29.7832072754812,4.52631927856755,12,2014,"12.3","adult","NFMA","NFM","Pre-moult"
"Sly","2014-12-10",2337,4.28852947242719,0.651856479808933,2.52573494589446,-0.999538240194471,11.3751818134906,0.102403426402903,2014-12-10,2017-03-22 07:35:42,0.20839,-0.0791,1.031813,1.493851,4.237799,21.322,-1,7,35,42,-0.0001582,298.7702,101.707176,2.063626,292.70818965822,0.401672966912042,"Sly",152,11.86575342,"male","UWW","NZFS","No",26.4,6,17.3882267569582,2.64258530863186,12,2014,"12.10","adult","NFMA","NFM","Pre-moult"
"Sly","2015-03-25",1882,6.09169610239061,0.761462012798826,2.83963197957664,-0.610114569694568,13.3041000283383,0.128294583243508,2015-03-25,2017-03-22 06:38:09,0.2083722,0.0279,0.9513427,1.756824,4.235768,22,-1,6,38,9,5.58e-05,351.3648,101.658432,1.9026854,344.788496766896,0.480887234375999,"Sly",125,12.15342466,"male","UWW","NZFS","Yes",26.5,6,17.9773534957248,3.84709787500799,3,2015,"3.25","adult","NFMA","NFM","Moult"
"Sly","2015-03-27",1028,5.26493780607866,0.658117225759833,4.5229001993898,-2.64971545343158,14.5933216781293,0.276488147631083,2015-03-27,2017-03-22 06:36:21,0.2067423,-0.0329,1.072126,1.757293,4.247018,21.74,-1,6,36,21,-6.58e-05,351.4586,101.928432,2.144252,344.065022063206,1.18652396431379,"Sly",125,12.15890411,"male","UWW","NZFS","Yes",26.8,6,44.3566790981598,9.4921917145103,3,2015,"3.27","adult","NFMA","NFM","Moult"
"Sly","2015-03-28",2316,6.3899239220719,0.798740490258988,4.37502699744689,-1.79625380087714,17.6771052014829,0.178183518772792,2015-03-28,2017-03-22 07:03:54,0.2058433,0.019,1.296817,1.757293,4.26405,23.684,-1,7,3,54,3.8e-05,351.4586,102.3372,2.593634,342.55123323061,1.56836219202561,"Sly",125,12.16164384,"male","UWW","NZFS","Yes",27,6,58.6312123089736,12.5468975362049,3,2015,"3.28","adult","NFMA","NFM","Moult"
"Sly","2015-08-25",1483,3.40934814348683,0.439805910509801,1.71131410965269,-1.42392172978837,7.14499798654286,0.0870994127611656,2015-08-25,2017-03-22 07:27:17,0.2082366,0.1271114,0.7772775,1.757449,4.251706,16.93,-1,7,27,17,0.0002542228,351.4898,102.040944,1.554555,346.134986484761,0.541997840104528,"Sly",129,12.57260274,"male","UWW","NZFS","No",22.3,6.5,20.7462610623399,4.20153364422115,8,2015,"8.25","adult","NFMA","NFM","Post-moult"
"Sly","2015-08-28",1104,4.24727237562458,0.552145408831196,1.91242902333944,-0.350653739843394,8.48475278442598,0.112812405725944,2015-08-28,2017-03-22 06:42:22,0.2082386,0.1369553,0.7955591,1.507601,4.268737,16.37,-1,6,42,22,0.0002739106,301.5202,102.449688,1.5911182,296.83737189917,0.464055722466679,"Sly",130,12.58082192,"male","UWW","NZFS","No",23,6.3,17.8660130443066,3.56965940358984,8,2015,"8.28","adult","NFMA","NFM","Post-moult"
"Sly","2015-08-29",1261,4.27965490960231,0.556355138248301,2.33853996858972,-0.517166630201026,9.7094738706002,0.129075354061491,2015-08-29,2017-03-22 06:52:06,0.207383,0.1344552,0.7816526,1.759793,4.280612,15.9,-1,6,52,6,0.0002689104,351.9586,102.734688,1.5633052,346.602875265967,0.915729971092676,"Sly",130,12.58356164,"male","UWW","NZFS","No",22.8,6.5,35.2553428748613,7.04407670071289,8,2015,"8.29","adult","NFMA","NFM","Post-moult"
"Sly","2016-02-22",1527,5.82903799153018,0.851039546763406,2.20022867369432,-1.26656660728116,12.9261458419029,0.110358140208766,2016-02-22,2017-03-22 08:01:51,0.2066027,0.00492,0.9171234,1.509945,4.269518,20.65,-1,8,1,51,9.84e-06,301.989,102.468432,1.8342468,296.583214568588,1.07485900051987,"Sly",146,13.06849315,"male","UWW","NZFS","Yes",26.6,5,45.1456738028125,7.36204794876622,2,2016,"2.22","adult","NFMA","NFM","Moult"
"Sly","2016-02-25",1341,6.71591903636887,0.980524179309855,1.7838223969868,1.01177320706134,10.9591285133983,0.0954757975456936,2016-02-25,2017-03-22 07:46:35,0.2069264,-0.029,1.311192,1.507445,4.237643,24.164,-1,7,46,35,-5.8e-05,301.489,101.703432,2.622384,293.715221728919,0.944853200086139,"Sly",146,13.07671233,"male","UWW","NZFS","Yes",26.1,5,39.6852371725048,6.47159726086397,2,2016,"2.25","adult","NFMA","NFM","Moult"
"Sly","2016-02-29",1073,6.81198891681026,0.926430492686196,1.91655723234375,2.00566410713785,11.7847806680586,0.114677443609075,2016-02-29,2017-03-22 08:11:24,0.2078685,-0.0466,1.299942,1.493538,4.240612,23.368,-1,8,11,24,-9.32e-05,298.7076,101.774688,2.599884,291.076968797098,0.590932455186637,"Sly",136,13.08767123,"male","UWW","NZFS","Yes",26.1,5,23.533798152771,4.34509158225468,2,2016,"2.29","adult","NFMA","NFM","Moult"
"Teiko","2014-03-12",1075,6.8028233231684,0.503408925914461,1.62253486962469,1.88256152499737,10.0830965439629,0.096994225189565,2014-03-12,2017-03-22 08:36:10,0.2082592,-0.0207,1.302442,1.502914,4.254206,21.726,-1,8,36,10,-4.14e-05,300.5828,102.100944,2.604884,292.914082202492,0.450308285550474,"Teiko",74,16.8,"female","UWW","ASL","No",25.4,3.5,11.361449115332,6.08524710203343,3,2014,"3.12","adult","ASFA","ASF","Early-year"
"Teiko","2014-03-19",1727,5.50562277924159,0.418427331222361,1.63116647396016,0.247276222264011,10.5268825233757,0.0769322065960424,2014-03-19,2017-03-22 08:45:58,0.208504,0.00789,1.314473,1.505726,4.273112,22.211,-1,8,45,58,1.578e-05,301.1452,102.554688,2.628946,293.425470318221,0.360430911739987,"Teiko",76,16.81917808,"female","UWW","ASL","No",26.3,4,9.27752695098907,4.74251199657878,3,2014,"3.19","adult","ASFA","ASF","Early-year"
"Teiko","2014-03-24",1007,6.0236358977577,0.445749056446872,2.14456403693321,-0.158898708,11.11740409,0.132458659292515,2014-03-24,2017-03-22 08:26:49,0.2080662,0.0246,3.749042,1.50307,4.247331,21.634,2,8,26,49,4.92e-05,300.614,101.935944,1.952404527,294.8562652,0.525089871,"Teiko",74,16.83287671,"female","UWW","ASL","No",26.3,4,13.24821693,7.095809069,3,2014,"3.24","adult","ASFA","ASF","Early-year"
"Teiko","2014-11-06",2164,7.1549625446438,0.472227527946491,3.8721515773756,-4.46972209146549,18.8144074422999,0.163147263165331,2014-11-06,2017-03-22 07:32:02,0.2078371,0.0107,1.122752,1.502601,4.238893,21.053,-1,7,32,2,2.14e-05,300.5202,101.733432,2.245504,293.886989088755,0.60827232115893,"Teiko",66,17.45479452,"female","UWW","ASL","No",24.9,3.5,14.084972598261,9.21624729028682,11,2014,"11.6","adult","ASFA","ASF","Late-year"
"Teiko","2014-12-04",2472,7.15830488526733,0.472448122427644,2.78947707504057,-1.31468116320024,14.7449831008651,0.109965039538763,2014-12-04,2017-03-22 07:56:23,0.208391,-0.00508,1.234784,1.49682,4.259987,22,0,7,56,23,-1.016e-05,299.364,102.239688,2.469568,292.132955293056,0.400514860515354,"Teiko",66,17.53150685,"female","UWW","ASL","No",26.5,3.3,9.2742027531467,6.06840697750536,12,2014,"12.4","adult","ASFA","ASF","Late-year"
"Teiko","2014-12-09",2204,7.98043189773115,0.462865050068407,3.32859111711245,-1.49773551183073,17.0592375778268,0.138966694096006,2014-12-09,2017-03-22 07:23:15,0.2095325,-0.0646,1.171502,1.492132,4.228424,22,0,7,23,15,-0.0001292,298.4264,101.482176,2.343004,291.536379737667,-0.0208377573885379,"Teiko",58,17.54520548,"female","UWW","ASL","No",26.3,4,-0.437947420254681,-0.359271679112722,12,2014,"12.9","adult","ASFA","ASF","Late-year"
"Teiko","2015-03-23",1479,6.96113557319383,0.50816289684315,2.31712068496455,-0.899118919150532,11.1923892856041,0.118092043693209,2015-03-23,2017-03-22 06:56:38,0.2073887,0.00867,1.080563,1.505726,4.247955,22,-1,6,56,38,1.734e-05,301.1452,101.95092,2.161126,294.761611490007,0.776648189618702,"Teiko",73,17.83013699,"female","UWW","ASL","No",26.3,4,19.3961922163634,10.6390162961466,3,2015,"3.23","adult","ASFA","ASF","Early-year"
"Teiko","2015-03-24",1867,7.91023760542556,0.585357582801492,1.92969049648164,2.3125528780772,12.9461204902977,0.0875329510579699,2015-03-24,2017-03-22 07:23:26,0.2073904,0.0124,1.099782,1.50557,4.249831,22,-1,7,23,26,2.48e-05,301.114,101.995944,2.199564,294.620413212902,0.775645249493944,"Teiko",74,17.83287671,"female","UWW","ASL","No",26.3,4,19.569824310254,10.481692560729,3,2015,"3.24","adult","ASFA","ASF","Early-year"
"Teiko","2015-03-30",1004,4.82273720868977,0.356882553443043,2.37436544257843,-1.06853907688516,10.6387355426744,0.146871245469906,2015-03-30,2017-03-22 07:44:43,0.2091258,0.1028923,1.195878,1.503382,4.288894,23.162,-1,7,44,43,0.0002057846,300.6764,102.933456,2.391756,293.689900063979,0.130057741479767,"Teiko",74,17.84931507,"female","UWW","ASL","No",26.7,4,3.28140622611696,1.75753704702387,3,2015,"3.30","adult","ASFA","ASF","Early-year"
"Teiko","2015-08-23",895,6.25508299338982,0.425345643550508,2.90752356506254,-0.195725908868959,14.9155378276668,0.19048807675352,2015-08-23,2017-03-22 07:25:11,0.2081761,0.1469554,0.9279048,1.504476,4.270768,18.764,-1,7,25,11,0.0002939108,300.8952,102.498432,1.8558096,295.447270798957,0.485181168074919,"Teiko",68,18.24931507,"female","UWW","ASL","Yes",22.1,3.9,11.4890897023159,7.13501717757234,8,2015,"8.23","adult","ASFA","ASF","Mid-year"
"Teiko","2015-08-27",1061,8.12998912922211,0.552839260787104,2.0885563911651,1.24156918683586,13.1108920785147,0.125673753150173,2015-08-27,2017-03-22 06:42:36,0.2078418,0.1296114,0.8952481,1.507445,4.274362,18.438,-1,6,42,36,0.0002592228,301.489,102.584688,1.7904962,296.226860792229,0.611359893483709,"Teiko",68,18.26027397,"female","UWW","ASL","Yes",22.5,4,14.4770018269712,8.99058666887808,8,2015,"8.27","adult","ASFA","ASF","Mid-year"
"Teiko","2015-08-31",917,6.50021950074147,0.44201492605042,2.79748861317117,-0.798846353847473,14.8265034351144,0.181067177158921,2015-08-31,2017-03-22 06:20:52,0.2083433,0.131799,0.7139953,1.504632,4.253268,14.386,-1,6,20,52,0.000263598,300.9264,102.078432,1.4279906,296.716695147835,0.424662866770137,"Teiko",68,18.27123288,"female","UWW","ASL","Yes",22.3,3.6,10.0560163720356,6.24504215838437,8,2015,"8.31","adult","ASFA","ASF","Mid-year"
"Teiko","2016-02-22",1732,6.62906687937329,0.48392188219425,3.95455958396597,-5.11574548586193,16.330897639047,0.186243125388032,2016-02-22,2017-03-22 08:28:58,0.2089112,0.00805,1.096657,1.505101,4.258112,22.338,-1,8,28,58,1.61e-05,301.0202,102.194688,2.193314,294.55967028105,0.210331710984672,"Teiko",73,18.75068493,"female","UWW","ASL","No",26.6,4,5.25287298674861,2.88125631485853,2,2016,"2.22","adult","ASFA","ASF","Early-year"
"Teiko","2016-02-25",1228,8.67476141980011,0.633257583645408,2.55254697408481,1.06373406517334,14.2961451040123,0.142767919588514,2016-02-25,2017-03-22 08:02:40,0.2078985,0.00227,1.304629,1.496195,4.242018,24.434,-1,8,2,40,4.54e-06,299.239,101.808432,2.609258,291.569775169369,0.580903577898162,"Teiko",73,18.75890411,"female","UWW","ASL","No",26.3,3,14.5076208335948,7.95758325887893,2,2016,"2.25","adult","ASFA","ASF","Early-year"
"Teiko","2016-02-29",1248,7.43676822570344,0.542884080476351,2.97902912999746,-0.0315190559197331,14.6102949232373,0.16528122712925,2016-02-29,2017-03-22 08:24:39,0.2092647,0.0155,1.294317,1.506507,4.242486,24.094,-1,8,24,39,3.1e-05,301.3014,101.819664,2.588634,293.641199429238,0.0784708885756694,"Teiko",73,18.76986301,"female","UWW","ASL","No",26.3,3,1.9597501913315,1.07494367911876,2,2016,"2.29","adult","ASFA","ASF","Early-year"
