Date/Time Stamp,Pressure,X Axis,Y Axis,Z Axis
08:45:00,1,0.008,0.176,0.632
08:45:01,1,0.024,0,0.908
08:45:02,1,0.036,0,0.956
08:45:03,1,0.032,0,0.904
08:45:04,1,0.012,0.004,0.924
08:45:05,1.03,0.028,0,0.988
08:45:06,1,0.024,0.004,0.936
08:45:07,1,0.004,-0.012,0.988
08:45:08,1.03,0.028,0.004,0.872
08:45:09,1,0.02,0.004,0.992
08:45:10,1.03,0.028,-0.008,0.904
08:45:11,1.03,0.024,-0.004,0.932
08:45:12,1.03,0.016,-0.008,0.952
08:45:13,1.03,0.04,-0.016,0.94
08:45:14,1.03,0.012,0,0.936
08:45:15,1.03,0.024,-0.004,0.96
08:45:16,1.03,0.036,-0.008,0.94
08:45:17,1.03,0.012,0.004,0.952
08:45:18,1.03,0.008,-0.008,0.96
08:45:19,1.03,0.024,0,0.944
08:45:20,1.03,0.02,-0.008,0.96
08:45:21,1.03,0.012,0,0.948
08:45:22,1.03,0.02,-0.012,0.952
08:45:23,1.03,0.02,-0.008,0.952
08:45:24,1.03,0.012,0.004,0.964
08:45:25,1.03,0.02,-0.004,0.952
08:45:26,1.03,0.012,0,0.944
08:45:27,1.03,0.02,0.004,0.964
08:45:28,1.03,0.016,0.008,0.94
08:45:29,1.03,0.032,-0.016,0.944
08:45:30,1.03,0.02,0,0.984
08:45:31,1.03,0.008,-0.004,1.048
08:45:32,1.03,0.02,-0.008,0.876
08:45:33,1.03,0.016,-0.004,0.96
08:45:34,1.03,0.024,-0.008,0.972
08:45:35,1.03,0.012,0,0.956
08:45:36,1.03,0.02,0,0.968
08:45:37,1.03,0.02,-0.004,0.976
08:45:38,1.03,0.016,0,0.932
08:45:39,1.03,0.036,-0.008,0.968
08:45:40,1.03,0.004,0.012,0.956
08:45:41,1.03,0.028,-0.008,0.94
08:45:42,1.03,0.036,-0.008,0.948
08:45:43,1.03,0.02,0.004,0.972
08:45:44,1.03,0.016,-0.004,0.964
08:45:45,1.06,0.016,0.004,0.96
08:45:46,1.03,0.02,0.012,0.94
08:45:47,1.03,0.016,-0.008,0.952
08:45:48,1.03,0.016,-0.004,0.952
08:45:49,1.03,0.012,-0.004,0.948
08:45:50,1.03,0.016,-0.008,0.952
08:45:51,1.03,0.008,0,0.96
08:45:52,1.03,0.02,0,0.948
08:45:53,1.03,0.016,0.008,0.968
08:45:54,1.03,0.024,-0.004,0.944
08:45:55,1.03,0.02,0,0.98
08:45:56,1.03,0.016,0.004,0.916
08:45:57,1.03,0.024,0,0.964
08:45:58,1.03,0.028,0.004,0.956
08:45:59,1.03,0.024,0,0.952
08:46:00,1.03,0.028,0.004,0.952
08:46:01,1.03,0.016,-0.004,0.932
08:46:02,1.03,0.012,-0.008,0.972
08:46:03,1.03,0.024,0.004,0.948
08:46:04,1.06,0.008,-0.008,0.976
08:46:05,1.03,0.008,0,0.944
08:46:06,1.03,0.024,-0.004,0.952
08:46:07,1.03,0.02,-0.004,0.948
08:46:08,1.03,0.024,0.004,0.956
08:46:09,1.03,0.02,0.008,0.936
08:46:10,0.84,0.024,0.004,0.944
08:46:11,0.84,0.016,-0.008,0.952
08:46:12,0.84,0.012,-0.008,0.932
08:46:13,0.84,0.02,0,0.952
08:46:14,0.84,0.02,0.004,0.952
08:46:15,0.84,0.032,-0.004,0.964
08:46:16,0.84,0.02,0,0.94
08:46:17,0.84,0.012,-0.004,0.948
08:46:18,0.84,0.016,0.008,0.956
08:46:19,0.87,0.024,-0.012,0.984
08:46:20,0.84,0.024,-0.004,0.968
08:46:21,0.84,0.008,0.008,0.968
08:46:22,0.84,0.02,0,0.976
08:46:23,0.84,0.024,-0.004,0.948
08:46:24,0.87,0.012,-0.004,0.952
08:46:25,0.87,0.02,-0.008,0.964
08:46:26,0.87,0.024,-0.004,0.98
08:46:27,0.87,0.032,-0.004,0.94
08:46:28,0.84,0.02,0.004,0.956
08:46:29,0.84,0.024,0.004,0.948
08:46:30,0.84,0.032,0,0.964
08:46:31,0.84,0.02,-0.004,0.936
08:46:32,0.84,0.016,-0.004,0.976
08:46:33,0.87,0.016,0,0.984
08:46:34,0.87,0.02,0,0.952
08:46:35,0.87,0.012,0,0.952
08:46:36,0.84,0.024,0,0.956
08:46:37,0.87,0.012,-0.004,0.896
08:46:38,0.84,0.04,-0.032,0.844
08:46:39,0.84,0.028,0,0.956
08:46:40,0.87,0.02,0,1.012
08:46:41,0.87,0.016,0.004,0.924
08:46:42,0.87,0.012,-0.008,0.94
08:46:43,0.87,0.024,-0.004,0.948
08:46:44,0.87,0.016,-0.004,0.96
08:46:45,0.87,0.016,-0.004,0.956
08:46:46,0.87,0.008,-0.004,0.944
08:46:47,0.87,0.012,-0.012,0.956
08:46:48,0.87,0.02,0,0.92
08:46:49,0.87,0.008,-0.004,0.928
08:46:50,0.87,0.02,0.004,0.948
08:46:51,0.87,0.02,-0.004,0.964
08:46:52,0.87,0.02,0.008,0.972
08:46:53,0.87,0.024,0,0.944
08:46:54,0.87,0.02,-0.004,0.952
08:46:55,0.87,0.02,-0.012,0.944
08:46:56,0.87,0.024,-0.004,0.956
08:46:57,0.87,0.016,-0.004,0.944
08:46:58,0.87,0.016,-0.004,0.94
08:46:59,0.87,0.016,-0.004,0.916
08:47:00,0.87,0.008,-0.004,0.952
08:47:01,0.87,0.02,-0.008,0.928
08:47:02,0.87,0.016,0,0.984
08:47:03,0.87,0.02,-0.008,0.968
08:47:04,0.87,0.012,-0.004,0.968
08:47:05,0.87,0.012,-0.004,0.952
08:47:06,0.87,0.02,0,0.96
08:47:07,0.87,0.008,-0.008,0.944
08:47:08,0.87,0.028,0.004,0.932
08:47:09,0.87,0.024,0.004,0.956
08:47:10,0.87,0.008,0,0.944
08:47:11,0.87,0.02,0.004,0.972
08:47:12,0.9,0.02,0,0.952
08:47:13,0.9,0.028,0,0.968
08:47:14,0.9,0.028,-0.004,0.904
08:47:15,0.87,0.008,-0.008,0.98
08:47:16,0.87,0.02,-0.004,0.948
08:47:17,0.9,0.024,-0.008,0.936
08:47:18,0.87,0.008,0.004,0.944
08:47:19,0.87,0.024,0,0.896
08:47:20,0.87,0.044,-0.004,0.964
08:47:21,0.87,0.024,-0.004,0.936
08:47:22,0.87,0.02,0,0.936
08:47:23,0.87,0.036,-0.016,0.944
08:47:24,0.87,0.032,-0.004,0.972
08:47:25,0.9,0.012,-0.012,0.932
08:47:26,0.9,0.016,-0.012,0.916
08:47:27,0.9,0.024,-0.008,0.996
08:47:28,0.9,0.04,-0.012,0.944
08:47:29,0.87,0.012,0,0.968
08:47:30,0.87,0.028,-0.02,0.928
08:47:31,0.87,0.02,0.004,0.928
08:47:32,0.87,0.036,0,0.964
08:47:33,0.9,0.02,-0.004,0.948
08:47:34,0.9,0.012,-0.004,0.976
08:47:35,0.9,0.024,0.004,0.944
08:47:36,0.9,0.036,-0.004,0.932
08:47:37,0.87,0.044,-0.008,0.968
08:47:38,0.9,0.032,0.004,0.908
08:47:39,0.87,0.016,0,0.984
08:47:40,0.9,0.016,0.004,0.952
08:47:41,0.9,0.028,-0.008,0.9
08:47:42,0.9,0.016,-0.004,0.916
08:47:43,0.9,0.024,-0.004,0.964
08:47:44,0.9,0.02,-0.008,0.96
08:47:45,0.9,0.012,0,0.948
08:47:46,0.9,0.016,-0.004,0.944
08:47:47,0.9,0.024,-0.008,0.964
08:47:48,0.9,0.016,0,0.944
08:47:49,0.9,0.032,-0.012,0.924
08:47:50,0.87,0.032,-0.012,0.94
08:47:51,0.87,0.008,0,0.956
08:47:52,0.9,0.016,-0.004,0.948
08:47:53,0.9,0.024,-0.004,0.952
08:47:54,0.9,0.016,-0.004,0.956
08:47:55,0.9,0.016,0,0.956
08:47:56,0.9,0.008,0,0.948
08:47:57,0.9,0.016,-0.016,0.8
08:47:58,0.9,0.056,-0.008,0.94
08:47:59,0.9,-0.012,0.008,1.028
08:48:00,0.9,-0.004,0,0.92
08:48:01,0.9,0.024,-0.004,0.904
08:48:02,0.9,0.008,0,0.972
08:48:03,0.9,0.032,0.004,0.964
08:48:04,0.9,0.008,0,0.932
08:48:05,0.9,0.032,-0.008,0.944
08:48:06,0.9,0.024,0.004,0.956
08:48:07,0.9,0.024,-0.008,0.94
08:48:08,0.87,0.04,-0.004,0.96
08:48:09,0.9,0.004,-0.004,0.984
08:48:10,0.9,0.02,-0.008,0.94
08:48:11,0.9,0.02,0,0.932
08:48:12,0.9,0.024,-0.004,0.952
08:48:13,0.9,0.02,0.004,0.96
08:48:14,0.9,0.036,0.004,0.944
08:48:15,0.9,0.028,-0.02,0.96
08:48:16,0.9,0.024,0.004,0.96
08:48:17,0.9,0.02,0.008,0.96
08:48:18,0.75,0.008,0.004,1.016
08:48:19,0.75,0.036,-0.008,0.916
08:48:20,0.75,0.024,0.004,0.976
08:48:21,0.75,0.036,-0.016,0.94
08:48:22,0.75,0.012,0.004,1
08:48:23,0.75,0.012,0.004,0.932
08:48:24,0.75,0.04,-0.012,1.008
08:48:25,0.75,0.024,-0.02,0.916
08:48:26,0.75,0.016,0.016,0.988
08:48:27,0.75,0.016,0,0.968
08:48:28,0.75,0.02,0,0.96
08:48:29,0.78,0.02,0,0.92
08:48:30,0.75,0.02,0.004,0.936
08:48:31,0.75,0.016,0,0.924
08:48:32,0.75,0.024,-0.004,0.94
08:48:33,0.75,0.028,-0.008,0.912
08:48:34,0.75,0.016,-0.004,0.956
08:48:35,0.75,0.024,0,0.96
08:48:36,0.75,0.004,0,0.94
08:48:37,0.75,0.052,-0.032,0.832
08:48:38,0.75,0.04,-0.004,0.936
08:48:39,0.75,0.008,-0.008,0.912
08:48:40,0.75,0.024,-0.008,0.968
08:48:41,0.75,0.016,0,0.908
08:48:42,0.75,0.028,-0.008,0.936
08:48:43,0.75,0.024,-0.008,0.972
08:48:44,0.75,0.012,0.004,0.932
08:48:45,0.75,0.02,-0.004,0.944
08:48:46,0.75,0.016,-0.004,0.94
08:48:47,0.75,0.028,-0.004,0.936
08:48:48,0.75,0.032,-0.008,0.928
08:48:49,0.75,0.028,-0.008,0.936
08:48:50,0.75,0.02,0.012,0.96
08:48:51,0.75,0.02,-0.004,0.96
08:48:52,0.75,0.02,-0.008,0.904
08:48:53,0.75,0.032,0.004,0.968
08:48:54,0.75,0.02,-0.008,0.944
08:48:55,0.78,0.028,0.008,0.924
08:48:56,0.75,0.02,-0.012,0.932
08:48:57,0.75,0.016,0,0.896
08:48:58,0.75,0.02,0.008,0.924
08:48:59,0.75,0.012,0.004,0.892
08:49:00,0.75,0.024,0,0.948
08:49:01,0.78,0.036,-0.012,0.948
08:49:02,0.75,0.016,-0.008,0.948
08:49:03,0.75,0.012,0.004,0.972
08:49:04,0.75,0.028,-0.012,0.976
08:49:05,0.78,0.024,0,1
08:49:06,0.78,0.04,-0.012,0.932
08:49:07,0.78,0.028,-0.008,0.932
08:49:08,0.78,0.024,0.008,0.964
08:49:09,0.75,0.04,-0.004,0.94
08:49:10,0.78,0.024,0,0.988
08:49:11,0.75,0.032,-0.004,0.996
08:49:12,0.75,0.016,0,0.928
08:49:13,0.78,0.02,0.004,0.948
08:49:14,0.78,0.016,0,0.892
08:49:15,0.78,0.008,-0.004,0.972
08:49:16,0.75,0.036,-0.012,0.896
08:49:17,0.78,0.1,-0.028,0.812
08:49:18,0.78,0.028,0.004,1.004
08:49:19,0.78,0.012,0.008,0.988
08:49:20,0.78,0.02,-0.004,0.924
08:49:21,0.78,0.024,0,0.948
08:49:22,0.78,0.012,0.004,0.96
08:49:23,0.75,0.04,-0.004,0.96
08:49:24,0.75,0.016,0.008,0.952
08:49:25,0.75,0.012,-0.008,0.956
08:49:26,0.78,0.02,-0.004,0.948
08:49:27,0.78,0.016,-0.004,0.888
08:49:28,0.78,0.024,-0.004,0.912
08:49:29,0.78,0.02,0.004,0.936
08:49:30,0.75,0.028,0,0.94
08:49:31,0.78,0.012,-0.012,0.968
08:49:32,0.78,0.016,-0.004,0.956
08:49:33,0.78,0.02,0,0.96
08:49:34,0.78,0.024,0,0.912
08:49:35,0.78,0.028,0,0.936
08:49:36,0.78,0.02,0,1.024
08:49:37,0.78,0.044,-0.016,0.916
08:49:38,0.78,0.048,-0.004,0.92
08:49:39,0.78,0.02,0,0.928
08:49:40,0.78,0.008,0.004,0.932
08:49:41,0.78,0.012,0.004,0.952
08:49:42,0.78,0.024,0,0.932
08:49:43,0.78,0.024,-0.012,0.96
08:49:44,0.78,0.028,-0.008,0.94
08:49:45,0.78,0.028,-0.004,0.976
08:49:46,0.75,0.012,0,0.924
08:49:47,0.78,0.012,0,0.96
08:49:48,0.78,0.012,-0.004,0.976
08:49:49,0.78,0.012,-0.004,0.912
08:49:50,0.78,0.02,-0.004,0.948
08:49:51,0.78,0.028,0.008,0.976
08:49:52,0.78,0.016,-0.008,0.94
08:49:53,0.78,0.028,-0.004,0.936
08:49:54,0.78,0.028,0.004,0.972
08:49:55,0.78,0.012,0.004,0.94
08:49:56,0.78,0.024,0,1.008
08:49:57,0.78,0.044,0.004,0.936
08:49:58,0.78,0.008,-0.012,0.96
08:49:59,0.78,0.024,0.008,1.016
08:50:00,0.78,0.032,-0.008,0.964
08:50:01,0.78,0.02,0.004,0.94
08:50:02,0.78,0.02,-0.008,0.94
08:50:03,0.78,0.028,-0.012,0.956
08:50:04,0.78,0.016,0.004,0.988
08:50:05,0.78,0.028,-0.012,0.948
08:50:06,0.78,0.028,0,0.992
08:50:07,0.78,0.036,0.004,0.92
08:50:08,0.78,0.02,0,0.916
08:50:09,0.78,0.02,0,0.924
08:50:10,0.78,0.024,-0.004,0.964
08:50:11,0.78,0.024,0,0.904
08:50:12,0.78,0.024,-0.008,0.952
08:50:13,0.78,0.024,0,0.936
08:50:14,0.78,0.016,0,0.944
08:50:15,0.78,0.016,0,0.972
08:50:16,0.78,0.028,0,0.84
08:50:17,0.78,0.02,-0.008,0.952
08:50:18,0.78,-0.012,0.012,0.984
08:50:19,0.78,0.02,0.004,0.932
08:50:20,0.78,0.032,-0.016,0.94
08:50:21,0.78,0.02,-0.004,0.964
08:50:22,0.78,0.016,-0.004,0.912
08:50:23,0.78,0.02,-0.008,0.908
08:50:24,0.78,0.024,-0.008,0.956
08:50:25,0.78,0.024,0,0.96
08:50:26,0.78,0.02,-0.004,0.972
08:50:27,0.78,0.032,-0.012,0.912
08:50:28,0.78,0.016,0.008,0.936
08:50:29,0.78,0.008,0.004,0.932
08:50:30,0.78,0.028,-0.004,0.952
08:50:31,0.78,0.008,-0.008,0.948
08:50:32,0.78,0.02,0,0.944
08:50:33,0.78,0.024,0.004,0.952
08:50:34,0.78,0.044,0,0.996
08:50:35,0.78,0.016,-0.008,0.936
08:50:36,0.78,0.044,-0.004,0.932
08:50:37,0.78,0.024,-0.016,0.964
08:50:38,0.78,0.012,-0.016,0.96
08:50:39,0.78,0.008,-0.008,0.916
08:50:40,0.78,0.032,0,0.98
08:50:41,0.78,0.032,-0.004,0.984
08:50:42,0.78,0.008,0,0.952
08:50:43,0.78,0.008,-0.008,0.948
08:50:44,0.78,0.02,0,0.98
08:50:45,0.78,0.024,-0.012,0.904
08:50:46,0.81,0.052,-0.032,0.92
08:50:47,0.78,0.024,-0.008,0.932
08:50:48,0.78,0.036,-0.004,0.964
08:50:49,0.81,0.016,-0.004,0.96
08:50:50,0.81,0.024,0,0.992
08:50:51,0.78,0.04,-0.004,0.956
08:50:52,0.78,0.032,0,0.98
08:50:53,0.78,0.02,-0.012,0.948
08:50:54,0.81,0.024,0.004,0.992
08:50:55,0.78,0.036,-0.024,0.836
08:50:56,0.78,0.016,0.004,0.968
08:50:57,0.78,0.02,-0.016,0.876
08:50:58,0.81,0.036,-0.004,0.988
08:50:59,0.81,0.028,0,0.98
08:51:00,0.78,0.032,0.004,0.928
08:51:01,0.78,0.008,0.004,0.96
08:51:02,0.81,0.016,0.004,0.956
08:51:03,0.81,0.016,-0.008,0.928
08:51:04,0.78,0.028,0.004,1.008
08:51:05,0.78,0.004,0.008,0.96
08:51:06,0.81,0.028,-0.008,0.92
08:51:07,0.81,0.048,-0.008,0.96
08:51:08,0.81,0.028,-0.008,0.908
08:51:09,0.78,0.012,-0.008,0.976
08:51:10,0.81,0.028,-0.008,0.944
08:51:11,0.81,0.02,-0.016,0.96
08:51:12,0.81,0.016,-0.004,0.964
08:51:13,0.81,0.044,-0.012,0.868
08:51:14,0.81,0.012,0.004,0.852
08:51:15,0.78,0.044,0,0.988
08:51:16,0.81,0.048,-0.012,0.992
08:51:17,0.81,0.032,-0.008,0.972
08:51:18,0.81,0.036,-0.004,0.98
08:51:19,0.78,0.02,-0.012,0.936
08:51:20,0.81,0.016,0.004,0.98
08:51:21,0.81,0.024,-0.008,0.94
08:51:22,0.65,0.028,-0.012,0.928
08:51:23,0.65,0.012,0,0.948
08:51:24,0.65,0.016,0.004,0.976
08:51:25,0.62,0.052,0.004,1.016
08:51:26,0.65,0.02,0.008,0.968
08:51:27,0.65,0.016,-0.012,0.924
08:51:28,0.65,0.028,-0.004,0.968
08:51:29,0.65,0.02,0.004,0.896
08:51:30,0.65,0.02,0,0.944
08:51:31,0.65,0.024,-0.004,1.016
08:51:32,0.65,0.02,-0.004,0.964
08:51:33,0.62,-0.008,0.012,1.04
08:51:34,0.65,0.02,0,0.9
08:51:35,0.65,-0.012,0.004,0.92
08:51:36,0.62,0.012,-0.016,0.94
08:51:37,0.65,0.024,0,0.992
08:51:38,0.65,0.032,0.004,0.968
08:51:39,0.65,0.008,0.004,0.948
08:51:40,0.65,0.016,0,0.936
08:51:41,0.65,0.028,0,0.972
08:51:42,0.65,0.028,-0.008,0.964
08:51:43,0.65,0.016,0,0.964
08:51:44,0.65,0.02,-0.008,0.952
08:51:45,0.65,0.02,0,0.928
08:51:46,0.65,0.032,-0.004,0.952
08:51:47,0.65,0.012,0.004,0.936
08:51:48,0.65,0.032,0,1.024
08:51:49,0.65,0.028,-0.008,0.876
08:51:50,0.65,0.028,-0.004,0.948
08:51:51,0.65,0.036,0.004,0.932
08:51:52,0.65,0.084,-0.064,0.892
08:51:53,0.65,0.008,-0.012,0.872
08:51:54,0.65,0.044,-0.012,0.9
08:51:55,0.65,0,0.016,0.928
08:51:56,0.65,0.024,-0.012,0.92
08:51:57,0.65,0.008,0,0.92
08:51:58,0.65,0.016,-0.004,0.96
08:51:59,0.65,0.016,-0.008,0.944
08:52:00,0.65,0.012,0,0.956
08:52:01,0.65,0.012,-0.004,0.932
08:52:02,0.65,0.04,0,0.92
08:52:03,0.65,0.008,0,0.972
08:52:04,0.65,0.024,0.024,0.924
08:52:05,0.65,0.02,0.004,0.972
08:52:06,0.65,0.04,-0.012,0.888
08:52:07,0.65,0.016,-0.008,0.928
08:52:08,0.65,0.024,-0.004,0.956
08:52:09,0.65,0.024,-0.008,0.84
08:52:10,0.65,0.064,0.012,0.98
08:52:11,0.65,0.056,-0.004,0.96
08:52:12,0.65,0.016,-0.024,0.78
08:52:13,0.65,0.008,-0.004,0.952
08:52:14,0.65,0.012,0,0.928
08:52:15,0.65,0.028,0,0.952
08:52:16,0.65,0.02,0,0.944
08:52:17,0.65,0.02,0.004,0.936
08:52:18,0.65,0.016,0.008,0.944
08:52:19,0.65,0.012,-0.004,0.96
08:52:20,0.65,0.016,0.008,0.964
08:52:21,0.65,0.028,-0.012,0.968
08:52:22,0.65,0.016,-0.004,0.992
08:52:23,0.65,0.02,-0.004,0.94
08:52:24,0.65,0.02,-0.004,0.956
08:52:25,0.65,0.032,0,0.944
08:52:26,0.65,0.008,0,0.948
08:52:27,0.65,0.044,0.008,0.976
08:52:28,0.65,0.016,0,0.932
08:52:29,0.65,-0.02,0.044,0.96
08:52:30,0.65,0.024,-0.008,0.952
08:52:31,0.65,0.024,0,0.936
08:52:32,0.65,0.02,0,0.932
08:52:33,0.65,0.02,-0.004,0.944
08:52:34,0.65,0.02,-0.008,0.948
08:52:35,0.65,0.016,-0.004,0.96
08:52:36,0.65,0.036,-0.004,0.92
08:52:37,0.65,0.016,0,0.916
08:52:38,0.65,0.012,-0.008,0.932
08:52:39,0.65,0.032,0,0.932
08:52:40,0.65,0.012,-0.008,0.948
08:52:41,0.65,0.032,-0.012,0.932
08:52:42,0.65,0.032,-0.016,0.9
08:52:43,0.65,0.008,-0.004,0.952
08:52:44,0.65,0.008,0.004,0.98
08:52:45,0.65,0.012,0.008,0.96
08:52:46,0.65,0.036,-0.008,0.972
08:52:47,0.65,0.004,0.008,1.04
08:52:48,0.65,0.02,-0.02,0.916
08:52:49,0.65,0.036,0.004,0.932
08:52:50,0.65,0.028,-0.008,0.932
08:52:51,0.65,0.02,-0.004,0.98
08:52:52,0.65,0.04,0,0.976
08:52:53,0.65,0.008,-0.004,0.984
08:52:54,0.65,0.02,-0.008,0.9
08:52:55,0.65,0.008,0.004,0.932
08:52:56,0.65,0.004,-0.004,0.956
08:52:57,0.65,0.04,-0.008,0.944
08:52:58,0.65,0.016,-0.008,0.944
08:52:59,0.65,0.008,0.004,0.96
08:53:00,0.65,0.024,0.004,0.936
08:53:01,0.65,0.036,0,0.976
08:53:02,0.65,0.056,-0.004,0.916
08:53:03,0.65,0.04,0.004,0.908
08:53:04,0.65,0.028,0,0.908
08:53:05,0.65,0.024,0.004,0.88
08:53:06,0.65,0.056,-0.004,0.892
08:53:07,0.65,-0.024,0.028,0.932
08:53:08,0.65,0.024,0.004,0.952
08:53:09,0.65,0.012,-0.004,0.964
08:53:10,0.65,0.02,-0.012,0.908
08:53:11,0.65,0.024,-0.004,0.972
08:53:12,0.65,0.02,-0.008,0.9
08:53:13,0.65,0.024,-0.004,0.944
08:53:14,0.65,0.024,-0.016,0.944
08:53:15,0.68,0.004,0.004,0.988
08:53:16,0.68,0.032,-0.012,0.912
08:53:17,0.68,0.024,0,0.976
08:53:18,0.65,0.012,0,0.98
08:53:19,0.65,0.024,-0.008,1
08:53:20,0.65,0.012,-0.012,0.92
08:53:21,0.65,0.024,0.004,0.996
08:53:22,0.65,0.036,0,0.904
08:53:23,0.68,0,0.004,1.064
08:53:24,0.65,0.028,0.004,0.928
08:53:25,0.65,0.028,-0.004,0.956
08:53:26,0.65,0.036,-0.004,0.916
08:53:27,0.65,0.032,0,0.928
08:53:28,0.65,0.028,-0.004,0.916
08:53:29,0.65,0.016,0,1.008
08:53:30,0.65,0.024,0,0.944
08:53:31,0.65,0.02,-0.004,0.972
08:53:32,0.65,0.012,-0.004,0.96
08:53:33,0.65,0.028,0,0.912
08:53:34,0.65,0.024,0.004,0.948
08:53:35,0.65,0.016,0,0.948
08:53:36,0.65,0.02,0,0.956
08:53:37,0.65,0.028,-0.004,0.956
08:53:38,0.65,0.024,0,0.94
08:53:39,0.65,0.032,0.036,0.996
08:53:40,0.68,0.024,-0.004,0.932
08:53:41,0.65,0.012,-0.004,0.952
08:53:42,0.65,0.032,0,0.936
08:53:43,0.68,0.016,0,0.956
08:53:44,0.65,0.02,-0.004,0.956
08:53:45,0.65,0.024,0,0.928
08:53:46,0.68,0.024,-0.004,0.948
08:53:47,0.65,0.028,0,0.948
08:53:48,0.65,0.024,-0.004,0.932
08:53:49,0.65,0.024,0,0.948
08:53:50,0.68,0.032,-0.004,0.948
08:53:51,0.65,0.028,0,0.964
08:53:52,0.68,0.032,0,0.964
08:53:53,0.68,0.028,-0.004,0.944
08:53:54,0.65,0.028,-0.004,0.924
08:53:55,0.65,0.028,-0.012,0.884
08:53:56,0.65,0.008,0.004,0.964
08:53:57,0.65,0.008,-0.004,0.948
08:53:58,0.65,0.016,-0.004,0.992
08:53:59,0.65,0.012,-0.004,0.888
08:54:00,0.65,0.016,-0.008,0.948
08:54:01,0.65,0.048,0.008,0.932
08:54:02,0.65,0.024,0.004,0.92
08:54:03,0.68,0.016,0,0.956
08:54:04,0.68,0.028,-0.004,0.924
08:54:05,0.65,0.012,0,0.984
08:54:06,0.65,0.02,0,0.948
08:54:07,0.65,0.024,0.012,0.944
08:54:08,0.65,0.024,0,0.94
08:54:09,0.68,0.02,0,0.928
08:54:10,0.68,0.02,-0.004,0.964
08:54:11,0.68,0.016,-0.004,0.96
08:54:12,0.68,0.016,0.004,0.984
08:54:13,0.65,0.032,-0.004,0.948
08:54:14,0.65,0,0,0.988
08:54:15,0.68,0.032,0,0.952
08:54:16,0.65,0.016,-0.004,0.952
08:54:17,0.65,0.024,-0.004,0.952
08:54:18,0.68,0,0.02,1.016
08:54:19,0.65,0.016,0.004,0.96
08:54:20,0.68,0.016,0,0.94
08:54:21,0.65,0.016,0,0.952
08:54:22,0.68,0.032,0,0.964
08:54:23,0.68,0.016,0,0.956
08:54:24,0.68,0.016,0,0.948
08:54:25,0.68,0.024,0,0.964
08:54:26,0.68,0.028,0.008,0.936
08:54:27,0.68,0.02,-0.004,0.928
08:54:28,0.68,0.016,0.004,0.96
08:54:29,0.68,0.024,-0.008,0.948
08:54:30,0.68,0.008,0,0.932
08:54:31,0.65,0.016,0.004,0.948
08:54:32,0.68,0.032,0,0.956
08:54:33,0.68,0.02,-0.004,0.908
08:54:34,0.68,0.02,0.004,0.96
08:54:35,0.68,0.036,-0.012,0.908
08:54:36,0.68,0.028,-0.004,0.9
08:54:37,0.68,0.028,-0.004,0.948
08:54:38,0.68,0.024,-0.004,0.96
08:54:39,0.68,0.016,0.004,0.944
08:54:40,0.65,0.024,0,0.936
08:54:41,0.68,0.028,-0.004,0.96
08:54:42,0.65,0.016,-0.008,0.94
08:54:43,0.68,0.028,-0.016,0.924
08:54:44,0.68,0.016,-0.012,0.948
08:54:45,0.68,0.032,0,0.96
08:54:46,0.68,0.012,0.004,0.94
08:54:47,0.68,0.028,-0.004,0.952
08:54:48,0.68,0.032,-0.008,0.948
08:54:49,0.68,0.032,-0.008,0.968
08:54:50,0.68,0.024,-0.004,0.968
08:54:51,0.68,0.02,0,0.952
08:54:52,0.68,0.02,-0.004,0.948
08:54:53,0.68,0.024,-0.004,0.968
08:54:54,0.68,0.016,-0.004,0.952
08:54:55,0.68,0.028,-0.004,0.948
08:54:56,0.68,0.028,-0.008,0.944
08:54:57,0.68,0.024,-0.004,0.964
08:54:58,0.68,0.024,-0.008,0.932
08:54:59,0.68,0.028,0,0.916
08:55:00,0.65,0.016,-0.004,0.924
08:55:01,0.65,0.02,-0.004,0.916
08:55:02,0.65,0.016,-0.008,0.956
08:55:03,0.68,0.02,-0.004,0.892
08:55:04,0.68,0.024,0.012,0.924
08:55:05,0.68,0.016,-0.012,0.932
08:55:06,0.68,0.02,-0.004,0.944
08:55:07,0.68,0.02,0,0.916
08:55:08,0.68,0.04,-0.008,0.972
08:55:09,0.68,0.016,0.004,1
08:55:10,0.68,0.028,0,0.92
08:55:11,0.68,0.024,-0.004,0.932
08:55:12,0.68,0.02,-0.004,0.928
08:55:13,0.68,0.016,0.004,0.952
08:55:14,0.68,0.024,-0.004,0.94
08:55:15,0.68,0.032,-0.008,0.94
08:55:16,0.68,0.032,-0.016,0.916
08:55:17,0.68,0.016,-0.008,0.948
08:55:18,0.68,0.02,-0.008,0.92
08:55:19,0.68,0.012,0.004,0.944
08:55:20,0.68,0.016,-0.004,0.964
08:55:21,0.68,0.032,-0.004,0.916
08:55:22,0.68,0.032,0.004,0.94
08:55:23,0.68,0.028,0,0.948
08:55:24,0.68,0.028,-0.008,0.948
08:55:25,0.68,0.004,0.008,0.972
08:55:26,0.68,0.016,0,0.964
08:55:27,0.68,0.016,0.004,0.944
08:55:28,0.68,0.024,-0.008,0.944
08:55:29,0.68,0.008,-0.008,0.944
08:55:30,0.68,0.024,-0.004,0.94
08:55:31,0.68,0.02,-0.012,0.972
08:55:32,0.68,0.02,0.004,0.94
08:55:33,0.68,0.016,0,0.94
08:55:34,0.68,0.036,-0.008,0.928
08:55:35,0.68,0.028,-0.004,0.928
08:55:36,0.68,0.024,0.008,0.96
08:55:37,0.68,0.024,0.004,0.94
08:55:38,0.68,0.028,-0.004,0.888
08:55:39,0.68,0.012,0,0.964
08:55:40,0.68,0.024,-0.004,0.996
08:55:41,0.68,0.028,0,0.88
08:55:42,0.68,0.02,-0.004,0.996
08:55:43,0.68,0.02,0,0.936
08:55:44,0.68,0.024,-0.004,0.936
08:55:45,0.68,0.032,0.004,0.94
08:55:46,0.68,0.02,0,0.944
08:55:47,0.68,0.02,0.004,0.956
08:55:48,0.68,0.028,-0.004,0.948
08:55:49,0.68,0.024,0,0.932
08:55:50,0.68,0.024,-0.008,0.944
08:55:51,0.68,0.02,0,0.948
08:55:52,0.68,0.012,0,0.948
08:55:53,0.68,0.016,-0.004,0.956
08:55:54,0.68,0.016,0,0.948
08:55:55,0.68,0.028,-0.012,0.952
08:55:56,0.68,0.028,0,0.96
08:55:57,0.68,0.02,-0.004,0.948
08:55:58,0.68,0.02,0,0.96
08:55:59,0.68,0.036,-0.004,0.952
08:56:00,0.68,0.012,-0.008,0.972
08:56:01,0.68,0.016,0,0.956
08:56:02,0.68,0.036,-0.004,0.928
08:56:03,0.68,0.02,0.004,0.96
08:56:04,0.68,0.032,0,0.924
08:56:05,0.68,0.016,0,0.98
08:56:06,0.68,0.008,-0.008,0.908
08:56:07,0.68,0.012,-0.004,0.972
08:56:08,0.68,0.016,-0.012,0.976
08:56:09,0.68,0.036,-0.008,0.932
08:56:10,0.68,0.016,-0.008,0.992
08:56:11,0.68,0.024,0.004,0.96
08:56:12,0.68,0.024,-0.008,0.948
08:56:13,0.68,0.036,-0.004,0.94
08:56:14,0.68,0.02,-0.004,0.908
08:56:15,0.68,0.012,-0.004,0.936
08:56:16,0.68,0.028,0,0.952
08:56:17,0.68,0.028,0.008,0.952
08:56:18,0.68,0.028,0.004,0.932
08:56:19,0.68,0,0.008,0.92
08:56:20,0.68,0.028,-0.004,0.916
08:56:21,0.68,0.008,0.016,0.924
08:56:22,0.68,0.012,0.004,0.952
08:56:23,0.68,0.028,-0.008,0.948
08:56:24,0.68,0.032,0,0.94
08:56:25,0.68,0.016,0.004,0.932
08:56:26,0.68,0.024,0.004,0.94
08:56:27,0.68,0.016,-0.012,0.944
08:56:28,0.68,0.028,-0.004,0.98
08:56:29,0.68,0.024,-0.004,0.948
08:56:30,0.56,0.02,0,0.944
08:56:31,0.56,0.02,0,0.964
08:56:32,0.56,0.024,-0.004,0.948
08:56:33,0.56,0.028,0.008,0.976
08:56:34,0.56,0.028,-0.012,0.936
08:56:35,0.56,0.008,-0.004,0.98
08:56:36,0.56,0.024,-0.004,0.94
08:56:37,0.56,0.024,-0.012,0.964
08:56:38,0.56,0.016,0,0.968
08:56:39,0.56,0.016,0.004,0.992
08:56:40,0.56,0.016,0,0.924
08:56:41,0.56,0.028,-0.008,0.98
08:56:42,0.56,0.008,0.008,0.98
08:56:43,0.56,0.028,0,0.984
08:56:44,0.56,0.04,-0.024,0.852
08:56:45,0.56,0.02,0,0.92
08:56:46,0.56,0.02,0,0.94
08:56:47,0.56,0.036,-0.016,0.884
08:56:48,0.56,0.02,-0.004,0.94
08:56:49,0.56,0.028,-0.004,0.932
08:56:50,0.56,0.02,0,0.936
08:56:51,0.56,0.028,-0.008,0.944
08:56:52,0.59,0.024,0,0.948
08:56:53,0.56,0.008,-0.004,0.944
08:56:54,0.59,0.016,-0.004,0.94
08:56:55,0.56,0.016,0,0.952
08:56:56,0.56,0.028,0.004,0.956
08:56:57,0.56,0.008,0.012,0.996
08:56:58,0.56,0.016,0,0.94
08:56:59,0.56,0.016,-0.004,0.976
08:57:00,0.56,0.024,0,0.948
08:57:01,0.56,0.024,-0.008,0.948
08:57:02,0.59,0.024,-0.004,0.964
08:57:03,0.56,0.024,0,0.944
08:57:04,0.56,0.016,0,0.944
08:57:05,0.56,0.012,0.004,0.964
08:57:06,0.56,0.016,-0.004,0.98
08:57:07,0.56,0.028,0,0.968
08:57:08,0.56,0.024,0,0.948
08:57:09,0.59,0.016,-0.008,0.888
08:57:10,0.56,0.036,0,0.952
08:57:11,0.56,0.028,-0.004,0.92
08:57:12,0.56,0.02,-0.012,0.944
08:57:13,0.56,0.028,-0.004,0.964
08:57:14,0.56,0.028,-0.012,0.964
08:57:15,0.56,0.02,-0.004,0.948
08:57:16,0.56,0.028,-0.008,0.94
08:57:17,0.56,0.02,-0.004,0.924
08:57:18,0.56,0.024,-0.008,0.928
08:57:19,0.56,0.024,0,0.968
08:57:20,0.56,0.016,0,0.964
08:57:21,0.56,0.024,-0.004,0.936
08:57:22,0.56,0.024,-0.008,0.964
08:57:23,0.56,0.016,-0.004,0.956
08:57:24,0.56,0.016,0.004,0.936
08:57:25,0.56,0.02,0,0.948
08:57:26,0.56,0.02,0,0.94
08:57:27,0.56,0.02,0.004,0.956
08:57:28,0.56,0.012,0,0.952
08:57:29,0.56,0.032,0,0.952
08:57:30,0.56,0.02,0,0.964
08:57:31,0.56,0.02,0,0.928
08:57:32,0.59,0.02,-0.012,0.944
08:57:33,0.56,0.016,-0.004,0.932
08:57:34,0.56,0.012,-0.004,0.96
08:57:35,0.56,0.016,0,0.96
08:57:36,0.56,0.028,0,0.96
08:57:37,0.59,0.024,0,0.952
08:57:38,0.59,0.016,-0.008,0.944
08:57:39,0.59,0.016,0,0.94
08:57:40,0.56,0.02,0,0.992
08:57:41,0.59,0.028,-0.012,0.968
08:57:42,0.56,0.02,0,0.944
08:57:43,0.59,0.02,-0.012,0.96
08:57:44,0.56,0.02,0,0.948
08:57:45,0.59,0.02,-0.008,0.976
08:57:46,0.59,0.02,0,0.964
08:57:47,0.59,0.028,-0.004,0.932
08:57:48,0.59,0.024,-0.012,0.948
08:57:49,0.59,0.016,0.004,0.964
08:57:50,0.59,0.02,-0.008,0.904
08:57:51,0.56,0.024,-0.008,0.944
08:57:52,0.59,0.016,-0.008,0.964
08:57:53,0.59,0.012,-0.004,0.956
08:57:54,0.59,0.02,0,0.924
08:57:55,0.59,0.02,0,0.88
08:57:56,0.59,0.016,0,0.932
08:57:57,0.59,0.036,0.004,0.944
08:57:58,0.59,0.016,-0.016,0.928
08:57:59,0.59,0.036,-0.008,0.968
08:58:00,0.59,0.012,0,0.924
08:58:01,0.59,0.032,-0.004,0.936
08:58:02,0.56,0.028,-0.012,0.96
08:58:03,0.56,0.032,-0.008,0.96
08:58:04,0.59,0.04,-0.008,0.892
08:58:05,0.59,0.016,0.008,0.92
08:58:06,0.56,0.012,0.004,0.944
08:58:07,0.59,0.024,0.004,0.92
08:58:08,0.59,0.016,0,0.996
08:58:09,0.56,0.028,0,0.928
08:58:10,0.59,0.008,0,0.952
08:58:11,0.59,0.02,-0.008,0.944
08:58:12,0.59,0.012,0.004,0.936
08:58:13,0.56,0.02,0,0.948
08:58:14,0.59,0.028,-0.004,0.944
08:58:15,0.59,0.016,0,0.956
08:58:16,0.59,0.024,-0.004,0.948
08:58:17,0.59,0.024,-0.004,0.952
08:58:18,0.59,0.016,0.004,0.956
08:58:19,0.56,0.024,0,0.976
08:58:20,0.59,0.02,-0.004,0.96
08:58:21,0.59,0.028,0,0.944
08:58:22,0.59,0.016,-0.004,0.968
08:58:23,0.59,0.028,-0.004,0.944
08:58:24,0.59,0.012,0,0.952
08:58:25,0.59,0.02,0,0.96
08:58:26,0.59,0.02,-0.004,0.96
08:58:27,0.59,0.024,-0.012,0.952
08:58:28,0.59,0.02,-0.004,0.948
08:58:29,0.59,0.024,-0.004,0.948
08:58:30,0.59,0.024,-0.012,0.94
08:58:31,0.59,0.028,0.008,0.964
08:58:32,0.59,0.016,0.004,0.964
08:58:33,0.59,0.02,-0.004,0.952
08:58:34,0.59,0.016,0,0.936
08:58:35,0.59,0.032,0,0.944
08:58:36,0.59,0.024,-0.008,1.004
08:58:37,0.59,0.02,-0.004,0.948
08:58:38,0.59,0.016,-0.016,0.852
08:58:39,0.59,0.028,0,0.952
08:58:40,0.59,0.008,-0.008,0.952
08:58:41,0.59,0.012,-0.004,0.944
08:58:42,0.59,0.028,0,0.94
08:58:43,0.59,0.04,-0.012,0.936
08:58:44,0.59,0.012,0,0.948
08:58:45,0.59,0.04,-0.004,0.972
08:58:46,0.59,0.016,-0.004,1.044
08:58:47,0.59,0.024,-0.004,0.952
08:58:48,0.59,0.032,0.008,0.928
08:58:49,0.59,0.024,0,0.928
08:58:50,0.59,0.028,-0.004,0.932
08:58:51,0.59,0.032,-0.012,0.916
08:58:52,0.59,0.024,-0.008,0.984
08:58:53,0.59,0.016,-0.008,0.94
08:58:54,0.59,0.028,0.004,0.94
08:58:55,0.59,0.032,-0.004,0.908
08:58:56,0.59,0.02,-0.008,0.984
08:58:57,0.59,0.024,0.008,0.924
08:58:58,0.59,0.028,-0.012,0.92
08:58:59,0.59,0.028,0,0.944
08:59:00,0.59,0.028,0,0.912
08:59:01,0.59,0.008,0,0.972
08:59:02,0.59,0.028,-0.012,0.94
08:59:03,0.59,0.024,-0.008,0.952
08:59:04,0.59,0.02,-0.004,0.992
08:59:05,0.59,0.024,-0.008,0.948
08:59:06,0.59,0.02,0,0.936
08:59:07,0.59,0.008,-0.008,0.94
08:59:08,0.59,0.024,0,0.984
08:59:09,0.59,0.02,-0.008,0.944
08:59:10,0.59,0.028,-0.008,1.048
08:59:11,0.59,0.028,-0.008,0.976
08:59:12,0.59,0.016,-0.004,0.976
08:59:13,0.59,0.024,0,0.964
08:59:14,0.59,0.008,0.004,0.984
08:59:15,0.59,0.024,-0.008,0.952
08:59:16,0.59,0.024,0,0.944
08:59:17,0.59,0.016,-0.004,0.94
08:59:18,0.59,0.016,-0.004,0.96
08:59:19,0.59,0.028,-0.004,0.96
08:59:20,0.59,0.024,0,0.944
08:59:21,0.59,0.016,0.004,0.956
08:59:22,0.59,0.032,-0.004,0.944
08:59:23,0.59,0.016,-0.004,0.956
08:59:24,0.59,0.012,0.004,0.972
08:59:25,0.59,0.016,0,0.944
08:59:26,0.59,0.008,0.008,0.96
08:59:27,0.59,0.02,-0.008,0.956
08:59:28,0.59,0.024,0,0.96
08:59:29,0.59,0.016,0,0.952
08:59:30,0.59,0.02,0.004,0.944
08:59:31,0.59,0.02,0.004,0.94
08:59:32,0.59,0.02,0,0.956
08:59:33,0.59,0.024,-0.004,0.944
08:59:34,0.59,0.02,-0.012,0.948
08:59:35,0.59,0.024,0.004,0.964
08:59:36,0.59,0.028,0,0.944
08:59:37,0.59,0.012,-0.004,0.94
08:59:38,0.59,0.02,-0.012,0.924
08:59:39,0.59,0.024,-0.008,0.94
08:59:40,0.59,0.016,0,0.936
08:59:41,0.59,0.04,0.004,0.928
08:59:42,0.59,0.028,-0.012,0.936
08:59:43,0.59,0.02,0,0.952
08:59:44,0.59,0.036,-0.012,0.924
08:59:45,0.59,0.016,-0.004,0.94
08:59:46,0.59,0.032,-0.004,0.94
08:59:47,0.59,0.02,0,0.944
08:59:48,0.59,0.004,0,0.972
08:59:49,0.59,0.016,-0.004,0.932
08:59:50,0.59,0.016,0,0.936
08:59:51,0.59,0.02,-0.004,0.936
08:59:52,0.59,0.032,0,0.912
08:59:53,0.59,0.036,-0.012,0.9
08:59:54,0.59,0.044,-0.024,0.888
08:59:55,0.59,0.02,-0.012,0.98
08:59:56,0.59,0.024,-0.004,0.996
08:59:57,0.59,0.032,-0.004,0.944
08:59:58,0.59,0.024,-0.008,0.912
08:59:59,0.59,0.036,0.004,0.968
09:00:00,0.59,0.024,-0.016,0.948
09:00:01,0.59,0.016,0.008,0.932
09:00:02,0.59,0.012,-0.004,0.96
09:00:03,0.59,0.028,0.004,0.96
09:00:04,0.59,0.02,-0.004,0.972
09:00:05,0.59,0.028,-0.008,0.92
09:00:06,0.59,0.02,0.008,0.908
09:00:07,0.59,0.024,-0.004,0.932
09:00:08,0.59,0.028,-0.008,1
09:00:09,0.59,0.028,0.004,0.944
09:00:10,0.59,0.028,-0.008,1.008
09:00:11,0.59,0.028,-0.004,0.956
09:00:12,0.59,0.02,0.004,0.932
09:00:13,0.59,0.044,-0.004,0.908
09:00:14,0.59,0.016,0,0.888
09:00:15,0.59,0.028,0,0.944
09:00:16,0.59,0.032,-0.004,0.932
09:00:17,0.59,0.024,0.004,0.984
09:00:18,0.59,0.02,-0.008,0.9
09:00:19,0.59,0.02,0.004,0.964
09:00:20,0.59,0.012,-0.004,0.972
09:00:21,0.59,0.028,0.004,0.956
09:00:22,0.59,0.008,-0.004,0.984
09:00:23,0.59,0.028,-0.004,0.944
09:00:24,0.59,0.024,0,0.94
09:00:25,0.59,0.02,-0.004,0.948
09:00:26,0.59,0.008,0,0.952
09:00:27,0.59,0.016,-0.008,0.956
09:00:28,0.59,0.024,-0.004,0.936
09:00:29,0.59,0.032,0.008,0.956
09:00:30,0.59,0.02,0,0.956
09:00:31,0.59,0.012,0.004,0.964
09:00:32,0.59,0.024,0,0.944
09:00:33,0.59,0.016,0,0.952
09:00:34,0.59,0.024,-0.004,0.888
09:00:35,0.59,0.016,-0.004,0.952
09:00:36,0.59,0.032,-0.008,0.948
09:00:37,0.59,0.016,0,0.944
09:00:38,0.59,0.012,-0.004,0.928
09:00:39,0.59,0.012,0.004,0.952
09:00:40,0.59,0.016,-0.004,0.964
09:00:41,0.59,0.068,-0.008,0.88
09:00:42,0.59,0.016,0.004,0.952
09:00:43,0.59,0.02,-0.008,0.952
09:00:44,0.59,0.012,-0.004,0.964
09:00:45,0.59,0.028,-0.004,0.94
09:00:46,0.59,0.02,0,0.948
09:00:47,0.59,0.028,-0.004,0.968
09:00:48,0.59,0.02,0.008,0.912
09:00:49,0.59,0.012,0,0.932
09:00:50,0.59,0.028,-0.008,0.936
09:00:51,0.59,0.016,0.012,0.964
09:00:52,0.59,0.02,0,0.968
09:00:53,0.59,0.028,-0.004,0.94
09:00:54,0.59,0.028,-0.004,0.928
09:00:55,0.62,0.02,0,0.964
09:00:56,0.59,0.044,-0.008,1
09:00:57,0.59,0.044,0.004,0.924
09:00:58,0.59,0.02,-0.008,0.928
09:00:59,0.59,0.024,-0.004,0.928
09:01:00,0.59,0.02,0.004,0.968
09:01:01,0.59,0.036,-0.004,0.916
09:01:02,0.59,0.036,-0.004,0.956
09:01:03,0.59,0.008,-0.004,0.956
09:01:04,0.59,0.052,-0.008,0.916
09:01:05,0.59,0.012,-0.004,0.94
09:01:06,0.59,0.028,-0.008,0.912
09:01:07,0.59,0.012,0.004,0.984
09:01:08,0.59,0.032,0.004,0.964
09:01:09,0.59,0.028,-0.008,0.968
09:01:10,0.59,0.024,-0.008,0.956
09:01:11,0.59,0.032,0,0.928
09:01:12,0.59,0.024,-0.004,0.964
09:01:13,0.59,0.028,0,0.94
09:01:14,0.59,0.024,0.004,0.932
09:01:15,0.59,0.016,0,0.988
09:01:16,0.59,0.02,-0.004,0.96
09:01:17,0.59,0.02,-0.008,0.964
09:01:18,0.59,0.016,-0.008,0.952
09:01:19,0.59,0.032,-0.004,0.952
09:01:20,0.59,0.032,-0.004,0.932
09:01:21,0.59,0.016,0,0.952
09:01:22,0.59,0.028,-0.008,0.932
09:01:23,0.59,0.028,-0.004,0.952
09:01:24,0.59,0.012,0.004,0.964
09:01:25,0.59,0.024,0,0.928
09:01:26,0.59,0.032,-0.004,0.924
09:01:27,0.59,0.024,-0.016,0.98
09:01:28,0.59,0.012,-0.008,0.908
09:01:29,0.59,0.012,0.004,0.952
09:01:30,0.59,0.048,-0.004,0.9
09:01:31,0.59,0.016,0,0.924
09:01:32,0.59,0.028,-0.004,0.944
09:01:33,0.62,0.02,-0.004,0.956
09:01:34,0.59,0.012,0,0.932
09:01:35,0.59,0.024,-0.016,0.98
09:01:36,0.59,0.044,0.004,0.928
09:01:37,0.59,0.024,-0.004,0.952
09:01:38,0.59,0.024,0.004,0.9
09:01:39,0.59,0.024,-0.004,0.964
09:01:40,0.59,0.008,0.016,0.996
09:01:41,0.59,0.028,-0.012,0.948
09:01:42,0.59,0.04,-0.008,0.888
09:01:43,0.59,0.016,0.008,0.896
09:01:44,0.59,0.86,0.368,1.192
09:01:45,0.59,-0.684,-0.232,1.576
09:01:46,0.62,0.044,0.004,0.952
09:01:47,0.59,0.048,-0.004,0.94
09:01:48,0.59,0.048,0,0.948
09:01:49,0.59,0.048,0.004,0.944
09:01:50,0.59,0.048,-0.004,0.948
09:01:51,0.59,0.056,-0.004,0.94
09:01:52,0.59,0.052,0,0.948
09:01:53,0.59,0.048,0.004,0.956
09:01:54,0.59,0.056,0,0.952
09:01:55,0.59,0.052,0,0.96
09:01:56,0.59,0.06,0.008,0.96
09:01:57,0.59,0.06,0,0.948
09:01:58,0.59,0.052,0.004,0.944
09:01:59,0.59,0.044,0,0.948
09:02:00,0.59,0.98,-0.608,0.408
09:02:01,0.59,0.036,0,0.992
09:02:02,0.62,0.192,1.916,0.508
09:02:03,0.59,0.056,0.236,0.956
09:02:04,0.59,0.448,0.08,0.18
09:02:05,0.71,0.052,1.028,0.06
09:02:06,0.59,0.048,-0.024,0.94
09:02:07,0.59,0.04,-0.02,0.952
09:02:08,0.59,0.048,-0.028,0.944
09:02:09,0.59,0.044,-0.024,0.948
09:02:10,0.59,0.056,-0.028,0.948
09:02:11,0.59,0.052,-0.02,0.944
09:02:12,0.59,0.052,-0.02,0.952
09:02:13,0.59,0.04,-0.024,0.948
09:02:14,0.59,0.04,-0.024,0.936
09:02:15,0.59,0.048,-0.028,0.952
09:02:16,0.59,0.048,-0.028,0.932
09:02:17,0.59,0.04,-0.012,0.944
09:02:18,0.59,0.048,-0.032,0.952
09:02:19,0.59,0.048,-0.024,0.94
09:02:20,0.59,0.044,-0.012,0.944
09:02:21,0.59,0.04,-0.02,0.94
09:02:22,0.59,0.04,-0.024,0.94
09:02:23,0.59,0.044,-0.012,0.952
09:02:24,0.59,0.056,-0.024,0.944
09:02:25,0.59,0.044,-0.02,0.952
09:02:26,0.59,0.056,-0.028,0.952
09:02:27,0.59,0.044,-0.032,0.936
09:02:28,0.59,0.044,-0.024,0.944
09:02:29,0.59,0.048,-0.024,0.948
09:02:30,0.59,0.052,-0.02,0.952
09:02:31,0.59,0.044,-0.032,0.932
09:02:32,0.59,0.04,-0.02,0.94
09:02:33,0.59,0.044,-0.028,0.952
09:02:34,0.59,0.048,-0.024,0.94
09:02:35,0.59,0.06,-0.024,0.936
09:02:36,0.59,0.052,-0.02,0.94
09:02:37,0.59,0.052,-0.02,0.96
09:02:38,0.59,0.04,-0.036,0.948
09:02:39,0.59,0.048,-0.032,0.94
09:02:40,0.59,0.044,-0.024,0.94
09:02:41,0.59,0.048,-0.024,0.944
09:02:42,0.59,0.048,-0.024,0.944
09:02:43,0.56,0.052,-0.024,0.952
09:02:44,0.59,0.048,-0.016,0.936
09:02:45,0.59,0.04,-0.032,0.932
09:02:46,0.59,0.048,-0.024,0.944
09:02:47,0.59,0.036,-0.024,0.944
09:02:48,0.59,0.044,-0.036,0.94
09:02:49,0.59,0.048,-0.016,0.96
09:02:50,0.59,0.024,-0.08,0.968
09:02:51,0.59,0.06,-0.2,0.752
09:02:52,0.59,-0.38,-0.204,0.776
09:02:53,0.59,0.032,-0.008,0.944
09:02:54,0.59,0.028,-0.004,0.948
09:02:55,0.59,0.036,-0.012,0.916
09:02:56,0.59,0.036,-0.008,0.956
09:02:57,0.59,0.02,-0.004,0.96
09:02:58,0.59,0.032,0,0.96
09:02:59,0.59,0.02,-0.008,0.948
09:03:00,0.59,0.036,0,0.94
09:03:01,0.62,0.02,-0.012,0.944
09:03:02,0.59,0.032,0,0.956
09:03:03,0.62,0.032,-0.012,0.936
09:03:04,0.62,0.036,0,0.952
09:03:05,0.59,0.044,0.004,0.956
09:03:06,0.59,0.02,-0.008,0.924
09:03:07,0.62,0.048,0,0.968
09:03:08,0.59,0.032,-0.004,0.94
09:03:09,0.62,0.02,-0.008,0.936
09:03:10,0.59,0.032,0,0.948
09:03:11,0.59,0.04,-0.008,0.952
09:03:12,0.59,0.028,-0.004,0.94
09:03:13,0.59,0.036,0,0.96
09:03:14,0.62,0.036,-0.004,0.96
09:03:15,0.62,0.036,-0.012,0.968
09:03:16,0.59,0.024,-0.004,0.944
09:03:17,0.62,0.036,0,0.944
09:03:18,0.59,0.032,0.008,0.956
09:03:19,0.62,0.032,-0.008,0.948
09:03:20,0.62,0.036,0,0.948
09:03:21,0.62,0.04,0,0.956
09:03:22,0.62,0.028,-0.008,0.94
09:03:23,0.62,0.028,-0.004,0.94
09:03:24,0.62,0.032,-0.004,0.948
09:03:25,0.62,0.036,0,0.944
09:03:26,0.62,0.028,-0.004,0.948
09:03:27,0.62,0.036,0,0.964
09:03:28,0.62,0.024,-0.004,0.964
09:03:29,0.62,0.02,0.004,0.944
09:03:30,0.59,0.032,-0.008,0.92
09:03:31,0.59,0.036,-0.004,0.952
09:03:32,0.62,0.032,-0.004,0.952
09:03:33,0.59,0.024,-0.004,0.932
09:03:34,0.62,0.032,-0.008,0.944
09:03:35,0.62,0.032,0.004,0.96
09:03:36,0.62,0.032,0,0.956
09:03:37,0.62,0.028,0,0.944
09:03:38,0.62,0.032,-0.004,0.968
09:03:39,0.62,0.028,0,0.94
09:03:40,0.62,0.02,-0.008,0.952
09:03:41,0.62,0.036,-0.004,0.956
09:03:42,0.62,0.032,-0.004,0.936
09:03:43,0.59,0.032,-0.004,0.944
09:03:44,0.62,0.02,0,0.948
09:03:45,0.62,0.032,0,0.94
09:03:46,0.62,0.048,0.008,0.944
09:03:47,0.59,0.032,0,0.936
09:03:48,0.62,0.032,-0.008,0.96
09:03:49,0.62,0.032,-0.004,0.944
09:03:50,0.62,0.04,-0.008,0.968
09:03:51,0.59,0.036,-0.012,0.948
09:03:52,0.62,0.024,-0.004,0.936
09:03:53,0.62,0.028,0,0.94
09:03:54,0.62,0.032,-0.004,0.964
09:03:55,0.62,0.024,0.004,0.948
09:03:56,0.62,0.028,-0.004,0.94
09:03:57,0.62,0.036,-0.008,0.932
09:03:58,0.62,0.032,-0.008,0.948
09:03:59,0.62,0.032,-0.004,0.932
09:04:00,0.62,0.028,0,0.948
09:04:01,0.62,0.036,-0.012,0.94
09:04:02,0.62,0.036,-0.004,0.96
09:04:03,0.62,0.028,-0.004,0.948
09:04:04,0.62,0.036,0,0.952
09:04:05,0.62,0.02,-0.008,0.944
09:04:06,0.62,0.024,-0.004,0.948
09:04:07,0.62,0.028,-0.008,0.964
09:04:08,0.62,0.024,-0.004,0.94
09:04:09,0.62,0.02,-0.004,0.948
09:04:10,0.62,0.032,0.008,0.944
09:04:11,0.62,0.032,-0.008,0.956
09:04:12,0.62,0.028,0,0.952
09:04:13,0.62,0.036,-0.004,0.956
09:04:14,0.62,0.032,-0.004,0.952
09:04:15,0.62,0.032,-0.004,0.96
09:04:16,0.62,0.024,-0.004,0.94
09:04:17,0.62,0.028,0,0.944
09:04:18,0.62,0.016,-0.004,0.932
09:04:19,0.62,0.02,-0.012,0.948
09:04:20,0.62,0.028,-0.008,0.96
09:04:21,0.62,0.028,-0.004,0.94
09:04:22,0.62,0.028,0,0.952
09:04:23,0.62,0.032,-0.008,0.936
09:04:24,0.62,0.036,-0.012,0.94
09:04:25,0.62,0.032,-0.012,0.948
09:04:26,0.62,0.024,-0.004,0.944
09:04:27,0.62,0.032,0,0.952
09:04:28,0.62,0.036,0,0.944
09:04:29,0.62,0.036,0.004,0.956
09:04:30,0.62,0.044,0.008,0.936
09:04:31,0.62,0.024,-0.012,0.94
09:04:32,0.62,0.048,-0.004,0.956
09:04:33,0.62,0.028,0.008,0.944
09:04:34,0.62,0.032,0,0.944
09:04:35,0.62,0.024,0,0.932
09:04:36,0.62,0.04,-0.004,0.96
09:04:37,0.62,0.028,-0.008,0.96
09:04:38,0.62,0.032,-0.004,0.952
09:04:39,0.62,0.04,-0.008,0.94
09:04:40,0.62,0.02,0,0.944
09:04:41,0.62,0.032,-0.004,0.932
09:04:42,0.62,0.02,-0.008,0.936
09:04:43,0.62,0.032,-0.012,0.948
09:04:44,0.62,0.024,0,0.972
09:04:45,0.62,0.032,0,0.94
09:04:46,0.62,0.032,-0.004,0.956
09:04:47,0.62,0.052,-0.004,0.956
09:04:48,0.62,0.032,-0.004,0.94
09:04:49,0.62,0.032,-0.008,0.948
09:04:50,0.62,0.04,-0.004,0.972
09:04:51,0.62,0.032,-0.004,0.952
09:04:52,0.62,0.036,-0.008,0.948
09:04:53,0.62,0.024,-0.016,0.94
09:04:54,0.62,0.032,-0.008,0.944
09:04:55,0.62,0.024,-0.004,0.944
09:04:56,0.62,0.036,-0.008,0.94
09:04:57,0.62,0.048,0,0.968
09:04:58,0.62,0.04,0,0.968
09:04:59,0.62,0.032,-0.008,0.952
09:05:00,0.62,0.036,0,0.94
09:05:01,0.62,0.036,0,0.96
09:05:02,0.62,0.028,-0.008,0.944
09:05:03,0.62,0.04,-0.012,0.948
09:05:04,0.62,0.028,-0.008,0.936
09:05:05,0.62,0.028,-0.004,0.952
09:05:06,0.62,0.036,-0.004,0.956
09:05:07,0.62,0.028,-0.004,0.952
09:05:08,0.62,0.036,0,0.944
09:05:09,0.62,0.036,-0.004,0.952
09:05:10,0.62,0.024,-0.004,0.956
09:05:11,0.62,0.028,-0.008,0.94
09:05:12,0.62,0.028,-0.004,0.952
09:05:13,0.62,0.024,0,0.944
09:05:14,0.62,0.036,-0.008,0.94
09:05:15,0.62,0.02,-0.004,0.948
09:05:16,0.62,0.028,0,0.956
09:05:17,0.62,0.044,-0.008,0.948
09:05:18,0.62,0.04,-0.004,0.956
09:05:19,0.62,0.04,0,0.96
09:05:20,0.62,0.032,-0.008,0.956
09:05:21,0.5,0.036,-0.008,0.944
09:05:22,0.5,0.04,0,0.944
09:05:23,0.5,0.032,-0.004,0.936
09:05:24,0.5,0.028,-0.012,0.96
09:05:25,0.5,0.032,0,0.956
09:05:26,0.5,0.032,0,0.94
09:05:27,0.5,0.04,-0.004,0.96
09:05:28,0.5,0.032,-0.004,0.952
09:05:29,0.5,0.028,-0.016,0.952
09:05:30,0.5,0.032,0,0.952
09:05:31,0.5,0.04,-0.008,0.948
09:05:32,0.5,0.036,-0.008,0.952
09:05:33,0.5,0.036,0,0.936
09:05:34,0.5,0.016,-0.012,0.944
09:05:35,0.5,0.032,-0.012,0.948
09:05:36,0.5,0.028,-0.008,0.936
09:05:37,0.5,0.028,0,0.928
09:05:38,0.5,0.028,-0.004,0.932
09:05:39,0.5,0.028,-0.008,0.96
09:05:40,0.5,0.036,-0.004,0.956
09:05:41,0.5,0.028,0,0.94
09:05:42,0.5,0.024,-0.004,0.94
09:05:43,0.5,0.02,-0.008,0.96
09:05:44,0.5,0.028,-0.008,0.932
09:05:45,0.53,0.052,0,0.972
09:05:46,0.5,0.032,-0.008,0.944
09:05:47,0.5,0.036,-0.012,0.956
09:05:48,0.5,0.032,0,0.944
09:05:49,0.5,0.028,-0.008,0.944
09:05:50,0.5,0.024,-0.004,0.956
09:05:51,0.5,0.048,0,0.98
09:05:52,0.5,0.024,-0.004,0.936
09:05:53,0.5,0.044,-0.004,0.956
09:05:54,0.5,0.028,-0.008,0.936
09:05:55,0.5,0.04,-0.008,0.94
09:05:56,0.5,0.024,-0.016,0.932
09:05:57,0.5,0.028,0,0.928
09:05:58,0.5,0.02,0,0.936
09:05:59,0.5,0.04,-0.008,0.952
09:06:00,0.5,0.032,-0.008,0.96
09:06:01,0.5,0.044,0,0.936
09:06:02,0.5,0.02,0,0.948
09:06:03,0.5,0.028,-0.012,0.956
09:06:04,0.5,0.04,-0.012,0.948
09:06:05,0.5,0.04,-0.016,0.948
09:06:06,0.5,0.036,0,0.932
09:06:07,0.5,0.036,-0.008,0.956
09:06:08,0.5,0.024,-0.004,0.956
09:06:09,0.5,0.028,-0.004,0.924
09:06:10,0.5,0.028,-0.004,0.944
09:06:11,0.5,0.024,0,0.96
09:06:12,0.5,0.024,-0.008,0.924
09:06:13,0.5,0.032,-0.012,0.952
09:06:14,0.5,0.02,-0.004,0.924
09:06:15,0.5,0.028,-0.012,0.948
09:06:16,0.5,0.032,0,0.94
09:06:17,0.5,0.036,-0.016,0.948
09:06:18,0.5,0.028,-0.004,0.936
09:06:19,0.5,0.028,-0.004,0.932
09:06:20,0.5,0.032,-0.004,0.956
09:06:21,0.5,0.032,-0.004,0.956
09:06:22,0.5,0.036,-0.008,0.948
09:06:23,0.5,0.048,-0.004,0.964
09:06:24,0.5,0.036,-0.004,0.948
09:06:25,0.5,0.04,-0.012,0.96
09:06:26,0.5,0.044,-0.004,0.96
09:06:27,0.5,0.028,-0.008,0.948
09:06:28,0.5,0.024,-0.004,0.96
09:06:29,0.5,0.036,-0.004,0.944
09:06:30,0.5,0.032,-0.008,0.932
09:06:31,0.5,0.036,-0.008,0.944
09:06:32,0.5,0.028,-0.012,0.956
09:06:33,0.5,0.032,-0.004,0.952
09:06:34,0.5,0.032,-0.012,0.932
09:06:35,0.53,0.032,-0.012,0.948
09:06:36,0.5,0.024,-0.008,0.96
09:06:37,0.5,0.028,-0.004,0.968
09:06:38,0.5,0.044,0.004,0.956
09:06:39,0.5,0.032,-0.004,0.94
09:06:40,0.5,0.028,0,0.94
09:06:41,0.5,0.028,-0.008,0.956
09:06:42,0.5,0.044,0,0.956
09:06:43,0.5,0.028,-0.012,0.924
09:06:44,0.5,0.024,0.004,0.94
09:06:45,0.5,0.036,0.004,0.976
09:06:46,0.5,0.028,0,0.948
09:06:47,0.5,0.032,-0.004,0.936
09:06:48,0.5,0.032,-0.004,0.94
09:06:49,0.5,0.028,-0.008,0.944
09:06:50,0.5,0.044,0,0.944
09:06:51,0.5,0.04,-0.004,0.948
09:06:52,0.5,0.032,0,0.944
09:06:53,0.5,0.028,-0.008,0.96
09:06:54,0.5,0.024,-0.004,0.952
09:06:55,0.5,0.016,0,0.932
09:06:56,0.5,0.032,-0.004,0.948
09:06:57,0.5,0.028,0,0.928
09:06:58,0.5,0.028,-0.008,0.944
09:06:59,0.5,0.04,-0.008,0.952
09:07:00,0.5,0.036,-0.008,0.968
09:07:01,0.5,0.02,-0.012,0.94
09:07:02,0.53,0.032,-0.008,0.976
09:07:03,0.5,0.028,-0.008,0.952
09:07:04,0.5,0.02,0,0.924
09:07:05,0.5,0.04,0.004,0.96
09:07:06,0.5,0.032,-0.004,0.956
09:07:07,0.5,0.04,-0.004,0.948
09:07:08,0.5,0.04,-0.004,0.952
09:07:09,0.5,0.036,0,0.952
09:07:10,0.5,0.056,-0.008,0.968
09:07:11,0.5,0.028,0,0.932
09:07:12,0.5,0.04,-0.008,0.96
09:07:13,0.5,0.02,-0.008,0.972
09:07:14,0.5,0.032,-0.004,0.952
09:07:15,0.5,0.02,-0.012,0.96
09:07:16,0.5,0.024,-0.012,0.952
09:07:17,0.5,0.028,-0.008,0.928
09:07:18,0.5,0.032,-0.004,0.924
09:07:19,0.5,0.028,-0.008,0.944
09:07:20,0.53,0.032,-0.008,0.984
09:07:21,0.5,0.036,0.004,0.956
09:07:22,0.5,0.032,0,0.968
09:07:23,0.5,0.032,0,0.94
09:07:24,0.5,0.04,-0.008,0.936
09:07:25,0.5,0.032,-0.012,0.956
09:07:26,0.53,0.024,-0.004,0.936
09:07:27,0.5,0.032,-0.004,0.952
09:07:28,0.5,0.028,0,0.94
09:07:29,0.53,0.036,-0.008,0.956
09:07:30,0.5,0.044,0.004,0.952
09:07:31,0.53,0.028,-0.008,0.936
09:07:32,0.5,0.036,-0.004,0.952
09:07:33,0.5,0.04,-0.012,0.932
09:07:34,0.5,0.032,0,0.952
09:07:35,0.53,0.032,0,0.968
09:07:36,0.53,0.036,-0.008,0.936
09:07:37,0.5,0.032,-0.008,0.948
09:07:38,0.53,0.036,-0.008,0.952
09:07:39,0.53,0.028,0,0.94
09:07:40,0.5,0.04,-0.004,0.976
09:07:41,0.53,0.036,0,0.944
09:07:42,0.5,0.032,-0.004,0.904
09:07:43,0.5,0.052,0.004,0.956
09:07:44,0.53,0.028,0,0.94
09:07:45,0.5,0.036,0,0.94
09:07:46,0.5,0.024,-0.008,0.948
09:07:47,0.53,0.032,0,0.952
09:07:48,0.53,0.028,-0.004,0.944
09:07:49,0.53,-0.14,0.204,1.096
09:07:50,0.5,-0.06,0.452,1.364
09:07:51,0.53,-1.048,0.9,-0.1
09:07:52,1.21,0.048,-0.956,0.244
09:07:53,3.81,-0.996,-0.304,0.488
09:07:54,0.5,-0.98,-0.104,0.076
09:07:55,0.5,-1.252,0.596,-0.056
09:07:56,0.5,0.052,0,0.948
09:07:57,0.5,0.056,-0.004,0.952
09:07:58,0.5,0.052,-0.008,0.944
09:07:59,0.5,0.044,-0.008,0.964
09:08:00,0.5,0.056,0,0.936
09:08:01,0.5,0.056,-0.004,0.948
09:08:02,0.5,0.052,-0.004,0.952
09:08:03,0.5,0.048,-0.008,0.952
09:08:04,0.5,0.048,-0.008,0.94
09:08:05,0.5,0.056,-0.004,0.952
09:08:06,0.5,0.056,-0.008,0.948
09:08:07,0.5,0.684,0.42,0.296
09:08:08,0.5,0.984,0.088,1.008
09:08:09,0.5,0.196,-0.432,1.028
09:08:10,0.5,0.256,-0.344,0.42
09:08:11,0.5,0.272,-0.692,0.112
09:08:12,0.5,-0.152,-0.148,-0.488
09:08:13,0.68,0.224,0.028,-0.648
09:08:14,0.68,0.328,-0.852,-0.472
09:08:15,0.68,0.052,-0.764,-1.14
09:08:16,0.62,0.78,-0.94,0.188
09:08:17,0.53,0.324,-0.428,0.788
09:08:18,0.53,0.016,-0.028,0.936
09:08:19,0.62,0.06,-0.06,0.972
09:08:20,0.62,0.024,-0.028,0.96
09:08:21,0.62,0.044,-0.024,0.948
09:08:22,0.62,0.052,-0.032,0.94
09:08:23,0.62,0.056,-0.028,0.952
09:08:24,0.62,0.052,-0.032,0.956
09:08:25,0.59,-0.04,-0.164,0.82
09:08:26,0.62,0.024,-0.036,0.94
09:08:27,0.62,0.02,-0.028,0.948
09:08:28,0.62,0.036,-0.036,0.944
09:08:29,0.62,-0.104,-0.692,0.648
09:08:30,0.62,0.112,-0.004,0.56
09:08:31,0.62,0.016,-0.024,0.94
09:08:32,0.62,0.016,-0.028,0.952
09:08:33,0.62,0.012,-0.032,0.948
09:08:34,0.62,0.024,-0.028,0.956
09:08:35,0.62,0.008,-0.024,0.948
09:08:36,0.62,0.016,-0.028,0.964
09:08:37,0.62,0.016,-0.036,0.948
09:08:38,0.62,0.024,-0.032,0.952
09:08:39,0.59,0.308,0.264,0.816
09:08:40,0.62,0.04,-0.02,0.972
09:08:41,0.62,0.052,-0.024,0.956
09:08:42,0.62,0.04,-0.032,0.944
09:08:43,0.59,0.044,-0.032,0.948
09:08:44,0.59,0.036,-0.028,0.936
09:08:45,0.59,0.044,-0.04,0.944
09:08:46,0.59,0.044,-0.028,0.94
09:08:47,0.59,0.04,-0.044,0.936
09:08:48,0.59,0.036,-0.032,0.94
09:08:49,0.59,0.044,-0.036,0.948
09:08:50,0.59,0.044,-0.052,0.94
09:08:51,0.59,0.052,-0.036,0.94
09:08:52,0.59,0.036,-0.04,0.948
09:08:53,0.59,0.044,-0.032,0.948
09:08:54,0.59,0.036,-0.028,0.956
09:08:55,0.59,0.032,-0.024,0.944
09:08:56,0.59,0.044,-0.044,0.956
09:08:57,0.59,0.032,-0.024,0.944
09:08:58,0.59,0.036,-0.024,0.944
09:08:59,0.62,0.044,-0.032,0.94
09:09:00,0.59,0.048,-0.032,0.944
09:09:01,0.59,0.04,-0.044,0.948
09:09:02,0.59,0.04,-0.044,0.936
09:09:03,0.59,0.028,-0.028,0.956
09:09:04,0.59,0.024,-0.028,0.936
09:09:05,0.62,0.036,-0.036,0.952
09:09:06,0.59,0.032,-0.068,0.948
09:09:07,0.59,0.04,-0.036,0.94
09:09:08,0.59,0.036,-0.024,0.936
09:09:09,0.59,0.04,-0.02,0.932
09:09:10,0.59,0.032,-0.036,0.948
09:09:11,0.59,0.076,0.02,0.996
09:09:12,0.59,0.04,-0.044,0.94
09:09:13,0.59,0.04,-0.024,0.944
09:09:14,0.59,-0.14,-0.04,1.104
09:09:15,0.62,0.036,-0.052,0.936
09:09:16,0.62,0.036,-0.048,0.944
09:09:17,0.59,0.036,-0.044,0.944
09:09:18,0.59,0.036,-0.052,0.936
09:09:19,0.59,0.024,-0.068,0.932
09:09:20,0.59,0.052,-0.048,0.94
09:09:21,0.59,0.032,-0.052,0.944
09:09:22,0.59,0.036,-0.056,0.948
09:09:23,0.59,0.04,-0.056,0.94
09:09:24,0.59,0.036,-0.048,0.936
09:09:25,0.59,0.032,-0.044,0.944
09:09:26,0.59,0.04,-0.056,0.94
09:09:27,0.59,0.036,-0.052,0.936
09:09:28,0.59,0.04,-0.036,0.944
09:09:29,0.59,0.032,-0.044,0.956
09:09:30,0.59,0.044,-0.052,0.932
09:09:31,0.59,0.04,-0.068,0.948
09:09:32,0.59,0.04,-0.044,0.948
09:09:33,0.59,0.048,-0.06,0.948
09:09:34,0.59,0.044,-0.052,0.952
09:09:35,0.59,0.044,-0.052,0.94
09:09:36,0.59,0.04,-0.056,0.94
09:09:37,0.59,0.04,-0.052,0.936
09:09:38,0.59,0.032,-0.06,0.948
09:09:39,0.59,0.036,-0.052,0.944
09:09:40,0.59,0.044,-0.056,0.952
09:09:41,0.59,0.04,-0.052,0.952
09:09:42,0.59,0.04,-0.052,0.944
09:09:43,0.59,0.036,-0.052,0.936
09:09:44,0.59,0.032,-0.064,0.944
09:09:45,0.59,0.048,-0.052,0.944
09:09:46,0.59,0.036,-0.056,0.948
09:09:47,0.59,0.04,-0.044,0.944
09:09:48,0.59,0.032,-0.052,0.94
09:09:49,0.59,0.04,-0.052,0.94
09:09:50,0.59,0.04,-0.044,0.948
09:09:51,0.59,0.032,-0.048,0.94
09:09:52,0.59,0.036,-0.056,0.944
09:09:53,0.59,0.032,-0.056,0.932
09:09:54,0.59,0.028,-0.048,0.94
09:09:55,0.59,0.036,-0.056,0.948
09:09:56,0.59,0.032,-0.056,0.944
09:09:57,0.59,0.044,-0.056,0.948
09:09:58,0.59,0.036,-0.048,0.94
09:09:59,0.59,0.044,-0.052,0.952
09:10:00,0.59,0.044,-0.052,0.944
09:10:01,0.59,0.048,-0.052,0.932
09:10:02,0.59,0.048,-0.056,0.94
09:10:03,0.59,0.04,-0.052,0.952
09:10:04,0.59,0.036,-0.044,0.94
09:10:05,0.59,0.032,-0.052,0.944
09:10:06,0.59,0.028,-0.048,0.94
09:10:07,0.59,0.044,-0.056,0.944
09:10:08,0.62,-0.236,-0.656,0.372
09:10:09,0.62,0.296,0.124,0.748
09:10:10,0.65,-0.104,0.044,0.928
09:10:11,0.68,-0.052,-0.032,0.948
09:10:12,0.65,-0.08,-0.108,0.904
09:10:13,0.65,-0.132,-0.032,0.972
09:10:14,0.65,-0.104,0.024,0.94
09:10:15,0.65,-0.108,0.016,0.936
09:10:16,0.68,-0.128,-0.04,1.284
09:10:17,0.62,-0.036,0.084,0.948
09:10:18,0.65,-0.096,0.008,0.964
09:10:19,0.65,-0.116,-0.168,0.944
09:10:20,0.68,-0.192,-0.34,0.812
09:10:21,0.68,-0.132,-0.204,0.88
09:10:22,0.68,-0.144,-0.036,0.924
09:10:23,0.68,-0.172,0,0.924
09:10:24,0.68,-0.16,0.168,0.9
09:10:25,0.68,-0.144,0.088,0.928
09:10:26,0.68,-0.172,0.048,0.944
09:10:27,0.68,0.016,-0.008,0.956
09:10:28,0.68,-0.156,0,0.896
09:10:29,0.68,-0.124,-0.028,0.968
09:10:30,0.68,-0.144,-0.068,0.908
09:10:31,0.68,-0.136,-0.124,1.032
09:10:32,0.68,-0.156,0.008,0.936
09:10:33,0.68,-0.14,0.02,0.92
09:10:34,0.68,-0.12,0.036,0.944
09:10:35,0.68,-0.112,0.14,0.968
09:10:36,0.68,-0.18,0.136,0.92
09:10:37,0.68,-0.192,0.168,0.896
09:10:38,0.71,-0.272,-0.356,0.348
09:10:39,0.68,-0.184,0.168,0.868
09:10:40,0.68,-0.344,0.148,0.824
09:10:41,0.68,-0.18,0.024,0.936
09:10:42,0.68,0.52,-0.048,0.872
09:10:43,0.68,0.284,0.204,0.884
09:10:44,0.68,0.552,0.504,0.92
09:10:45,0.68,0.752,0.292,0.56
09:10:46,0.68,0.56,0.52,0.576
09:10:47,0.68,0.568,0.388,0.632
09:10:48,0.68,0.648,0.528,0.604
09:10:49,0.68,0.652,0.48,0.584
09:10:50,0.68,0.2,0.1,0.952
09:10:51,0.68,0.02,0.144,1.076
09:10:52,0.68,0.572,1.74,0.356
09:10:53,0.68,0.148,0.42,1.132
09:10:54,0.68,0.048,-0.044,0.9
09:10:55,0.68,0.52,-0.524,0.936
09:10:56,0.68,0.68,-0.12,0.588
09:10:57,0.68,0.336,0.376,0.812
09:10:58,0.68,0.516,0.332,0.752
09:10:59,0.68,0.496,0.452,0.732
09:11:00,0.68,0.432,0.432,0.652
09:11:01,0.68,0.436,0.296,0.84
09:11:02,0.68,0.576,0.188,0.712
09:11:03,0.68,0.676,-0.004,0.704
09:11:04,0.68,0.584,0.192,0.748
09:11:05,0.68,0.556,0.2,0.76
09:11:06,0.68,0.536,0.208,0.796
09:11:07,0.68,0.348,0.304,0.848
09:11:08,0.68,0.356,0.324,0.844
09:11:09,0.68,0.448,0.18,0.82
09:11:10,0.68,0.488,0.204,0.84
09:11:11,0.68,0.472,0.176,0.82
09:11:12,0.68,0.464,0.2,0.82
09:11:13,0.68,0.484,0.184,0.828
09:11:14,0.68,0.78,0.068,0.648
09:11:15,0.65,0.656,0.028,0.716
09:11:16,0.65,0.58,0.236,0.748
09:11:17,0.68,0.616,0.3,0.712
09:11:18,0.65,0.556,0.336,0.708
09:11:19,0.65,0.616,0.268,0.7
09:11:20,0.65,0.64,0.288,0.68
09:11:21,0.65,0.696,0.396,0.572
09:11:22,0.65,0.636,0.5,0.568
09:11:23,0.65,0.628,0.532,0.548
09:11:24,0.65,0.416,0.856,0.656
09:11:25,0.65,0.488,-0.832,1.216
09:11:26,0.68,0.72,0.68,0.312
09:11:27,0.65,0.204,-0.132,0.036
09:11:28,0.65,0.912,0.868,0.828
09:11:29,0.65,0.556,0.348,0.716
09:11:30,0.65,1,-0.12,0.516
09:11:31,0.65,0.664,0.404,0.52
09:11:32,0.65,0.08,-0.008,1.16
09:11:33,0.65,0.264,1.368,0.46
09:11:34,0.65,0.668,0.484,0.536
09:11:35,0.65,0.224,0.976,0.424
09:11:36,0.65,0.208,-0.136,0.876
09:11:37,0.65,0.524,-0.376,0.38
09:11:38,0.65,0.556,1.412,0.884
09:11:39,0.65,0.748,0.356,0.612
09:11:40,0.65,0.636,0.572,0.616
09:11:41,0.65,0.632,0.408,0.624
09:11:42,0.65,0.176,-0.472,0.748
09:11:43,0.65,0.408,-0.2,0.848
09:11:44,0.65,0.364,0.316,0.816
09:11:45,0.65,0.42,0.224,0.824
09:11:46,0.65,0.232,-0.24,1.26
09:11:47,0.65,-0.236,-0.176,0.816
09:11:48,1.09,-0.836,-0.292,0.704
09:11:49,1.53,-0.052,0.096,0.988
09:11:50,1.4,0.128,0.604,0.74
09:11:51,1,0.724,-0.012,0.644
09:11:52,0.68,0.232,0.26,0.804
09:11:53,0.68,0.152,0.264,0.836
09:11:54,1.15,-0.544,-0.528,0.88
09:11:55,1.5,-0.3,0.104,0.844
09:11:56,1.68,-0.26,0.496,0.852
09:11:57,1.78,-0.276,0.348,0.824
09:11:58,1.9,-0.264,0.692,0.612
09:11:59,1.59,-0.044,0.492,0.868
09:12:00,1.4,0.512,-0.636,0.512
09:12:01,1.4,-0.1,-0.264,0.888
09:12:02,1.43,-0.08,-0.044,0.932
09:12:03,1.53,-0.06,-0.012,0.984
09:12:04,1.4,0.44,-0.396,0.808
09:12:05,1.15,0.324,-0.104,0.748
09:12:06,1.18,-0.084,-0.268,0.916
09:12:07,1.56,0.168,-0.804,0.64
09:12:08,1.68,0.336,-0.652,0.74
09:12:09,1.62,-0.276,0.044,0.8
09:12:10,1.62,-0.096,-0.024,0.94
09:12:11,1.75,-0.028,0.18,0.944
09:12:12,1.5,0.624,0.104,0.808
09:12:13,0.9,0.304,0.424,0.744
09:12:14,0.84,-0.268,-0.016,0.72
09:12:15,1.31,-0.288,-0.328,0.836
09:12:16,1.56,-0.388,0.612,0.648
09:12:17,1.56,-0.1,0.452,0.804
09:12:18,1.78,0.392,-0.76,0.588
09:12:19,1.78,0.156,-0.568,0.704
09:12:20,1.9,0.236,-0.448,0.888
09:12:21,1.56,0.164,0.464,1
09:12:22,0.81,0.868,0.332,0.096
09:12:23,0.81,-0.32,0.272,0.936
09:12:24,0.78,0.392,0.448,0.748
09:12:25,0.62,0.56,0.328,0.728
09:12:26,0.62,0.692,0.412,0.592
09:12:27,0.65,0.772,0.376,0.5
09:12:28,0.65,0.712,0.392,0.576
09:12:29,0.65,0.708,0.368,0.564
09:12:30,0.65,0.736,0.332,0.576
09:12:31,0.65,0.76,0.352,0.54
09:12:32,0.65,0.736,0.408,0.54
09:12:33,0.62,0.78,0.388,0.5
09:12:34,0.65,0.76,0.428,0.492
09:12:35,0.65,0.736,0.336,0.552
09:12:36,0.62,0.76,0.364,0.54
09:12:37,0.65,0.744,0.4,0.536
09:12:38,0.65,0.68,0.552,0.468
09:12:39,0.65,0.684,0.58,0.456
09:12:40,0.62,0.684,0.552,0.464
09:12:41,0.65,0.708,0.54,0.468
09:12:42,0.65,0.676,0.528,0.5
09:12:43,0.65,0.664,0.784,0.288
09:12:44,0.65,0.292,0.696,0.74
09:12:45,0.65,0.24,-0.116,0.856
09:12:46,0.65,0.228,0.088,0.904
09:12:47,0.65,0.592,0.088,0.804
09:12:48,0.65,0.528,0.172,0.808
09:12:49,0.65,0.532,0.22,0.788
09:12:50,0.62,0.516,0.244,0.8
09:12:51,0.65,0.544,0.156,0.784
09:12:52,0.81,0.42,0.128,0.84
09:12:53,0.81,0.528,0.064,0.78
09:12:54,0.81,0.596,0.268,0.712
09:12:55,0.78,0.636,0.28,0.716
09:12:56,0.81,0.384,0.264,0.676
09:12:57,0.65,-0.348,-0.12,0.868
09:12:58,0.65,-0.48,-0.056,0.828
09:12:59,0.62,-0.352,-0.052,0.892
09:13:00,0.65,-0.372,-0.048,0.864
09:13:01,0.81,-0.468,-0.1,0.828
09:13:02,0.78,-0.496,-0.096,0.796
09:13:03,0.81,-0.46,-0.1,0.832
09:13:04,0.81,-0.22,-0.284,0.88
09:13:05,0.81,-0.28,-0.168,0.896
09:13:06,0.81,-0.252,-0.18,0.88
09:13:07,0.65,-0.3,-0.192,0.876
09:13:08,0.65,-0.328,-0.16,0.864
09:13:09,0.62,-0.456,-0.16,0.824
09:13:10,0.62,-0.456,-0.188,0.8
09:13:11,0.62,-0.44,-0.164,0.82
09:13:12,0.62,-0.328,-0.2,0.868
09:13:13,0.65,-0.364,-0.192,0.824
09:13:14,0.62,-0.448,-0.272,0.816
09:13:15,0.62,-0.668,-0.096,0.508
09:13:16,1.37,-0.608,-0.216,0.74
09:13:17,1.75,-0.144,-0.472,0.868
09:13:18,2.18,-0.64,0.396,0.74
09:13:19,2.12,0.06,0.252,0.948
09:13:20,1.59,0.632,0.044,0.776
09:13:21,1.03,0.78,0.12,0.548
09:13:22,0.65,0.256,0.268,0.696
09:13:23,1.12,-0.904,0,0.476
09:13:24,1.84,-0.724,0.416,0.656
09:13:25,2.28,-0.408,-0.012,0.836
09:13:26,2.37,0.544,-0.064,1.052
09:13:27,1.37,1.032,0.388,0.972
09:13:28,0.62,0.052,0.484,1.136
09:13:29,0.62,0.216,-0.02,0.916
09:13:30,0.62,0.264,0.452,0.772
09:13:31,0.62,0.484,0.024,0.816
09:13:32,0.62,0.524,0.164,0.796
09:13:33,0.62,0.52,0.232,0.788
09:13:34,0.62,0.424,0.236,0.844
09:13:35,0.62,0.452,0.236,0.828
09:13:36,0.62,0.46,0.228,0.816
09:13:37,0.62,0.368,0.268,0.848
09:13:38,0.62,0.488,0.312,0.784
09:13:39,0.62,0.548,0.328,0.74
09:13:40,0.62,0.52,0.272,0.78
09:13:41,0.62,0.512,0.272,0.792
09:13:42,0.62,0.524,0.276,0.772
09:13:43,0.62,0.56,0.248,0.776
09:13:44,0.62,0.54,0.248,0.76
09:13:45,0.62,0.572,0.272,0.772
09:13:46,0.62,0.608,0.296,0.712
09:13:47,0.62,0.58,0.292,0.732
09:13:48,0.62,0.464,0.056,0.828
09:13:49,0.62,0.648,-0.012,0.74
09:13:50,0.62,0.84,-0.056,0.608
09:13:51,0.62,0.644,-0.304,0.832
09:13:52,0.62,0.252,0.616,0.804
09:13:53,0.62,0.448,0.084,0.804
09:13:54,0.62,-0.104,0.28,0.924
09:13:55,0.62,-0.436,-0.012,0.844
09:13:56,0.62,0.384,0.336,0.816
09:13:57,0.62,0.46,0.276,0.808
09:13:58,0.62,0.504,0.236,0.796
09:13:59,0.62,0.536,0.248,0.768
09:14:00,0.62,-0.152,0.288,0.692
09:14:01,0.62,-0.524,0.136,0.792
09:14:02,0.62,-0.512,0.06,0.796
09:14:03,0.62,0.088,0.46,0.836
09:14:04,0.62,-0.424,0.168,0.652
09:14:05,0.62,-0.46,0.364,0.848
09:14:06,0.62,0.46,0.448,0.768
09:14:07,0.62,0.468,0.244,0.788
09:14:08,0.62,0.532,0.312,0.712
09:14:09,0.62,-0.392,0.188,0.852
09:14:10,0.62,-0.46,0.048,0.824
09:14:11,0.62,-0.46,-0.024,0.844
09:14:12,0.62,-0.608,-0.016,0.396
09:14:13,1.62,-0.608,-0.184,0.76
09:14:14,2.31,0.012,-0.408,1.1
09:14:15,2.12,0.416,0.924,0.108
09:14:16,1.62,0.356,1.072,-0.068
09:14:17,1.18,0.296,0.152,0.892
09:14:18,1.03,0.184,0.328,0.896
09:14:19,0.78,0.476,0.332,0.812
09:14:20,0.65,0.28,0.152,0.956
09:14:21,0.78,-0.716,-0.02,0.616
09:14:22,1.37,-0.184,-0.776,0.648
09:14:23,1.81,-0.092,-1.028,0.408
09:14:24,1.9,0.084,-0.284,0.936
09:14:25,1.9,0.46,-0.856,0.12
09:14:26,1.71,0.288,-0.304,0.78
09:14:27,1.06,0.24,-0.024,0.864
09:14:28,0.62,-0.432,-0.508,0.168
09:14:29,0.62,0.488,0.52,0.676
09:14:30,0.62,0.16,-0.472,0.132
09:14:31,0.62,-0.764,-0.36,0.62
09:14:32,0.62,0.472,0.492,0.664
09:14:33,0.65,0.664,0.492,1.18
09:14:34,0.62,0.332,0.352,0.832
09:14:35,0.62,0.308,0.884,0.596
09:14:36,0.65,0.428,0.948,0.588
09:14:37,0.65,-0.24,0.04,0.92
09:14:38,0.65,-0.152,0.484,0.752
09:14:39,0.65,0.052,0.592,0.708
09:14:40,0.65,0.02,0.648,0.736
09:14:41,0.65,0.66,-0.096,1.164
09:14:42,0.65,-0.252,0.312,0.892
09:14:43,0.65,0.248,-0.596,0.908
09:14:44,0.65,0.116,0.844,0.512
09:14:45,0.65,0.74,0.228,0.58
09:14:46,0.68,0.252,1.148,0.456
09:14:47,0.68,0.408,0.084,0.928
09:14:48,0.68,0.944,-0.276,1.132
09:14:49,0.68,1.668,-0.14,1.744
09:14:50,0.68,0.7,0.012,-0.16
09:14:51,0.68,0.604,0,0.824
09:14:52,0.68,0.252,-0.112,0.808
09:14:53,0.68,0.48,-0.148,0.032
09:14:54,0.68,0.368,0.2,0.896
09:14:55,0.68,0.476,0.388,0.776
09:14:56,0.68,0.396,0.292,0.816
09:14:57,0.68,0.452,0.344,0.808
09:14:58,0.68,-0.072,0.32,0.856
09:14:59,0.68,0.184,0.108,0.872
09:15:00,0.68,0.576,0.344,0.84
09:15:01,0.68,0.62,-0.068,0.816
09:15:02,0.68,0.532,0.384,0.652
09:15:03,0.68,0.332,0.396,0.78
09:15:04,0.68,0.656,0.172,0.764
09:15:05,0.68,0.392,0.712,0.94
09:15:06,0.68,0.784,1.732,1.384
09:15:07,0.68,0.42,0.308,0.8
09:15:08,0.68,0.356,0.344,0.888
09:15:09,0.68,0.208,-0.06,0.808
09:15:10,0.68,0.384,0.084,0.884
09:15:11,0.68,0.348,0.132,0.86
09:15:12,0.68,0.048,0.1,0.94
09:15:13,0.68,-0.192,0.06,0.956
09:15:14,0.68,0.44,0.208,0.832
09:15:15,0.68,0.532,0.148,0.82
09:15:16,0.68,0.436,0.336,0.724
09:15:17,0.68,0.444,0.34,0.804
09:15:18,0.68,0.564,0.256,0.792
09:15:19,0.68,0.128,0.084,0.948
09:15:20,0.68,0.192,0.268,0.864
09:15:21,0.68,0.416,0.256,0.724
09:15:22,0.68,0.588,0.268,0.624
09:15:23,0.68,0.26,0.692,0.852
09:15:24,0.68,0.452,0.384,0.84
09:15:25,0.68,0.552,-0.5,0.876
09:15:26,0.68,0.052,-0.036,0.744
09:15:27,0.68,0.336,0.104,0.324
09:15:28,0.68,0.12,0.464,0.912
09:15:29,0.68,0.44,0.204,0.92
09:15:30,0.68,0.1,0.284,0.876
09:15:31,0.68,0.496,0.336,0.784
09:15:32,0.68,0.416,0.428,0.772
09:15:33,0.68,-0.152,0.348,0.888
09:15:34,0.68,-0.232,0.376,0.856
09:15:35,0.68,0.824,0.532,0.696
09:15:36,0.68,0.416,0.408,0.672
09:15:37,0.68,0.472,0.348,0.712
09:15:38,0.68,0.18,0.532,0.776
09:15:39,0.68,-0.124,0.46,0.824
09:15:40,0.68,-0.348,0.412,0.8
09:15:41,0.68,0.468,0.316,0.78
09:15:42,0.68,0.52,0.284,0.732
09:15:43,0.68,0.744,0.232,0.892
09:15:44,0.68,0.076,-0.164,0.8
09:15:45,0.68,0.224,0.156,0.892
09:15:46,0.68,-0.172,0.244,0.936
09:15:47,0.68,1.46,0.524,0.728
09:15:48,0.68,0.94,0.168,0.344
09:15:49,0.68,0.284,0.636,0.696
09:15:50,0.68,0.432,0.4,0.748
09:15:51,0.68,1.104,0.904,0.58
09:15:52,0.68,0.228,0.492,0.812
09:15:53,0.68,0.244,0.228,0.86
09:15:54,0.68,0.392,0.064,0.944
09:15:55,0.68,0.22,0.604,0.768
09:15:56,0.68,0.636,1.6,0.412
09:15:57,0.68,0.424,0.372,0.108
09:15:58,0.68,-0.084,-0.472,0.944
09:15:59,0.68,-0.336,0.268,0.788
09:16:00,0.68,0.592,0.028,0.9
09:16:01,0.68,0.428,0.068,0.956
09:16:02,0.68,0.304,0.292,0.84
09:16:03,0.68,0.524,-0.108,0.776
09:16:04,0.68,0.2,0.636,0.836
09:16:05,0.68,0.264,0.088,0.876
09:16:06,0.68,0.516,0.28,0.672
09:16:07,0.68,0.36,0.26,0.836
09:16:08,0.68,0.372,0.352,0.8
09:16:09,0.68,0.38,0.372,0.824
09:16:10,0.68,0.348,0.38,0.816
09:16:11,0.68,0.396,0.384,0.8
09:16:12,0.68,0.508,0.396,0.728
09:16:13,0.68,0.368,0.42,0.82
09:16:14,0.68,0.324,0.4,0.82
09:16:15,0.68,0.336,0.44,0.82
09:16:16,0.68,0.388,0.476,0.756
09:16:17,0.68,0.392,0.56,0.712
09:16:18,0.68,0.324,0.14,0.852
09:16:19,0.68,-0.24,0.56,0.772
09:16:20,0.68,-0.048,0.624,0.736
09:16:21,0.68,0.328,0.676,0.648
09:16:22,0.68,0.388,0.628,0.648
09:16:23,0.68,0.772,0.548,0.692
09:16:24,0.68,0.576,0.432,0.648
09:16:25,0.68,0.54,0.336,0.736
09:16:26,0.68,0.324,0.26,1.14
09:16:27,0.68,0.744,0.104,0.812
09:16:28,0.68,0.416,0.06,0.8
09:16:29,0.68,0.404,0.236,0.832
09:16:30,0.68,0.376,0.272,0.86
09:16:31,0.68,0.416,0.272,0.82
09:16:32,0.68,0.392,0.288,0.836
09:16:33,0.68,0.408,0.428,0.78
09:16:34,0.68,0.484,0.392,0.744
09:16:35,0.68,0.508,0.516,0.712
09:16:36,0.68,-0.176,0.544,0.828
09:16:37,0.68,-0.3,0.52,0.748
09:16:38,0.68,0.884,0.312,0.644
09:16:39,0.68,0.192,0.564,0.668
09:16:40,0.68,0.436,-0.26,0.9
09:16:41,0.68,0.632,0.332,0.74
09:16:42,0.68,0.568,0.312,0.74
09:16:43,0.68,0.488,0.292,0.776
09:16:44,0.68,-0.044,0.62,0.748
09:16:45,0.68,-0.1,0.66,0.712
09:16:46,0.68,0.268,0.684,0.636
09:16:47,0.68,0.544,0.44,0.756
09:16:48,0.68,0.46,0.436,0.748
09:16:49,0.68,0.552,0.568,0.632
09:16:50,0.68,-0.128,0.656,0.728
09:16:51,0.68,-0.028,0.764,0.64
09:16:52,0.68,0.156,0.772,0.596
09:16:53,0.68,0.184,0.708,0.66
09:16:54,0.68,-0.172,0.696,0.716
09:16:55,0.68,0.476,0.704,0.488
09:16:56,0.68,0.404,0.276,0.82
09:16:57,0.68,0.408,0.336,0.888
09:16:58,0.68,0.104,0.596,1.052
09:16:59,0.68,0.376,-0.268,0.848
09:17:00,0.68,0.652,0.532,0.564
09:17:01,0.68,0.668,0.304,0.656
09:17:02,0.68,0.816,0.284,0.516
09:17:03,0.68,0.816,0.268,0.504
09:17:04,0.68,0.788,0.376,0.492
09:17:05,0.68,0.708,0.308,0.592
09:17:06,0.68,0.768,0.256,0.564
09:17:07,0.68,0.72,0.252,0.676
09:17:08,0.68,0.668,-0.232,0.732
09:17:09,0.68,0.836,-0.336,0.66
09:17:10,0.68,0.716,0.108,0.648
09:17:11,0.68,0.748,-0.104,0.552
09:17:12,0.68,0.656,0.104,0.696
09:17:13,0.68,0.692,0.22,0.676
09:17:14,0.68,0.708,0.2,0.64
09:17:15,0.71,0.812,0.112,0.528
09:17:16,0.68,0.844,0.18,0.52
09:17:17,0.68,0.652,-0.176,0.192
09:17:18,0.71,0.024,0.468,0.836
09:17:19,0.68,0.636,-0.024,0.668
09:17:20,0.68,-0.444,0.008,0.824
09:17:21,0.68,-0.48,-0.076,1.012
09:17:22,0.9,-0.72,-0.116,0.652
09:17:23,1.31,0.248,0.14,0.968
09:17:24,1.21,0.064,0.284,1.136
09:17:25,1.06,0.24,0.216,0.812
09:17:26,1.31,0.008,-0.312,0.884
09:17:27,1.34,0.36,-0.492,0.836
09:17:28,0.78,0.788,0.488,0.728
09:17:29,0.78,-0.672,-0.064,0.7
09:17:30,1.09,-0.088,0.016,1.048
09:17:31,0.68,0.396,0.792,1.3
09:17:32,0.68,-0.024,0.436,0.596
09:17:33,0.68,0.472,0.004,0.82
09:17:34,0.68,0.432,0.156,0.84
09:17:35,0.68,0.5,0.216,0.8
09:17:36,0.68,0.48,0.18,0.828
09:17:37,0.68,0.496,0.24,0.816
09:17:38,0.68,0.516,0.244,0.796
09:17:39,0.68,0.528,0.272,0.76
09:17:40,0.68,0.576,0.304,0.744
09:17:41,0.68,0.576,0.312,0.72
09:17:42,0.68,0.52,0.268,0.78
09:17:43,0.68,0.512,0.276,0.768
09:17:44,0.68,0.532,0.264,0.772
09:17:45,0.68,0.548,0.26,0.768
09:17:46,0.68,0.58,0.296,0.74
09:17:47,0.68,0.616,0.332,0.696
09:17:48,0.68,0.576,0.3,0.724
09:17:49,0.68,0.56,0.284,0.756
09:17:50,0.68,0.556,0.272,0.752
09:17:51,0.68,0.584,0.288,0.724
09:17:52,0.68,0.62,0.344,0.696
09:17:53,0.68,0.588,0.336,0.724
09:17:54,0.65,0.548,0.304,0.732
09:17:55,0.68,0.588,0.296,0.724
09:17:56,0.68,0.58,0.284,0.728
09:17:57,0.68,0.608,0.316,0.704
09:17:58,0.68,0.612,0.328,0.7
09:17:59,0.68,0.54,0.316,0.76
09:18:00,0.68,0.344,0.38,0.796
09:18:01,0.68,0.464,0.284,0.804
09:18:02,0.68,0.524,0.288,0.76
09:18:03,0.68,0.564,0.304,0.728
09:18:04,0.68,0.632,0.32,0.676
09:18:05,0.68,0.592,0.324,0.704
09:18:06,0.68,0.58,0.304,0.74
09:18:07,0.68,0.592,0.308,0.716
09:18:08,0.68,0.596,0.316,0.72
09:18:09,0.68,0.636,0.36,0.664
09:18:10,0.68,0.672,0.404,0.6
09:18:11,0.68,0.568,0.356,0.716
09:18:12,0.68,0.564,0.308,0.732
09:18:13,0.68,0.592,0.288,0.72
09:18:14,0.68,0.6,0.3,0.712
09:18:15,0.68,0.624,0.296,0.708
09:18:16,0.68,0.636,0.296,0.696
09:18:17,0.68,0.66,0.38,0.62
09:18:18,0.68,0.692,0.4,0.592
09:18:19,0.68,0.636,0.372,0.672
09:18:20,0.68,0.644,0.356,0.672
09:18:21,0.68,0.66,0.368,0.628
09:18:22,0.68,0.664,0.38,0.616
09:18:23,0.68,0.656,0.364,0.636
09:18:24,0.68,0.656,0.348,0.64
09:18:25,0.68,0.728,0.34,0.568
09:18:26,0.68,0.664,0.352,0.644
09:18:27,0.68,0.612,0.316,0.716
09:18:28,0.68,0.6,0.336,0.7
09:18:29,0.68,0.376,0.16,0.94
09:18:30,0.68,0.728,-0.12,0.648
09:18:31,0.68,0.44,-0.396,0.74
09:18:32,0.68,0.232,0.376,0.848
09:18:33,0.68,0.292,0.616,0.732
09:18:34,0.68,0.38,0.012,1.02
09:18:35,0.68,-0.524,0.056,0.832
09:18:36,0.68,-0.468,0.012,0.828
09:18:37,0.68,-0.44,-0.192,0.816
09:18:38,0.68,-0.4,-0.152,0.844
09:18:39,0.68,0.024,0.092,0.932
09:18:40,0.68,0.54,0.32,0.776
09:18:41,0.68,0.568,0.284,0.74
09:18:42,0.68,0.58,0.292,0.74
09:18:43,0.68,0.652,0.336,0.656
09:18:44,0.68,0.676,0.356,0.644
09:18:45,0.68,0.676,0.34,0.628
09:18:46,0.68,0.74,0.332,0.588
09:18:47,0.68,0.72,0.344,0.608
09:18:48,0.68,0.668,0.364,0.648
09:18:49,0.68,0.7,0.344,0.616
09:18:50,0.68,0.776,0.4,0.592
09:18:51,0.68,-0.252,-0.112,0.9
09:18:52,0.68,-0.308,-0.104,0.876
09:18:53,0.68,-0.324,-0.184,0.884
09:18:54,0.68,-0.252,-0.236,0.852
09:18:55,0.68,-0.288,-0.148,0.884
09:18:56,0.68,0.516,0.292,0.772
09:18:57,0.68,0.66,0.316,0.676
09:18:58,0.68,0.68,0.312,0.636
09:18:59,0.68,0.696,0.348,0.608
09:19:00,0.68,0.664,0.428,0.588
09:19:01,0.68,0.664,0.428,0.62
09:19:02,0.68,0.616,0.424,0.624
09:19:03,0.68,0.688,0.384,0.588
09:19:04,0.68,0.644,0.416,0.64
09:19:05,0.68,0.604,0.4,0.664
09:19:06,0.68,0.644,0.396,0.644
09:19:07,0.68,0.66,0.384,0.64
09:19:08,0.68,0.596,0.4,0.66
09:19:09,0.68,0.636,0.408,0.64
09:19:10,0.68,0.66,0.396,0.636
09:19:11,0.68,0.628,0.38,0.644
09:19:12,0.68,0.628,0.396,0.656
09:19:13,0.68,0.636,0.392,0.648
09:19:14,0.68,0.648,0.38,0.644
09:19:15,0.68,0.628,0.376,0.664
09:19:16,0.68,0.668,0.364,0.632
09:19:17,0.68,0.628,0.396,0.644
09:19:18,0.68,0.6,0.38,0.68
09:19:19,0.68,0.716,0.272,0.656
09:19:20,0.68,0.088,-0.232,0.888
09:19:21,0.68,-0.296,-0.172,0.896
09:19:22,0.68,-0.316,-0.24,0.856
09:19:23,0.68,-0.288,-0.244,0.86
09:19:24,0.65,-0.288,-0.22,0.864
09:19:25,0.65,-0.268,-0.188,0.896
09:19:26,0.68,0.192,0.072,0.92
09:19:27,0.68,0.48,0.392,0.756
09:19:28,0.65,0.592,0.416,0.688
09:19:29,0.68,0.564,0.404,0.712
09:19:30,0.68,0.576,0.388,0.68
09:19:31,0.68,0.62,0.404,0.652
09:19:32,0.68,0.676,0.416,0.6
09:19:33,0.65,0.704,0.408,0.584
09:19:34,0.68,0.708,0.392,0.564
09:19:35,0.68,0.7,0.408,0.584
09:19:36,0.68,0.736,0.408,0.544
09:19:37,0.68,0.748,0.4,0.532
09:19:38,0.65,0.732,0.392,0.56
09:19:39,0.65,0.732,0.408,0.548
09:19:40,0.68,0.74,0.424,0.548
09:19:41,0.68,0.736,0.412,0.528
09:19:42,0.68,0.752,0.416,0.496
09:19:43,0.68,0.788,0.396,0.488
09:19:44,0.68,0.736,0.404,0.536
09:19:45,0.68,0.752,0.308,0.572
09:19:46,0.68,-0.028,-0.012,0.928
09:19:47,0.68,-0.284,-0.116,0.928
09:19:48,0.9,-0.872,-0.296,0.332
09:19:49,1.81,-0.64,0.252,0.664
09:19:50,2.53,-0.664,0.688,0.292
09:19:51,3,-0.324,-0.296,0.856
09:19:52,3.43,-0.156,-0.48,0.792
09:19:53,3.75,-0.016,-0.868,0.636
09:19:54,3.81,0.264,-0.252,0.872
09:19:55,3.78,-0.112,-0.28,0.86
09:19:56,3.9,-0.4,-0.416,0.764
09:19:57,4,-0.176,-0.076,0.888
09:19:58,3.93,-0.128,0.2,0.94
09:19:59,3.93,0.076,0.036,0.948
09:20:00,4,0.284,-0.12,0.896
09:20:01,4,0.512,-0.036,0.808
09:20:02,3.9,0.524,0.068,0.796
09:20:03,3.81,0.692,-0.272,0.704
09:20:04,3.43,0.412,-0.444,0.724
09:20:05,3.25,0.2,-0.068,0.9
09:20:06,3.21,0.08,-0.092,0.944
09:20:07,3.21,0.004,0.036,0.952
09:20:08,3.25,0.216,0.26,0.92
09:20:09,3.21,0.104,0.392,0.856
09:20:10,3.12,-0.092,0.2,0.876
09:20:11,3.12,-0.1,-0.304,0.864
09:20:12,3.25,-0.4,-0.108,0.852
09:20:13,3.5,-0.472,-0.016,0.808
09:20:14,3.84,-0.552,-0.112,0.896
09:20:15,3.75,0.384,0.388,0.728
09:20:16,3.21,0.54,0.9,0.316
09:20:17,2.84,0.84,-0.76,-0.044
09:20:18,2.43,0.708,-0.704,0.492
09:20:19,1.9,0.704,-0.2,0.972
09:20:20,0.37,0.784,0.268,0.344
09:20:21,0.68,0.468,-0.568,0.976
09:20:22,0.68,0.484,1.3,0.368
09:20:23,0.68,-0.052,-0.364,0.82
09:20:24,0.68,0.16,2.1,0.66
09:20:25,0.68,0.3,-0.448,0.612
09:20:26,0.68,0.264,1.248,0.76
09:20:27,0.68,0.484,0.54,0.24
09:20:28,0.68,0.12,-0.168,1.248
09:20:29,0.68,0.628,0.124,0.76
09:20:30,0.68,0.752,0,0.632
09:20:31,0.68,0.292,0.788,0.652
09:20:32,0.68,0.588,-0.112,0.772
09:20:33,0.68,0.504,0.676,0.588
09:20:34,0.68,0.072,0.004,1.008
09:20:35,0.68,0.388,0.272,0.74
09:20:36,0.68,0.372,0.364,0.988
09:20:37,0.68,0.484,0.148,1.044
09:20:38,0.71,0.1,0.708,0.632
09:20:39,0.68,0.56,0.372,0.736
09:20:40,0.71,0.568,0.42,0.7
09:20:41,0.71,0.624,0.468,0.624
09:20:42,0.71,0.712,0.484,0.532
09:20:43,0.71,0.728,0.416,0.54
09:20:44,0.71,0.76,0.376,0.532
09:20:45,0.71,0.772,0.372,0.52
09:20:46,0.71,0.808,0.332,0.496
09:20:47,0.71,0.816,0.28,0.488
09:20:48,0.71,0.816,0.232,0.484
09:20:49,0.71,0.804,0.264,0.508
09:20:50,0.71,0.776,0.308,0.544
09:20:51,0.71,0.756,0.344,0.524
09:20:52,0.71,0.756,0.364,0.524
09:20:53,0.71,0.788,0.34,0.5
09:20:54,0.75,0.792,0.324,0.516
09:20:55,0.75,0.82,0.316,0.464
09:20:56,0.71,0.804,0.296,0.508
09:20:57,0.75,0.752,0.388,0.54
09:20:58,0.75,0.744,0.392,0.508
09:20:59,0.75,0.772,0.388,0.516
09:21:00,0.71,0.76,0.384,0.504
09:21:01,0.75,0.792,0.372,0.472
09:21:02,0.71,0.808,0.34,0.476
09:21:03,0.75,0.716,0.308,0.576
09:21:04,0.71,0.768,0.304,0.556
09:21:05,0.75,0.756,0.32,0.552
09:21:06,0.71,0.788,0.352,0.496
09:21:07,0.75,0.824,0.328,0.492
09:21:08,0.75,0.804,0.316,0.5
09:21:09,0.71,0.804,0.236,0.548
09:21:10,0.75,0.536,0.464,0.592
09:21:11,0.75,0.22,-0.368,0.928
09:21:12,0.75,0.612,0.648,0.608
09:21:13,0.75,0.612,0.44,0.476
09:21:14,0.75,0.264,0.104,0.82
09:21:15,0.75,0.452,0.664,0.576
09:21:16,0.75,0.888,0.08,0.564
09:21:17,0.75,0.568,0.3,0.732
09:21:18,0.75,0.536,0.348,0.724
09:21:19,0.75,0.524,0.396,0.732
09:21:20,0.75,0.524,0.396,0.74
09:21:21,0.75,0.548,0.416,0.7
09:21:22,0.75,0.576,0.456,0.652
09:21:23,0.75,0.552,0.448,0.672
09:21:24,0.75,0.596,0.436,0.676
09:21:25,0.75,0.616,0.42,0.652
09:21:26,0.75,0.64,0.38,0.644
09:21:27,0.75,0.548,0.492,0.66
09:21:28,0.75,0.612,0.404,0.66
09:21:29,0.75,0.684,0.316,0.636
09:21:30,0.75,0.728,0.328,0.576
09:21:31,0.75,0.896,0.04,0.464
09:21:32,0.75,0.424,-0.52,1.208
09:21:33,0.75,0.032,0.844,0.764
09:21:34,0.75,0.316,-0.62,0.944
09:21:35,0.75,0.28,1.736,0.632
09:21:36,0.75,0.6,1.132,0.56
09:21:37,0.78,0.772,1.312,0.676
09:21:38,0.78,0.252,0.024,-0.088
09:21:39,0.75,0.66,0.64,0.644
09:21:40,0.78,0.468,0.232,0.908
09:21:41,0.78,0.588,0.144,0.724
09:21:42,0.78,0.544,0.448,0.716
09:21:43,0.78,0.668,0.024,0.684
09:21:44,0.75,0.612,0.324,0.788
09:21:45,0.78,0.396,0.464,0.724
09:21:46,0.78,0.8,0.32,0.524
09:21:47,0.78,0.204,0.532,0.784
09:21:48,0.75,0.212,-0.444,1.032
09:21:49,0.78,0.24,1.772,0.864
09:21:50,0.78,0.292,-1.028,1.268
09:21:51,0.78,-0.672,-0.92,0.644
09:21:52,0.78,0.872,1.616,0.216
09:21:53,0.78,0.848,0.024,0.428
09:21:54,0.78,0.868,0.428,-0.04
09:21:55,0.78,0.544,0.404,0.692
09:21:56,0.78,0.596,0.516,0.58
09:21:57,0.81,0.668,0.128,0.636
09:21:58,0.78,0.7,0.416,0.592
09:21:59,0.78,0.816,0.216,0.576
09:22:00,0.78,0.732,0.128,0.676
09:22:01,0.78,-0.5,0.216,0.908
09:22:02,0.78,-0.252,0.344,0.824
09:22:03,0.78,-0.288,0.304,0.828
09:22:04,0.81,-0.168,0.14,0.92
09:22:05,0.81,0.348,0.276,0.908
09:22:06,0.78,-0.532,0.384,0.708
09:22:07,0.78,-0.4,0.184,0.84
09:22:08,0.78,-0.136,0.62,0.844
09:22:09,0.78,-0.252,-0.084,0.756
09:22:10,0.78,-0.028,-0.48,0.704
09:22:11,0.75,0.048,-0.12,0.936
09:22:12,8.21,-0.108,-0.36,0.872
09:22:13,0.81,-0.188,0.432,0.772
09:22:14,0.81,-0.232,0.168,1.216
09:22:15,0.71,0.144,-0.6,0.716
09:22:16,1,0.44,-0.5,-0.744
09:22:17,4.71,0.272,-0.692,0.356
09:22:18,0.96,0.668,-0.076,0.42
09:22:19,0.87,0.428,-0.552,0.784
09:22:20,0.87,-0.276,-0.7,0.852
09:22:21,0.87,0.456,-0.292,0.612
09:22:22,0.81,-0.492,0.056,0.96
09:22:23,0.81,-0.9,0.084,0.656
09:22:24,1.09,-0.568,0.088,0.732
09:22:25,1.06,-0.368,-0.552,0.652
09:22:26,1.03,-0.004,0.032,1.056
09:22:27,0.93,0.076,0.028,0.648
09:22:28,0.9,0.38,-0.132,0.784
09:22:29,0.9,0.572,0.296,0.892
09:22:30,0.96,0.516,-0.084,0.916
09:22:31,0.9,0.02,-0.008,0.936
09:22:32,0.87,0.016,-0.004,0.972
09:22:33,0.87,0.02,-0.004,0.952
09:22:34,0.87,0.016,-0.008,0.956
09:22:35,0.87,0.024,-0.008,0.964
09:22:36,0.71,0.02,-0.008,0.952
09:22:37,0.71,0.024,-0.004,0.952
09:22:38,0.75,0.016,-0.008,0.94
09:22:39,0.75,0.024,-0.008,0.936
09:22:40,0.78,0.02,-0.012,0.928
09:22:41,0.78,0.02,-0.012,0.944
09:22:42,0.78,0.028,-0.004,0.936
09:22:43,0.81,0.016,-0.004,0.948
09:22:44,0.81,0.02,-0.004,0.94
09:22:45,0.81,0.016,-0.004,0.944
09:22:46,0.81,0.02,-0.012,0.956
09:22:47,0.81,0.024,-0.004,0.912
09:22:48,0.81,0.02,-0.016,0.96
09:22:49,0.84,0.02,-0.008,0.94
09:22:50,0.84,0.016,-0.012,0.948
09:22:51,0.84,0.016,-0.004,0.952
09:22:52,0.84,0.024,-0.004,0.952
09:22:53,0.84,0.012,-0.004,0.952
09:22:54,0.84,0.032,-0.004,0.94
09:22:55,0.84,0.016,-0.004,0.98
09:22:56,0.84,0.028,-0.012,0.948
09:22:57,0.84,0.02,-0.008,0.944
09:22:58,0.81,0.016,-0.004,0.968
09:22:59,0.84,0.02,0,0.94
09:23:00,0.81,0.012,-0.004,0.948
09:23:01,0.81,0.02,-0.02,0.956
09:23:02,0.81,0.016,-0.012,0.952
09:23:03,0.81,0.012,-0.008,0.952
09:23:04,0.81,0.012,-0.004,0.952
09:23:05,0.81,0.02,-0.004,0.944
09:23:06,0.81,0.02,-0.012,0.936
09:23:07,0.81,0.024,-0.016,0.932
09:23:08,0.81,0.024,-0.004,0.936
09:23:09,0.81,0.024,-0.004,0.96
09:23:10,0.81,0.02,-0.004,0.948
09:23:11,0.81,0.016,0,0.944
09:23:12,0.78,0.012,-0.004,0.936
09:23:13,0.78,0.016,-0.008,0.948
09:23:14,0.78,0.016,-0.008,0.952
09:23:15,0.78,0.012,-0.004,0.936
09:23:16,0.78,0.016,-0.008,0.956
09:23:17,0.78,0.02,-0.008,0.948
09:23:18,0.78,0.02,-0.008,0.948
09:23:19,0.78,0.02,-0.012,0.936
09:23:20,0.78,0.036,-0.008,0.948
09:23:21,0.78,0.02,-0.004,0.948
09:23:22,0.78,0.012,-0.012,0.956
09:23:23,0.78,0.032,-0.004,0.948
09:23:24,0.78,0.02,-0.008,0.948
09:23:25,0.78,0.02,-0.004,0.964
09:23:26,0.78,0.02,-0.004,0.952
09:23:27,0.78,0.016,-0.02,0.944
09:23:28,0.78,0.02,-0.004,0.952
09:23:29,0.78,0.024,-0.004,0.948
09:23:30,0.93,0.012,-0.012,0.964
09:23:31,0.93,0.024,-0.02,0.956
09:23:32,0.93,0.032,-0.008,0.96
09:23:33,0.9,0.004,-0.012,0.94
09:23:34,0.93,0.024,-0.004,0.948
09:23:35,0.93,0.024,-0.008,0.94
09:23:36,0.9,0.02,-0.004,0.94
09:23:37,0.9,0.02,-0.016,0.956
09:23:38,0.9,0.032,-0.012,0.948
09:23:39,0.93,0.02,-0.004,0.944
09:23:40,0.9,0.012,0,0.956
09:23:41,0.9,0.02,-0.004,0.94
09:23:42,0.9,0.024,-0.012,0.96
09:23:43,0.9,0.016,-0.004,0.956
09:23:44,0.9,0.012,-0.016,0.956
09:23:45,0.9,0.024,-0.008,0.952
09:23:46,0.9,0.016,-0.008,0.948
09:23:47,0.9,0.024,-0.008,0.948
09:23:48,0.9,0.024,-0.012,0.952
09:23:49,0.9,0.024,-0.008,0.944
09:23:50,0.9,0.024,0,0.952
09:23:51,0.9,0.016,-0.008,0.948
09:23:52,0.9,0.02,-0.004,0.952
09:23:53,0.9,0.016,-0.008,0.96
09:23:54,0.9,0.02,-0.008,0.94
09:23:55,0.93,0.016,-0.008,0.952
09:23:56,0.9,0.02,-0.012,0.94
09:23:57,0.9,0.012,-0.004,0.944
09:23:58,0.9,0.016,-0.008,0.956
09:23:59,0.9,0.02,-0.008,0.94
09:24:00,0.9,0.012,-0.008,0.952
09:24:01,0.9,0.016,-0.004,0.94
09:24:02,0.9,0.02,-0.004,0.956
09:24:03,0.9,0.028,-0.012,0.936
09:24:04,0.9,0.016,-0.004,0.936
09:24:05,0.9,0.016,-0.008,0.948
09:24:06,0.9,0.012,-0.004,0.94
09:24:07,0.9,0.012,-0.008,0.94
09:24:08,0.9,0.02,-0.004,0.932
09:24:09,0.9,0.016,0,0.94
09:24:10,0.9,0.028,-0.004,0.964
09:24:11,0.9,0.02,-0.004,0.924
09:24:12,0.9,0.024,-0.008,0.952
09:24:13,0.9,0.016,-0.004,0.936
09:24:14,0.9,0.024,-0.008,0.96
09:24:15,0.9,0.02,-0.008,0.932
09:24:16,0.9,0.024,-0.004,0.928
09:24:17,0.9,0.016,-0.008,0.94
09:24:18,0.9,0.012,-0.008,0.948
09:24:19,0.9,0.02,-0.004,0.952
09:24:20,0.9,0.02,-0.004,0.944
09:24:21,0.9,0.012,-0.008,0.948
09:24:22,0.9,0.02,-0.008,0.972
09:24:23,0.9,0.02,-0.02,0.94
09:24:24,0.9,0.012,-0.008,0.948
09:24:25,0.9,0.02,-0.008,0.952
09:24:26,0.9,0.02,-0.004,0.952
09:24:27,0.87,0.024,-0.004,0.948
09:24:28,0.9,0.024,0,0.944
09:24:29,0.75,0.024,-0.004,0.932
09:24:30,0.75,0.024,-0.012,0.948
09:24:31,0.75,0.016,-0.004,0.956
09:24:32,0.75,0.02,-0.004,0.932
09:24:33,0.75,0.032,-0.012,0.94
09:24:34,0.75,0.016,-0.004,0.936
09:24:35,0.75,0.012,-0.004,0.936
09:24:36,0.75,0.016,-0.012,0.964
09:24:37,0.75,0.012,-0.012,0.964
09:24:38,0.9,0.024,0,0.948
09:24:39,0.75,0.016,-0.004,0.948
09:24:40,0.75,0.02,0,0.944
09:24:41,0.75,0.02,0,0.952
09:24:42,0.75,0.008,-0.004,0.94
09:24:43,0.71,0.008,0,0.952
09:24:44,0.71,0.024,-0.008,0.956
09:24:45,0.75,0.024,-0.008,0.932
09:24:46,0.71,0.028,-0.004,0.944
09:24:47,0.75,0.02,-0.008,0.972
09:24:48,0.75,0.02,-0.012,0.944
09:24:49,0.75,0.024,-0.016,0.948
09:24:50,0.75,0.02,-0.004,0.94
09:24:51,0.75,0.02,-0.02,0.94
09:24:52,0.75,0.02,-0.008,0.948
09:24:53,0.75,0.028,-0.004,0.968
09:24:54,0.75,0.02,-0.012,0.944
09:24:55,0.75,0.024,-0.016,0.948
09:24:56,0.75,0.016,-0.016,0.948
09:24:57,0.71,0.016,-0.004,0.94
09:24:58,0.75,0.008,-0.016,0.952
09:24:59,0.75,0.016,-0.004,0.912
09:25:00,0.75,0.02,-0.012,0.936
09:25:01,0.75,0.016,0,0.956
09:25:02,0.75,0.02,-0.012,0.96
09:25:03,0.75,0.02,-0.004,0.94
09:25:04,0.75,0.024,-0.008,0.932
09:25:05,0.75,0.028,-0.008,0.944
09:25:06,0.75,0.016,-0.012,0.956
09:25:07,0.75,0.02,-0.016,0.964
09:25:08,0.71,0.016,-0.008,0.964
09:25:09,0.75,0.02,-0.004,0.948
09:25:10,0.75,0.02,-0.004,0.932
09:25:11,0.75,0.028,-0.004,0.932
09:25:12,0.75,0.016,-0.008,0.948
09:25:13,0.75,0.016,-0.012,0.952
09:25:14,0.75,0.02,-0.004,0.952
09:25:15,0.75,0.016,-0.008,0.952
09:25:16,0.71,0.012,-0.008,0.936
09:25:17,0.75,0.02,-0.008,0.94
09:25:18,0.71,0.008,-0.008,0.94
09:25:19,0.75,0.016,-0.016,0.944
09:25:20,0.75,0.02,-0.012,0.944
09:25:21,0.75,0.024,-0.004,0.952
09:25:22,0.75,0.016,-0.008,0.948
09:25:23,0.75,0.028,-0.008,0.936
09:25:24,0.75,0.02,-0.02,0.96
09:25:25,0.75,0.016,-0.004,0.944
09:25:26,0.75,0.012,-0.004,0.944
09:25:27,0.71,0.012,-0.012,0.956
09:25:28,0.75,0.016,-0.004,0.932
09:25:29,0.75,0.028,-0.016,0.96
09:25:30,0.71,0.02,-0.008,0.972
09:25:31,0.71,0.02,-0.004,0.936
09:25:32,0.71,0.02,-0.004,0.952
09:25:33,0.71,0.02,0,0.956
09:25:34,0.75,0.028,-0.008,0.94
09:25:35,0.71,0.02,0.004,0.944
09:25:36,0.75,0.012,-0.004,0.952
09:25:37,0.71,0.02,-0.004,0.952
09:25:38,0.71,0.016,0,0.948
09:25:39,0.71,0.024,-0.008,0.956
09:25:40,0.71,0.02,-0.004,0.94
09:25:41,0.71,0.008,-0.008,0.952
09:25:42,0.71,0.024,-0.012,0.968
09:25:43,0.75,0.016,-0.008,0.952
09:25:44,0.71,0.02,-0.004,0.948
09:25:45,0.71,0.02,-0.004,0.936
09:25:46,0.71,0.012,-0.012,0.944
09:25:47,0.71,0.024,-0.016,0.952
09:25:48,0.71,0.024,-0.004,0.952
09:25:49,0.71,0.028,-0.012,0.948
09:25:50,0.71,0.016,-0.016,0.948
09:25:51,0.71,0.02,-0.008,0.96
09:25:52,0.71,0.02,-0.004,0.912
09:25:53,0.71,0.012,-0.012,0.96
09:25:54,0.71,0.02,-0.004,0.972
09:25:55,0.71,0.012,-0.008,0.948
09:25:56,0.71,0.016,-0.004,0.952
09:25:57,0.71,0.016,-0.008,0.924
09:25:58,0.71,0.024,-0.016,0.94
09:25:59,0.71,0.024,-0.004,0.94
09:26:00,0.71,0.016,-0.012,0.932
09:26:01,0.71,0.016,-0.008,0.948
09:26:02,0.71,0.016,0,0.952
09:26:03,0.71,0.016,-0.008,0.948
09:26:04,0.71,0.028,0,0.924
09:26:05,0.71,0.02,-0.008,0.944
09:26:06,0.71,0.016,0,0.964
09:26:07,0.71,0.02,-0.004,0.944
09:26:08,0.71,0.016,-0.004,0.944
09:26:09,0.71,0.028,-0.004,0.916
09:26:10,0.71,0.016,-0.008,0.956
09:26:11,0.71,0.02,-0.012,0.976
09:26:12,0.71,0.012,-0.004,0.936
09:26:13,0.71,0.016,0,0.956
09:26:14,0.71,0.02,-0.008,0.948
09:26:15,0.71,0.024,-0.008,0.932
09:26:16,0.71,0.012,0,0.948
09:26:17,0.71,0.024,-0.008,0.948
09:26:18,0.71,0.02,-0.008,0.924
09:26:19,0.71,0.02,-0.004,0.96
09:26:20,0.71,0.024,-0.004,0.928
09:26:21,0.71,0.02,-0.008,0.944
09:26:22,0.71,0.02,-0.012,0.948
09:26:23,0.71,0.02,-0.012,0.944
09:26:24,0.71,0.016,-0.02,0.952
09:26:25,0.71,0.024,-0.008,0.94
09:26:26,0.71,0.012,0,0.96
09:26:27,0.71,0.008,-0.004,0.968
09:26:28,0.71,0.016,-0.008,0.964
09:26:29,0.71,0.04,-0.004,0.924
09:26:30,0.71,0.02,-0.016,0.952
09:26:31,0.71,0.016,-0.008,0.976
09:26:32,0.71,0.02,-0.008,0.948
09:26:33,0.71,0.028,-0.008,0.964
09:26:34,0.71,0.016,-0.016,0.94
09:26:35,0.71,0.012,0,0.948
09:26:36,0.71,0.024,-0.016,0.952
09:26:37,0.71,0.016,-0.016,0.948
09:26:38,0.71,0.016,-0.012,0.932
09:26:39,0.71,0.02,-0.004,0.944
09:26:40,0.71,0.028,-0.016,0.956
09:26:41,0.71,0.024,-0.012,0.94
09:26:42,0.71,0.028,-0.008,0.964
09:26:43,0.71,0.016,0,0.948
09:26:44,0.71,0.02,-0.016,0.932
09:26:45,0.71,0.02,-0.004,0.936
09:26:46,0.71,0.016,-0.004,0.936
09:26:47,0.71,0.012,-0.004,0.944
09:26:48,0.75,0.02,-0.008,0.948
09:26:49,0.71,0.016,-0.008,0.956
09:26:50,0.71,0.016,-0.016,0.952
09:26:51,0.71,0.024,-0.008,0.94
09:26:52,0.71,0.02,-0.012,0.944
09:26:53,0.71,0.024,-0.008,0.928
09:26:54,0.71,0.02,0,0.94
09:26:55,0.71,0.016,-0.016,0.972
09:26:56,0.71,0.016,-0.004,0.952
09:26:57,0.71,0.012,-0.012,0.968
09:26:58,0.71,0.028,-0.008,0.944
09:26:59,0.71,0.008,-0.012,0.932
09:27:00,0.71,0.028,-0.008,0.948
09:27:01,0.71,0.02,-0.004,0.96
09:27:02,0.71,0.012,-0.016,0.964
09:27:03,0.71,0.012,-0.004,0.932
09:27:04,0.71,0.016,-0.004,0.956
09:27:05,0.71,0.024,-0.02,0.932
09:27:06,0.71,0.028,-0.004,0.956
09:27:07,0.71,0.032,-0.004,0.96
09:27:08,0.71,0.02,-0.004,0.944
09:27:09,0.71,0.024,-0.008,0.968
09:27:10,0.71,0.016,-0.004,0.956
09:27:11,0.71,0.016,-0.004,0.956
09:27:12,0.71,0.016,-0.012,0.944
09:27:13,0.71,0.012,-0.004,0.952
09:27:14,0.71,0.032,-0.008,0.944
09:27:15,0.71,0.012,-0.004,0.924
09:27:16,0.71,0.024,-0.008,0.936
09:27:17,0.71,0.024,-0.012,0.932
09:27:18,0.71,0.012,-0.008,0.964
09:27:19,0.71,0.02,-0.012,0.968
09:27:20,0.71,0.024,-0.008,0.952
09:27:21,0.71,0.02,-0.012,0.944
09:27:22,0.71,0.016,-0.016,0.932
09:27:23,0.71,0.008,-0.008,0.936
09:27:24,0.71,0.028,-0.012,0.944
09:27:25,0.71,0.016,-0.004,0.956
09:27:26,0.71,0.016,0,0.944
09:27:27,0.71,0.02,0,0.956
09:27:28,0.71,0.02,-0.008,0.952
09:27:29,0.71,0.004,-0.008,0.96
09:27:30,0.75,0.012,-0.012,0.952
09:27:31,0.75,0.024,-0.016,0.948
09:27:32,0.71,0.024,-0.012,0.956
09:27:33,0.71,0.012,-0.004,0.948
09:27:34,0.71,0.02,-0.008,0.948
09:27:35,0.71,0.024,-0.008,0.948
09:27:36,0.71,0.02,-0.008,0.94
09:27:37,0.71,0.012,-0.004,0.94
09:27:38,0.71,0.024,-0.008,0.944
09:27:39,0.71,0.016,-0.016,0.952
09:27:40,0.71,0.012,-0.008,0.944
09:27:41,0.75,0.016,-0.012,0.952
09:27:42,0.71,0.02,-0.012,0.948
09:27:43,0.71,0.016,-0.012,0.956
09:27:44,0.71,0.02,0.004,0.952
09:27:45,0.71,0.012,0,0.964
09:27:46,0.71,0.016,-0.008,0.952
09:27:47,0.75,0.02,0,0.932
09:27:48,0.71,0.016,-0.012,0.948
09:27:49,0.71,0.036,0,0.948
09:27:50,0.71,0.02,-0.008,0.948
09:27:51,0.71,0.02,-0.016,0.964
09:27:52,0.71,0.024,-0.008,0.964
09:27:53,0.71,0.016,-0.016,0.936
09:27:54,0.71,0.024,-0.008,0.944
09:27:55,0.71,0.008,-0.012,0.94
09:27:56,0.71,0.016,-0.012,0.948
09:27:57,0.71,0.02,-0.008,0.948
09:27:58,0.71,0.02,-0.004,0.936
09:27:59,0.71,0.016,-0.008,0.944
09:28:00,0.71,0.012,-0.004,0.956
09:28:01,0.71,0.012,-0.008,0.956
09:28:02,0.71,0.016,-0.012,0.944
09:28:03,0.71,0.02,-0.008,0.948
09:28:04,0.71,0.032,-0.004,0.932
09:28:05,0.71,0.02,-0.012,0.936
09:28:06,0.71,0.02,-0.004,0.94
09:28:07,0.71,0.02,-0.004,0.948
09:28:08,0.71,0.024,-0.004,0.952
09:28:09,0.71,0.02,0,0.948
09:28:10,0.71,0.024,0,0.928
09:28:11,0.71,0.008,-0.004,0.964
09:28:12,0.71,0.02,-0.004,0.952
09:28:13,0.71,0.02,-0.012,0.94
09:28:14,0.71,0.012,-0.008,0.948
09:28:15,0.71,0.024,-0.008,0.956
09:28:16,0.71,0.02,0,0.928
09:28:17,0.71,0.004,-0.012,0.94
09:28:18,0.71,0.02,-0.008,0.952
09:28:19,0.71,0.016,-0.004,0.944
09:28:20,0.71,0.016,0,0.948
09:28:21,0.71,0.012,-0.008,0.952
09:28:22,0.71,0.016,-0.012,0.94
09:28:23,0.71,0.02,0,0.94
09:28:24,0.71,0.012,-0.012,0.932
09:28:25,0.71,0.016,-0.012,0.944
09:28:26,0.71,0.012,-0.012,0.944
09:28:27,0.71,0.024,-0.012,0.972
09:28:28,0.71,0.028,-0.008,0.932
09:28:29,0.75,0.02,-0.008,0.932
09:28:30,0.71,0.024,-0.012,0.948
09:28:31,0.71,0.024,-0.008,0.96
09:28:32,0.71,0.024,-0.016,0.92
09:28:33,0.71,0.016,-0.012,0.964
09:28:34,0.75,0.012,-0.004,0.956
09:28:35,0.71,0.016,-0.012,0.94
09:28:36,0.71,0.012,-0.004,0.956
09:28:37,0.71,0.016,-0.008,0.944
09:28:38,0.71,0.02,-0.012,0.936
09:28:39,0.71,0.012,-0.016,0.96
09:28:40,0.71,0.016,-0.008,0.944
09:28:41,0.71,0.02,-0.008,0.944
09:28:42,0.71,0.024,-0.016,0.948
09:28:43,0.71,0.032,-0.008,0.952
09:28:44,0.75,0.02,-0.008,0.948
09:28:45,0.71,0.024,-0.008,0.964
09:28:46,0.71,0.02,-0.008,0.94
09:28:47,0.71,0.016,0,0.952
09:28:48,0.71,0.024,-0.008,0.944
09:28:49,0.71,0.02,0.004,0.948
09:28:50,0.71,0.02,-0.016,0.952
09:28:51,0.71,0.032,-0.004,0.948
09:28:52,0.71,0.028,-0.008,0.952
09:28:53,0.71,0.02,-0.008,0.956
09:28:54,0.71,0.004,-0.004,0.956
09:28:55,0.71,0.012,-0.004,0.952
09:28:56,0.71,0.028,-0.012,0.932
09:28:57,0.71,0.032,-0.004,0.944
09:28:58,0.71,0.02,-0.016,0.948
09:28:59,0.68,0.016,-0.008,0.96
09:29:00,0.68,0.024,-0.008,0.936
09:29:01,0.71,0.016,-0.008,0.956
09:29:02,0.71,0.02,-0.008,0.952
09:29:03,0.71,0.028,-0.012,0.96
09:29:04,0.71,0.02,-0.012,0.952
09:29:05,0.71,0.024,-0.012,0.944
09:29:06,0.71,0.02,-0.012,0.952
09:29:07,0.71,0.012,-0.008,0.936
09:29:08,0.71,0.024,-0.008,0.936
09:29:09,0.71,0.024,-0.016,0.936
09:29:10,0.71,0.016,-0.004,0.952
09:29:11,0.71,0.024,-0.012,0.948
09:29:12,0.71,0.024,-0.008,0.928
09:29:13,0.71,0.024,-0.008,0.932
09:29:14,0.71,0.02,-0.016,0.944
09:29:15,0.71,0.016,-0.008,0.96
09:29:16,0.71,0,-0.012,0.904
09:29:17,0.68,0.012,0,0.936
09:29:18,0.71,0.008,0,0.952
09:29:19,0.71,0.028,-0.012,0.952
09:29:20,0.68,0.02,-0.004,0.936
09:29:21,0.71,0.02,-0.004,0.96
09:29:22,0.68,0.012,-0.004,0.948
09:29:23,0.71,0.02,-0.016,0.952
09:29:24,0.71,0.02,0,0.952
09:29:25,0.71,0.016,-0.008,0.948
09:29:26,0.71,0.016,-0.012,0.94
09:29:27,0.71,0.02,-0.008,0.964
09:29:28,0.71,0.02,-0.008,0.952
09:29:29,0.71,0.016,-0.016,0.932
09:29:30,0.71,0.016,-0.004,0.928
09:29:31,0.68,0.02,-0.004,0.944
09:29:32,0.71,0.02,-0.004,0.932
09:29:33,0.68,0.02,-0.004,0.96
09:29:34,0.71,0.016,-0.004,0.952
09:29:35,0.68,0.016,-0.008,0.948
09:29:36,0.71,0.02,-0.004,0.96
09:29:37,0.71,0.016,-0.004,0.952
09:29:38,0.71,0.012,-0.008,0.948
09:29:39,0.68,0.02,-0.004,0.964
09:29:40,0.71,0.016,-0.004,0.956
09:29:41,0.71,0.012,-0.008,0.932
09:29:42,0.68,0.012,-0.012,0.948
09:29:43,0.68,0.024,-0.004,0.948
09:29:44,0.68,0.02,-0.012,0.944
09:29:45,0.71,0.02,-0.004,0.932
09:29:46,0.71,0.02,0,0.948
09:29:47,0.68,0.008,-0.012,0.952
09:29:48,0.71,0.012,-0.004,0.948
09:29:49,0.68,0.024,-0.008,0.952
09:29:50,0.68,0.008,-0.004,0.96
09:29:51,0.71,0.024,-0.004,0.956
09:29:52,0.71,0.012,-0.008,0.944
09:29:53,0.68,0.016,-0.016,0.96
09:29:54,0.68,0.028,-0.008,0.952
09:29:55,0.71,0.016,-0.004,0.944
09:29:56,0.71,0.016,-0.004,0.916
09:29:57,0.71,0.012,-0.02,0.952
09:29:58,0.68,0.024,-0.008,0.932
09:29:59,0.71,0.008,-0.012,0.952
09:30:00,0.71,0.024,-0.008,0.948
09:30:01,0.71,0.028,-0.008,0.936
09:30:02,0.71,0.02,0,0.952
09:30:03,0.71,0.024,-0.012,0.952
09:30:04,0.71,0.02,-0.028,0.952
09:30:05,0.71,0.024,-0.008,0.944
09:30:06,0.71,0.016,-0.012,0.924
09:30:07,0.71,0.016,-0.012,0.972
09:30:08,0.71,0.024,0.008,0.952
09:30:09,0.71,0.012,-0.008,0.956
09:30:10,0.71,0.02,-0.004,0.94
09:30:11,0.71,0.024,-0.004,0.956
09:30:12,0.71,0.012,-0.004,0.94
09:30:13,0.71,0.024,-0.004,0.94
09:30:14,0.71,0.012,-0.008,0.952
09:30:15,0.71,0.02,-0.024,0.952
09:30:16,0.71,0.024,-0.008,0.956
09:30:17,0.71,0.024,-0.004,0.956
09:30:18,0.71,0.024,-0.012,0.944
09:30:19,0.71,0.028,-0.012,0.928
09:30:20,0.71,0.012,-0.004,0.956
09:30:21,0.71,0.016,-0.004,0.952
09:30:22,0.71,0.024,-0.008,0.932
09:30:23,0.68,0.024,0.004,0.956
09:30:24,0.68,0.024,-0.012,0.956
09:30:25,0.71,0.02,-0.004,0.956
09:30:26,0.71,0.016,-0.008,0.944
09:30:27,0.71,0.016,-0.008,0.948
09:30:28,0.71,0.02,0.004,0.928
09:30:29,0.71,0.02,-0.004,0.948
09:30:30,0.71,0.02,0.004,0.932
09:30:31,0.71,0.02,-0.004,0.944
09:30:32,0.71,0.024,-0.012,0.952
09:30:33,0.68,0.028,-0.016,0.924
09:30:34,0.71,0.016,-0.012,0.964
09:30:35,0.71,0.016,0,0.948
09:30:36,0.68,0.02,-0.008,0.948
09:30:37,0.68,0.024,-0.016,0.952
09:30:38,0.71,0.02,-0.004,0.952
09:30:39,0.71,0.008,-0.008,0.94
09:30:40,0.71,0.012,0,0.94
09:30:41,0.71,0.016,-0.004,0.912
09:30:42,0.71,0.012,-0.004,0.94
09:30:43,0.71,0.012,-0.004,0.932
09:30:44,0.71,0.028,-0.008,0.956
09:30:45,0.68,0.012,-0.012,0.936
09:30:46,0.71,0.02,-0.008,0.936
09:30:47,0.71,0.024,0,0.94
09:30:48,0.71,0.012,-0.012,0.956
09:30:49,0.71,0.028,-0.004,0.956
09:30:50,0.71,0.016,0,0.956
09:30:51,0.71,0.016,-0.004,0.936
09:30:52,0.71,0.016,-0.004,0.956
09:30:53,0.71,0.024,-0.008,0.956
09:30:54,0.71,0.016,-0.012,0.936
09:30:55,0.71,0.008,-0.012,0.94
09:30:56,0.68,0.024,-0.02,0.956
09:30:57,0.71,0.024,-0.012,0.944
09:30:58,0.71,0.02,-0.012,0.956
09:30:59,0.71,0.016,-0.02,0.948
09:31:00,0.71,0.016,-0.004,0.952
09:31:01,0.71,0.016,-0.004,0.952
09:31:02,0.68,0.012,-0.016,0.944
09:31:03,0.71,0.016,-0.008,0.952
09:31:04,0.68,0.016,-0.004,0.952
09:31:05,0.68,0.02,-0.004,0.94
09:31:06,0.68,0.016,-0.016,0.944
09:31:07,0.68,0.012,-0.004,0.96
09:31:08,0.68,0.024,0,0.948
09:31:09,0.68,0.016,-0.004,0.944
09:31:10,0.68,0.016,-0.008,0.964
09:31:11,0.71,0.012,-0.008,0.956
09:31:12,0.71,0.02,-0.012,0.944
09:31:13,0.71,0.016,0,0.956
09:31:14,0.68,0.02,-0.016,0.944
09:31:15,0.71,0.02,-0.012,0.952
09:31:16,0.71,0.012,-0.016,0.94
09:31:17,0.68,0.028,-0.012,0.948
09:31:18,0.68,0.024,-0.008,0.944
09:31:19,0.71,0.008,-0.016,0.948
09:31:20,0.71,0.024,0,0.952
09:31:21,0.71,0.02,-0.012,0.94
09:31:22,0.68,0.02,-0.004,0.952
09:31:23,0.71,0.012,-0.008,0.948
09:31:24,0.68,0.02,-0.012,0.96
09:31:25,0.71,0.016,-0.008,0.956
09:31:26,0.71,0.02,0,0.932
09:31:27,0.71,0.024,-0.004,0.952
09:31:28,0.71,0.024,-0.008,0.944
09:31:29,0.68,0.028,-0.004,0.952
09:31:30,0.68,0.012,-0.012,0.956
09:31:31,0.68,0.024,-0.012,0.948
09:31:32,0.71,0.028,-0.016,0.94
09:31:33,0.68,0.02,-0.012,0.928
09:31:34,0.68,0.016,-0.004,0.944
09:31:35,0.68,0.02,-0.02,0.952
09:31:36,0.68,0.016,-0.012,0.964
09:31:37,0.68,0.024,-0.008,0.976
09:31:38,0.68,0.012,-0.016,0.96
09:31:39,0.68,0.016,-0.012,0.948
09:31:40,0.68,0.016,-0.008,0.948
09:31:41,0.71,0.016,-0.008,0.944
09:31:42,0.68,0.028,-0.004,0.964
09:31:43,0.71,0.016,-0.008,0.956
09:31:44,0.68,0.016,-0.004,0.96
09:31:45,0.68,0.012,-0.008,0.972
09:31:46,0.71,0.012,-0.008,0.944
09:31:47,0.71,0.02,0,0.944
09:31:48,0.68,0.024,-0.004,0.96
09:31:49,0.68,0.02,0,0.948
09:31:50,0.68,0.02,-0.016,0.964
09:31:51,0.71,0.028,-0.004,0.948
09:31:52,0.68,0.016,-0.016,0.952
09:31:53,0.71,0.028,-0.008,0.952
09:31:54,0.71,0.02,-0.004,0.944
09:31:55,0.68,0.02,-0.008,0.96
09:31:56,0.71,0.02,-0.008,0.952
09:31:57,0.71,0.028,-0.012,0.948
09:31:58,0.71,0.02,-0.012,0.944
09:31:59,0.68,0.028,-0.008,0.932
09:32:00,0.68,0.02,-0.012,0.948
09:32:01,0.71,0.024,-0.012,0.944
09:32:02,0.71,0.008,-0.004,0.96
09:32:03,0.71,0.024,-0.004,0.952
09:32:04,0.71,0.016,-0.012,0.952
09:32:05,0.71,0.02,-0.004,0.92
09:32:06,0.71,0.012,-0.004,0.956
09:32:07,0.71,0.032,0,0.928
09:32:08,0.71,0.008,-0.012,0.948
09:32:09,0.71,0.032,-0.004,0.904
09:32:10,0.71,0.032,-0.012,0.96
09:32:11,0.71,0.024,-0.012,0.952
09:32:12,0.71,0.016,-0.008,0.948
09:32:13,0.68,0.028,-0.016,0.952
09:32:14,0.71,0.024,0,0.952
09:32:15,0.71,0.016,-0.004,0.948
09:32:16,0.71,0.012,0,0.952
09:32:17,0.71,0.028,-0.008,0.952
09:32:18,0.68,0.024,-0.008,0.948
09:32:19,0.68,0.016,-0.012,0.944
09:32:20,0.68,0.024,0.008,0.94
09:32:21,0.68,0.012,-0.012,0.952
09:32:22,0.68,0.032,-0.008,0.944
09:32:23,0.71,0.02,-0.004,0.96
09:32:24,0.68,0.032,-0.012,0.952
09:32:25,0.68,0.008,-0.012,0.92
09:32:26,0.68,0.02,-0.012,0.928
09:32:27,0.68,0.028,-0.012,0.968
09:32:28,0.68,0.02,-0.008,0.96
09:32:29,0.68,0.012,-0.004,0.936
09:32:30,0.71,0.016,-0.012,0.936
09:32:31,0.68,0.024,0,0.948
09:32:32,0.68,0.032,-0.012,0.944
09:32:33,0.68,0.02,-0.012,0.944
09:32:34,0.68,0.016,0,0.94
09:32:35,0.68,0.008,-0.004,0.952
09:32:36,0.68,0.024,-0.012,0.944
09:32:37,0.68,0.012,-0.004,0.944
09:32:38,0.68,0.012,-0.008,0.948
09:32:39,0.68,0.02,-0.004,0.948
09:32:40,0.68,0.02,-0.012,0.948
09:32:41,0.68,0.016,-0.012,0.956
09:32:42,0.68,0.024,0,0.956
09:32:43,0.68,0.012,-0.004,0.948
09:32:44,0.68,0.02,-0.008,0.936
09:32:45,0.68,0.02,-0.012,0.948
09:32:46,0.71,0.024,-0.012,0.94
09:32:47,0.68,0.028,-0.008,0.96
09:32:48,0.68,0.032,-0.012,0.94
09:32:49,0.68,0.016,-0.008,0.952
09:32:50,0.68,0.02,-0.004,0.96
09:32:51,0.68,0.016,-0.004,0.952
09:32:52,0.71,0.02,-0.004,0.956
09:32:53,0.68,0.016,-0.012,0.944
09:32:54,0.68,0.024,-0.012,0.952
09:32:55,0.68,0.016,-0.004,0.952
09:32:56,0.68,0.012,-0.004,0.936
09:32:57,0.71,0.024,-0.012,0.936
09:32:58,0.68,0.028,-0.008,0.944
09:32:59,0.68,0.028,-0.008,0.928
09:33:00,0.68,0.028,0,0.948
09:33:01,0.68,0.024,0,0.936
09:33:02,0.68,0.028,-0.016,0.94
09:33:03,0.68,0.02,0,0.956
09:33:04,0.68,0.02,-0.008,0.94
09:33:05,0.68,0.028,-0.004,0.956
09:33:06,0.68,0.016,-0.016,0.952
09:33:07,0.68,0.016,-0.012,0.952
09:33:08,0.68,0.012,0,0.96
09:33:09,0.68,0.028,0.004,0.948
09:33:10,0.68,0.028,-0.008,0.956
09:33:11,0.68,0.024,-0.012,0.944
09:33:12,0.68,0.02,-0.004,0.94
09:33:13,0.68,0.02,-0.012,0.964
09:33:14,0.68,0.012,-0.004,0.964
09:33:15,0.68,0.012,-0.008,0.944
09:33:16,0.68,0.012,0,0.948
09:33:17,0.68,0.016,0,0.956
09:33:18,0.68,0.02,-0.016,0.948
09:33:19,0.68,0.016,-0.008,0.94
09:33:20,0.68,0.024,-0.008,0.952
09:33:21,0.68,0.016,-0.012,0.96
09:33:22,0.68,0.02,-0.004,0.948
09:33:23,0.68,0.02,-0.012,0.952
09:33:24,0.68,0.032,-0.008,0.956
09:33:25,0.68,0.02,-0.004,0.944
09:33:26,0.68,0.024,-0.012,0.952
09:33:27,0.68,0.016,-0.012,0.96
09:33:28,0.68,0.008,-0.004,0.956
09:33:29,0.68,0.028,0,0.944
09:33:30,0.68,0.008,-0.004,0.932
09:33:31,0.68,0.008,-0.008,0.944
09:33:32,0.68,0.024,-0.008,0.956
09:33:33,0.68,0.012,-0.004,0.948
09:33:34,0.68,0.016,-0.008,0.94
09:33:35,0.68,0.012,-0.012,0.928
09:33:36,0.68,0.024,-0.012,0.956
09:33:37,0.68,0.016,-0.016,0.956
09:33:38,0.68,0.016,-0.008,0.94
09:33:39,0.68,0.016,0,0.944
09:33:40,1.56,0.2,1.084,-0.436
09:33:41,0.68,-0.04,0.856,-0.228
09:33:42,0.68,-0.228,0.332,-0.488
09:33:43,0.68,-0.108,0.536,-0.676
09:33:44,0.68,-0.548,0.528,-1.052
09:33:45,0.68,-0.62,0.648,-1.152
09:33:46,0.71,-0.66,0.832,-1.188
09:33:47,0.71,-0.7,0.868,-1.084
09:33:48,0.68,0.104,0.624,-0.828
09:33:49,0.71,-0.02,0.116,-0.876
09:33:50,0.68,0.56,0.572,-0.172
09:33:51,0.68,0.9,0.744,-0.08
09:33:52,0.71,-0.46,1.016,-0.428
09:33:53,0.71,0,0.152,-0.176
09:33:54,0.71,-0.384,0.472,-0.396
09:33:55,0.68,-0.016,-0.696,-0.92
09:33:56,0.68,-0.596,-0.98,-0.08
09:33:57,0.71,-0.968,-0.276,0.132
09:33:58,0.75,-0.184,-0.848,-0.572
09:33:59,0.71,0.624,-0.592,-0.752
09:34:00,0.68,0.504,-0.976,0.308
09:34:01,0.68,-0.036,-0.58,-0.844
09:34:02,0.68,-0.416,-0.1,-0.912
09:34:03,0.68,-0.468,0.004,-0.916
09:34:04,0.68,-0.412,0.112,-0.964
09:34:05,0.68,-0.408,0.22,-0.916
09:34:06,0.68,-0.384,0.196,-0.972
09:34:07,0.68,-0.476,0.252,-0.896
09:34:08,0.68,0.06,-0.096,-1.092
09:34:09,0.68,1.964,2.112,-2.612
09:34:10,0.68,0.852,-0.084,1.656
09:34:11,0.68,-0.392,0.336,0.748
09:34:12,0.68,-0.256,0.488,0.796
09:34:13,0.68,-0.348,0.432,0.772
09:34:14,0.68,0.444,0.048,0.824
09:34:15,0.68,0.02,0.016,0.952
09:34:16,0.68,0.02,0.016,0.96
09:34:17,0.68,0.012,0.012,0.956
09:34:18,0.68,0.016,0.012,0.956
09:34:19,0.68,0.02,0.02,0.952
09:34:20,0.68,0.016,0.012,0.952
09:34:21,0.68,0.016,0.012,0.948
09:34:22,0.68,0.016,0.012,0.948
09:34:23,0.68,0.016,0.016,0.952
09:34:24,0.68,0.016,0.012,0.948
09:34:25,0.68,0.016,0.012,0.96
09:34:26,0.68,0.016,0.008,0.956
09:34:27,0.68,0.016,0.008,0.96
09:34:28,0.71,0.012,0.008,0.96
09:34:29,0.68,0.016,0.012,0.948
09:34:30,0.68,0.008,0.016,0.952
09:34:31,0.71,0.008,0.024,0.94
09:34:32,0.68,0.016,0.012,0.94
09:34:33,0.68,0.008,0.008,0.948
09:34:34,0.68,0.008,0.012,0.956
09:34:35,0.71,0.016,0.02,0.964
09:34:36,0.71,0.02,0.02,0.96
09:34:37,0.68,0.02,0.02,0.96
09:34:38,0.68,0.028,0.024,0.956
09:34:39,0.68,0.016,0.02,0.948
09:34:40,0.71,0.008,0.016,0.944
09:34:41,0.71,0.016,0.008,0.936
09:34:42,0.71,0.012,0.012,0.952
09:34:43,0.71,0.008,0.02,0.948
09:34:44,0.71,0.008,0.028,0.952
09:34:45,0.71,0.012,0.028,0.96
09:34:46,0.71,0.02,0.028,0.956
09:34:47,0.68,0.02,0.024,0.952
09:34:48,0.68,0.02,0.016,0.948
09:34:49,0.68,0.012,0.028,0.952
09:34:50,0.68,0.024,0.024,0.956
09:34:51,0.71,0.024,0.028,0.948
09:34:52,0.68,0.016,0.028,0.944
09:34:53,0.71,0.008,0.024,0.952
09:34:54,0.71,0.008,0.016,0.948
09:34:55,0.71,0.008,0.024,0.956
09:34:56,0.68,0.008,0.016,0.956
09:34:57,0.71,0.008,0.016,0.956
09:34:58,0.68,0.004,0.016,0.956
09:34:59,0.75,0.02,0.016,0.956
